example_id	label	query_group	context_id	example_type	pam3	mobile_nearby	model	cv_fold	oof_probability	predicted_label_0.5
POS_ICCTX001	1	ASP000006	ICCTX001	observed_target	TTC	1	pam_only	1	0.9495761765401585	1
NEG_ICCTX001_001	0	ASP000006	ICCTX001	matched_random_locus	CTA	1	pam_only	1	0.008781521421495719	0
NEG_ICCTX001_002	0	ASP000006	ICCTX001	matched_random_locus	TCT	1	pam_only	1	0.0016081001144509866	0
NEG_ICCTX001_003	0	ASP000006	ICCTX001	matched_random_locus	TTA	1	pam_only	1	0.4350527572111645	0
NEG_ICCTX001_004	0	ASP000006	ICCTX001	matched_random_locus	GAG	1	pam_only	1	0.00010825566889529983	0
NEG_ICCTX001_005	0	ASP000006	ICCTX001	matched_random_locus	AAA	1	pam_only	1	0.002356840722796148	0
NEG_ICCTX001_006	0	ASP000006	ICCTX001	matched_random_locus	TAT	0	pam_only	1	0.008871555535386096	0
NEG_ICCTX001_007	0	ASP000006	ICCTX001	matched_random_locus	GGC	1	pam_only	1	0.0025077924995346233	0
NEG_ICCTX001_008	0	ASP000006	ICCTX001	matched_random_locus	ATC	0	pam_only	1	0.4592163460195063	0
NEG_ICCTX001_009	0	ASP000006	ICCTX001	matched_random_locus	TGG	1	pam_only	1	0.0013591452171399655	0
NEG_ICCTX001_010	0	ASP000006	ICCTX001	matched_random_locus	CGA	1	pam_only	1	9.465495152255883e-05	0
NEG_ICCTX001_011	0	ASP000006	ICCTX001	matched_random_locus	TTA	0	pam_only	1	0.4350527572111645	0
NEG_ICCTX001_012	0	ASP000006	ICCTX001	matched_random_locus	CTT	0	pam_only	1	0.0015113257964377057	0
NEG_ICCTX001_013	0	ASP000006	ICCTX001	matched_random_locus	AAA	0	pam_only	1	0.002356840722796148	0
NEG_ICCTX001_014	0	ASP000006	ICCTX001	matched_random_locus	ATT	1	pam_only	1	0.005897656206686792	0
NEG_ICCTX001_015	0	ASP000006	ICCTX001	matched_random_locus	TAC	0	pam_only	1	0.561633282725487	1
NEG_ICCTX001_016	0	ASP000006	ICCTX001	matched_random_locus	AGC	0	pam_only	1	0.008991973672502634	0
NEG_ICCTX001_017	0	ASP000006	ICCTX001	matched_random_locus	GTC	1	pam_only	1	0.19047155554961231	0
NEG_ICCTX001_018	0	ASP000006	ICCTX001	matched_random_locus	CTG	0	pam_only	1	0.0014631972607049982	0
NEG_ICCTX001_019	0	ASP000006	ICCTX001	matched_random_locus	TGC	1	pam_only	1	0.16751526460936092	0
NEG_ICCTX001_020	0	ASP000006	ICCTX001	matched_random_locus	CAT	1	pam_only	1	0.00010296543513282781	0
NEG_ICCTX001_021	0	ASP000006	ICCTX001	matched_random_locus	ATG	0	pam_only	1	0.005710642808942421	0
NEG_ICCTX001_022	0	ASP000006	ICCTX001	matched_random_locus	CTA	0	pam_only	1	0.008781521421495719	0
NEG_ICCTX001_023	0	ASP000006	ICCTX001	matched_random_locus	GCA	0	pam_only	1	0.00011777423289608402	0
NEG_ICCTX001_024	0	ASP000006	ICCTX001	matched_random_locus	CGA	0	pam_only	1	9.465495152255883e-05	0
NEG_ICCTX001_025	0	ASP000006	ICCTX001	matched_random_locus	CAT	0	pam_only	1	0.00010296543513282781	0
NEG_ICCTX001_026	0	ASP000006	ICCTX001	matched_random_locus	AGC	1	pam_only	1	0.008991973672502634	0
NEG_ICCTX001_027	0	ASP000006	ICCTX001	matched_random_locus	GTC	1	pam_only	1	0.19047155554961231	0
NEG_ICCTX001_028	0	ASP000006	ICCTX001	matched_random_locus	AAT	1	pam_only	1	0.00040345428098358436	0
NEG_ICCTX001_029	0	ASP000006	ICCTX001	matched_random_locus	ATC	1	pam_only	1	0.4592163460195063	0
NEG_ICCTX001_030	0	ASP000006	ICCTX001	matched_random_locus	TAT	0	pam_only	1	0.008871555535386096	0
NEG_ICCTX001_031	0	ASP000006	ICCTX001	matched_random_locus	AAA	0	pam_only	1	0.002356840722796148	0
NEG_ICCTX001_032	0	ASP000006	ICCTX001	matched_random_locus	GAA	1	pam_only	1	0.0006541465452899934	0
NEG_ICCTX001_033	0	ASP000006	ICCTX001	matched_random_locus	TGG	1	pam_only	1	0.0013591452171399655	0
NEG_ICCTX001_034	0	ASP000006	ICCTX001	matched_random_locus	CTG	0	pam_only	1	0.0014631972607049982	0
NEG_ICCTX001_035	0	ASP000006	ICCTX001	matched_random_locus	AAA	0	pam_only	1	0.002356840722796148	0
NEG_ICCTX001_036	0	ASP000006	ICCTX001	matched_random_locus	ACA	1	pam_only	1	0.000424925330834466	0
NEG_ICCTX001_037	0	ASP000006	ICCTX001	matched_random_locus	TCG	0	pam_only	1	0.0015568945824440425	0
NEG_ICCTX001_038	0	ASP000006	ICCTX001	matched_random_locus	TGG	1	pam_only	1	0.0013591452171399655	0
NEG_ICCTX001_039	0	ASP000006	ICCTX001	matched_random_locus	CTT	0	pam_only	1	0.0015113257964377057	0
NEG_ICCTX001_040	0	ASP000006	ICCTX001	matched_random_locus	ATT	0	pam_only	1	0.005897656206686792	0
NEG_ICCTX001_041	0	ASP000006	ICCTX001	matched_random_locus	CAA	0	pam_only	1	0.0006023652630953442	0
NEG_ICCTX001_042	0	ASP000006	ICCTX001	matched_random_locus	ACT	1	pam_only	1	7.262401224607109e-05	0
NEG_ICCTX001_043	0	ASP000006	ICCTX001	matched_random_locus	ATG	1	pam_only	1	0.005710642808942421	0
NEG_ICCTX001_044	0	ASP000006	ICCTX001	matched_random_locus	CTG	0	pam_only	1	0.0014631972607049982	0
NEG_ICCTX001_045	0	ASP000006	ICCTX001	matched_random_locus	CAA	1	pam_only	1	0.0006023652630953442	0
NEG_ICCTX001_046	0	ASP000006	ICCTX001	matched_random_locus	CAC	0	pam_only	1	0.014525365092928557	0
NEG_ICCTX001_047	0	ASP000006	ICCTX001	matched_random_locus	GCG	0	pam_only	1	1.94819041734131e-05	0
NEG_ICCTX001_048	0	ASP000006	ICCTX001	matched_random_locus	TTT	1	pam_only	1	0.11627012648100858	0
NEG_ICCTX001_049	0	ASP000006	ICCTX001	matched_random_locus	TTA	0	pam_only	1	0.4350527572111645	0
NEG_ICCTX001_050	0	ASP000006	ICCTX001	matched_random_locus	ATG	1	pam_only	1	0.005710642808942421	0
NEG_ICCTX001_051	0	ASP000006	ICCTX001	matched_random_locus	CGA	1	pam_only	1	9.465495152255883e-05	0
NEG_ICCTX001_052	0	ASP000006	ICCTX001	matched_random_locus	AGA	1	pam_only	1	0.0003708999206218407	0
NEG_ICCTX001_053	0	ASP000006	ICCTX001	matched_random_locus	TGC	0	pam_only	1	0.16751526460936092	0
NEG_ICCTX001_054	0	ASP000006	ICCTX001	matched_random_locus	TTA	1	pam_only	1	0.4350527572111645	0
NEG_ICCTX001_055	0	ASP000006	ICCTX001	matched_random_locus	CCT	1	pam_only	1	1.852978285334881e-05	0
NEG_ICCTX001_056	0	ASP000006	ICCTX001	matched_random_locus	CCC	1	pam_only	1	0.0026452909602086173	0
NEG_ICCTX001_057	0	ASP000006	ICCTX001	matched_random_locus	CCA	1	pam_only	1	0.0001084467896641382	0
NEG_ICCTX001_058	0	ASP000006	ICCTX001	matched_random_locus	AGA	0	pam_only	1	0.0003708999206218407	0
NEG_ICCTX001_059	0	ASP000006	ICCTX001	matched_random_locus	AGA	1	pam_only	1	0.0003708999206218407	0
NEG_ICCTX001_060	0	ASP000006	ICCTX001	matched_random_locus	AGC	1	pam_only	1	0.008991973672502634	0
NEG_ICCTX001_061	0	ASP000006	ICCTX001	matched_random_locus	CGG	0	pam_only	1	1.565727124882104e-05	0
NEG_ICCTX001_062	0	ASP000006	ICCTX001	matched_random_locus	TGC	1	pam_only	1	0.16751526460936092	0
NEG_ICCTX001_063	0	ASP000006	ICCTX001	matched_random_locus	CCT	0	pam_only	1	1.852978285334881e-05	0
NEG_ICCTX001_064	0	ASP000006	ICCTX001	matched_random_locus	TTA	1	pam_only	1	0.4350527572111645	0
NEG_ICCTX001_065	0	ASP000006	ICCTX001	matched_random_locus	TTC	0	pam_only	1	0.9495761765401585	1
NEG_ICCTX001_066	0	ASP000006	ICCTX001	matched_random_locus	ATT	1	pam_only	1	0.005897656206686792	0
NEG_ICCTX001_067	0	ASP000006	ICCTX001	matched_random_locus	AAG	0	pam_only	1	0.0003905923806408869	0
NEG_ICCTX001_068	0	ASP000006	ICCTX001	matched_random_locus	TGC	1	pam_only	1	0.16751526460936092	0
NEG_ICCTX001_069	0	ASP000006	ICCTX001	matched_random_locus	GAA	0	pam_only	1	0.0006541465452899934	0
NEG_ICCTX001_070	0	ASP000006	ICCTX001	matched_random_locus	AAT	0	pam_only	1	0.00040345428098358436	0
NEG_ICCTX001_071	0	ASP000006	ICCTX001	matched_random_locus	AGA	0	pam_only	1	0.0003708999206218407	0
NEG_ICCTX001_072	0	ASP000006	ICCTX001	matched_random_locus	CGT	1	pam_only	1	1.617305265028889e-05	0
NEG_ICCTX001_073	0	ASP000006	ICCTX001	matched_random_locus	GAG	1	pam_only	1	0.00010825566889529983	0
NEG_ICCTX001_074	0	ASP000006	ICCTX001	matched_random_locus	ATT	0	pam_only	1	0.005897656206686792	0
NEG_ICCTX001_075	0	ASP000006	ICCTX001	matched_random_locus	AAT	1	pam_only	1	0.00040345428098358436	0
NEG_ICCTX001_076	0	ASP000006	ICCTX001	matched_random_locus	TAA	1	pam_only	1	0.049782672165701904	0
NEG_ICCTX001_077	0	ASP000006	ICCTX001	matched_random_locus	GCC	1	pam_only	1	0.002872184089761243	0
NEG_ICCTX001_078	0	ASP000006	ICCTX001	matched_random_locus	GTT	1	pam_only	1	0.0016411159804808986	0
NEG_ICCTX001_079	0	ASP000006	ICCTX001	matched_random_locus	CAA	1	pam_only	1	0.0006023652630953442	0
NEG_ICCTX001_080	0	ASP000006	ICCTX001	matched_random_locus	TCC	0	pam_only	1	0.18735256060981464	0
NEG_ICCTX001_081	0	ASP000006	ICCTX001	matched_random_locus	GCT	0	pam_only	1	2.012367399269124e-05	0
NEG_ICCTX001_082	0	ASP000006	ICCTX001	matched_random_locus	CCG	1	pam_only	1	1.793884335852349e-05	0
NEG_ICCTX001_083	0	ASP000006	ICCTX001	matched_random_locus	GGC	1	pam_only	1	0.0025077924995346233	0
NEG_ICCTX001_084	0	ASP000006	ICCTX001	matched_random_locus	TTT	1	pam_only	1	0.11627012648100858	0
NEG_ICCTX001_085	0	ASP000006	ICCTX001	matched_random_locus	TTT	0	pam_only	1	0.11627012648100858	0
NEG_ICCTX001_086	0	ASP000006	ICCTX001	matched_random_locus	GAA	1	pam_only	1	0.0006541465452899934	0
NEG_ICCTX001_087	0	ASP000006	ICCTX001	matched_random_locus	CAC	1	pam_only	1	0.014525365092928557	0
NEG_ICCTX001_088	0	ASP000006	ICCTX001	matched_random_locus	CGA	0	pam_only	1	9.465495152255883e-05	0
NEG_ICCTX001_089	0	ASP000006	ICCTX001	matched_random_locus	TTC	0	pam_only	1	0.9495761765401585	1
NEG_ICCTX001_090	0	ASP000006	ICCTX001	matched_random_locus	CGT	1	pam_only	1	1.617305265028889e-05	0
NEG_ICCTX001_091	0	ASP000006	ICCTX001	matched_random_locus	CCC	0	pam_only	1	0.0026452909602086173	0
NEG_ICCTX001_092	0	ASP000006	ICCTX001	matched_random_locus	TTA	1	pam_only	1	0.4350527572111645	0
NEG_ICCTX001_093	0	ASP000006	ICCTX001	matched_random_locus	AAA	1	pam_only	1	0.002356840722796148	0
NEG_ICCTX001_094	0	ASP000006	ICCTX001	matched_random_locus	TAA	0	pam_only	1	0.049782672165701904	0
NEG_ICCTX001_095	0	ASP000006	ICCTX001	matched_random_locus	AAC	1	pam_only	1	0.05461640033588182	0
NEG_ICCTX001_096	0	ASP000006	ICCTX001	matched_random_locus	GTG	1	pam_only	1	0.0015888608219470244	0
NEG_ICCTX001_097	0	ASP000006	ICCTX001	matched_random_locus	AGA	0	pam_only	1	0.0003708999206218407	0
NEG_ICCTX001_098	0	ASP000006	ICCTX001	matched_random_locus	GCT	1	pam_only	1	2.012367399269124e-05	0
NEG_ICCTX001_099	0	ASP000006	ICCTX001	matched_random_locus	CTG	0	pam_only	1	0.0014631972607049982	0
NEG_ICCTX001_100	0	ASP000006	ICCTX001	matched_random_locus	GCG	1	pam_only	1	1.94819041734131e-05	0
POS_ICCTX002	1	ASP000006	ICCTX002	observed_target	TTC	1	pam_only	1	0.9495761765401585	1
NEG_ICCTX002_001	0	ASP000006	ICCTX002	matched_random_locus	TTA	0	pam_only	1	0.4350527572111645	0
NEG_ICCTX002_002	0	ASP000006	ICCTX002	matched_random_locus	ATT	0	pam_only	1	0.005897656206686792	0
NEG_ICCTX002_003	0	ASP000006	ICCTX002	matched_random_locus	TGC	0	pam_only	1	0.16751526460936092	0
NEG_ICCTX002_004	0	ASP000006	ICCTX002	matched_random_locus	ACT	0	pam_only	1	7.262401224607109e-05	0
NEG_ICCTX002_005	0	ASP000006	ICCTX002	matched_random_locus	GGT	0	pam_only	1	1.7564226605127556e-05	0
NEG_ICCTX002_006	0	ASP000006	ICCTX002	matched_random_locus	TTT	0	pam_only	1	0.11627012648100858	0
NEG_ICCTX002_007	0	ASP000006	ICCTX002	matched_random_locus	CTG	1	pam_only	1	0.0014631972607049982	0
NEG_ICCTX002_008	0	ASP000006	ICCTX002	matched_random_locus	CTT	1	pam_only	1	0.0015113257964377057	0
NEG_ICCTX002_009	0	ASP000006	ICCTX002	matched_random_locus	GGG	0	pam_only	1	1.7004079463542807e-05	0
NEG_ICCTX002_010	0	ASP000006	ICCTX002	matched_random_locus	CCC	0	pam_only	1	0.0026452909602086173	0
NEG_ICCTX002_011	0	ASP000006	ICCTX002	matched_random_locus	TCA	0	pam_only	1	0.009339471829794522	0
NEG_ICCTX002_012	0	ASP000006	ICCTX002	matched_random_locus	TTG	1	pam_only	1	0.11298099262184173	0
NEG_ICCTX002_013	0	ASP000006	ICCTX002	matched_random_locus	GGA	0	pam_only	1	0.00010279628899412855	0
NEG_ICCTX002_014	0	ASP000006	ICCTX002	matched_random_locus	TGC	1	pam_only	1	0.16751526460936092	0
NEG_ICCTX002_015	0	ASP000006	ICCTX002	matched_random_locus	GCA	0	pam_only	1	0.00011777423289608402	0
NEG_ICCTX002_016	0	ASP000006	ICCTX002	matched_random_locus	GAG	0	pam_only	1	0.00010825566889529983	0
NEG_ICCTX002_017	0	ASP000006	ICCTX002	matched_random_locus	TAC	0	pam_only	1	0.561633282725487	1
NEG_ICCTX002_018	0	ASP000006	ICCTX002	matched_random_locus	GCT	1	pam_only	1	2.012367399269124e-05	0
NEG_ICCTX002_019	0	ASP000006	ICCTX002	matched_random_locus	CTT	0	pam_only	1	0.0015113257964377057	0
NEG_ICCTX002_020	0	ASP000006	ICCTX002	matched_random_locus	GGA	0	pam_only	1	0.00010279628899412855	0
NEG_ICCTX002_021	0	ASP000006	ICCTX002	matched_random_locus	GCT	0	pam_only	1	2.012367399269124e-05	0
NEG_ICCTX002_022	0	ASP000006	ICCTX002	matched_random_locus	TCC	0	pam_only	1	0.18735256060981464	0
NEG_ICCTX002_023	0	ASP000006	ICCTX002	matched_random_locus	TCC	0	pam_only	1	0.18735256060981464	0
NEG_ICCTX002_024	0	ASP000006	ICCTX002	matched_random_locus	AGC	0	pam_only	1	0.008991973672502634	0
NEG_ICCTX002_025	0	ASP000006	ICCTX002	matched_random_locus	TCT	0	pam_only	1	0.0016081001144509866	0
NEG_ICCTX002_026	0	ASP000006	ICCTX002	matched_random_locus	CAC	0	pam_only	1	0.014525365092928557	0
NEG_ICCTX002_027	0	ASP000006	ICCTX002	matched_random_locus	CTC	0	pam_only	1	0.17807150091860427	0
NEG_ICCTX002_028	0	ASP000006	ICCTX002	matched_random_locus	GTG	0	pam_only	1	0.0015888608219470244	0
NEG_ICCTX002_029	0	ASP000006	ICCTX002	matched_random_locus	TCA	0	pam_only	1	0.009339471829794522	0
NEG_ICCTX002_030	0	ASP000006	ICCTX002	matched_random_locus	TAT	0	pam_only	1	0.008871555535386096	0
NEG_ICCTX002_031	0	ASP000006	ICCTX002	matched_random_locus	CGA	0	pam_only	1	9.465495152255883e-05	0
NEG_ICCTX002_032	0	ASP000006	ICCTX002	matched_random_locus	TTA	0	pam_only	1	0.4350527572111645	0
NEG_ICCTX002_033	0	ASP000006	ICCTX002	matched_random_locus	ACG	0	pam_only	1	7.030805690486522e-05	0
NEG_ICCTX002_034	0	ASP000006	ICCTX002	matched_random_locus	GCT	0	pam_only	1	2.012367399269124e-05	0
NEG_ICCTX002_035	0	ASP000006	ICCTX002	matched_random_locus	AGC	0	pam_only	1	0.008991973672502634	0
NEG_ICCTX002_036	0	ASP000006	ICCTX002	matched_random_locus	ACT	0	pam_only	1	7.262401224607109e-05	0
NEG_ICCTX002_037	0	ASP000006	ICCTX002	matched_random_locus	TTG	0	pam_only	1	0.11298099262184173	0
NEG_ICCTX002_038	0	ASP000006	ICCTX002	matched_random_locus	CAA	0	pam_only	1	0.0006023652630953442	0
NEG_ICCTX002_039	0	ASP000006	ICCTX002	matched_random_locus	TCT	0	pam_only	1	0.0016081001144509866	0
NEG_ICCTX002_040	0	ASP000006	ICCTX002	matched_random_locus	CAA	0	pam_only	1	0.0006023652630953442	0
NEG_ICCTX002_041	0	ASP000006	ICCTX002	matched_random_locus	TAT	0	pam_only	1	0.008871555535386096	0
NEG_ICCTX002_042	0	ASP000006	ICCTX002	matched_random_locus	TCC	0	pam_only	1	0.18735256060981464	0
NEG_ICCTX002_043	0	ASP000006	ICCTX002	matched_random_locus	AGC	0	pam_only	1	0.008991973672502634	0
NEG_ICCTX002_044	0	ASP000006	ICCTX002	matched_random_locus	TTT	0	pam_only	1	0.11627012648100858	0
NEG_ICCTX002_045	0	ASP000006	ICCTX002	matched_random_locus	TCG	0	pam_only	1	0.0015568945824440425	0
NEG_ICCTX002_046	0	ASP000006	ICCTX002	matched_random_locus	TTC	0	pam_only	1	0.9495761765401585	1
NEG_ICCTX002_047	0	ASP000006	ICCTX002	matched_random_locus	CTC	0	pam_only	1	0.17807150091860427	0
NEG_ICCTX002_048	0	ASP000006	ICCTX002	matched_random_locus	TTC	0	pam_only	1	0.9495761765401585	1
NEG_ICCTX002_049	0	ASP000006	ICCTX002	matched_random_locus	TTG	0	pam_only	1	0.11298099262184173	0
NEG_ICCTX002_050	0	ASP000006	ICCTX002	matched_random_locus	CAA	1	pam_only	1	0.0006023652630953442	0
NEG_ICCTX002_051	0	ASP000006	ICCTX002	matched_random_locus	TTA	0	pam_only	1	0.4350527572111645	0
NEG_ICCTX002_052	0	ASP000006	ICCTX002	matched_random_locus	GAC	0	pam_only	1	0.015755144670457265	0
NEG_ICCTX002_053	0	ASP000006	ICCTX002	matched_random_locus	ATA	0	pam_only	1	0.03355900843084188	0
NEG_ICCTX002_054	0	ASP000006	ICCTX002	matched_random_locus	ATT	0	pam_only	1	0.005897656206686792	0
NEG_ICCTX002_055	0	ASP000006	ICCTX002	matched_random_locus	GGT	0	pam_only	1	1.7564226605127556e-05	0
NEG_ICCTX002_056	0	ASP000006	ICCTX002	matched_random_locus	TCA	0	pam_only	1	0.009339471829794522	0
NEG_ICCTX002_057	0	ASP000006	ICCTX002	matched_random_locus	GAT	1	pam_only	1	0.00011182148307807423	0
NEG_ICCTX002_058	0	ASP000006	ICCTX002	matched_random_locus	TTT	0	pam_only	1	0.11627012648100858	0
NEG_ICCTX002_059	0	ASP000006	ICCTX002	matched_random_locus	AAT	0	pam_only	1	0.00040345428098358436	0
NEG_ICCTX002_060	0	ASP000006	ICCTX002	matched_random_locus	ATC	0	pam_only	1	0.4592163460195063	0
NEG_ICCTX002_061	0	ASP000006	ICCTX002	matched_random_locus	GAT	0	pam_only	1	0.00011182148307807423	0
NEG_ICCTX002_062	0	ASP000006	ICCTX002	matched_random_locus	GAT	0	pam_only	1	0.00011182148307807423	0
NEG_ICCTX002_063	0	ASP000006	ICCTX002	matched_random_locus	AAA	0	pam_only	1	0.002356840722796148	0
NEG_ICCTX002_064	0	ASP000006	ICCTX002	matched_random_locus	TGA	0	pam_only	1	0.00816129648708713	0
NEG_ICCTX002_065	0	ASP000006	ICCTX002	matched_random_locus	GAA	0	pam_only	1	0.0006541465452899934	0
NEG_ICCTX002_066	0	ASP000006	ICCTX002	matched_random_locus	CTG	0	pam_only	1	0.0014631972607049982	0
NEG_ICCTX002_067	0	ASP000006	ICCTX002	matched_random_locus	ATG	0	pam_only	1	0.005710642808942421	0
NEG_ICCTX002_068	0	ASP000006	ICCTX002	matched_random_locus	CGT	0	pam_only	1	1.617305265028889e-05	0
NEG_ICCTX002_069	0	ASP000006	ICCTX002	matched_random_locus	AGT	0	pam_only	1	6.338768587779199e-05	0
NEG_ICCTX002_070	0	ASP000006	ICCTX002	matched_random_locus	AGT	0	pam_only	1	6.338768587779199e-05	0
NEG_ICCTX002_071	0	ASP000006	ICCTX002	matched_random_locus	TAT	0	pam_only	1	0.008871555535386096	0
NEG_ICCTX002_072	0	ASP000006	ICCTX002	matched_random_locus	AGC	0	pam_only	1	0.008991973672502634	0
NEG_ICCTX002_073	0	ASP000006	ICCTX002	matched_random_locus	CCA	0	pam_only	1	0.0001084467896641382	0
NEG_ICCTX002_074	0	ASP000006	ICCTX002	matched_random_locus	CAG	0	pam_only	1	9.968199847077047e-05	0
NEG_ICCTX002_075	0	ASP000006	ICCTX002	matched_random_locus	CCG	0	pam_only	1	1.793884335852349e-05	0
NEG_ICCTX002_076	0	ASP000006	ICCTX002	matched_random_locus	CCA	0	pam_only	1	0.0001084467896641382	0
NEG_ICCTX002_077	0	ASP000006	ICCTX002	matched_random_locus	TAG	0	pam_only	1	0.008591055393141759	0
NEG_ICCTX002_078	0	ASP000006	ICCTX002	matched_random_locus	CTG	0	pam_only	1	0.0014631972607049982	0
NEG_ICCTX002_079	0	ASP000006	ICCTX002	matched_random_locus	TAA	1	pam_only	1	0.049782672165701904	0
NEG_ICCTX002_080	0	ASP000006	ICCTX002	matched_random_locus	TAA	0	pam_only	1	0.049782672165701904	0
NEG_ICCTX002_081	0	ASP000006	ICCTX002	matched_random_locus	TGA	0	pam_only	1	0.00816129648708713	0
NEG_ICCTX002_082	0	ASP000006	ICCTX002	matched_random_locus	TGA	0	pam_only	1	0.00816129648708713	0
NEG_ICCTX002_083	0	ASP000006	ICCTX002	matched_random_locus	CAT	0	pam_only	1	0.00010296543513282781	0
NEG_ICCTX002_084	0	ASP000006	ICCTX002	matched_random_locus	GTA	0	pam_only	1	0.009529705197150169	0
NEG_ICCTX002_085	0	ASP000006	ICCTX002	matched_random_locus	CCT	1	pam_only	1	1.852978285334881e-05	0
NEG_ICCTX002_086	0	ASP000006	ICCTX002	matched_random_locus	TTT	0	pam_only	1	0.11627012648100858	0
NEG_ICCTX002_087	0	ASP000006	ICCTX002	matched_random_locus	GTT	0	pam_only	1	0.0016411159804808986	0
NEG_ICCTX002_088	0	ASP000006	ICCTX002	matched_random_locus	ATC	0	pam_only	1	0.4592163460195063	0
NEG_ICCTX002_089	0	ASP000006	ICCTX002	matched_random_locus	GTC	0	pam_only	1	0.19047155554961231	0
NEG_ICCTX002_090	0	ASP000006	ICCTX002	matched_random_locus	GCT	0	pam_only	1	2.012367399269124e-05	0
NEG_ICCTX002_091	0	ASP000006	ICCTX002	matched_random_locus	CCC	1	pam_only	1	0.0026452909602086173	0
NEG_ICCTX002_092	0	ASP000006	ICCTX002	matched_random_locus	TGC	1	pam_only	1	0.16751526460936092	0
NEG_ICCTX002_093	0	ASP000006	ICCTX002	matched_random_locus	GGC	0	pam_only	1	0.0025077924995346233	0
NEG_ICCTX002_094	0	ASP000006	ICCTX002	matched_random_locus	TTG	0	pam_only	1	0.11298099262184173	0
NEG_ICCTX002_095	0	ASP000006	ICCTX002	matched_random_locus	GAG	0	pam_only	1	0.00010825566889529983	0
NEG_ICCTX002_096	0	ASP000006	ICCTX002	matched_random_locus	AAA	0	pam_only	1	0.002356840722796148	0
NEG_ICCTX002_097	0	ASP000006	ICCTX002	matched_random_locus	TTT	0	pam_only	1	0.11627012648100858	0
NEG_ICCTX002_098	0	ASP000006	ICCTX002	matched_random_locus	AGA	0	pam_only	1	0.0003708999206218407	0
NEG_ICCTX002_099	0	ASP000006	ICCTX002	matched_random_locus	ACA	1	pam_only	1	0.000424925330834466	0
NEG_ICCTX002_100	0	ASP000006	ICCTX002	matched_random_locus	ATC	0	pam_only	1	0.4592163460195063	0
POS_ICCTX003	1	ASP000006	ICCTX003	observed_target	TTC	0	pam_only	1	0.9495761765401585	1
NEG_ICCTX003_001	0	ASP000006	ICCTX003	matched_random_locus	ATG	0	pam_only	1	0.005710642808942421	0
NEG_ICCTX003_002	0	ASP000006	ICCTX003	matched_random_locus	AAG	0	pam_only	1	0.0003905923806408869	0
NEG_ICCTX003_003	0	ASP000006	ICCTX003	matched_random_locus	AAC	0	pam_only	1	0.05461640033588182	0
NEG_ICCTX003_004	0	ASP000006	ICCTX003	matched_random_locus	CAT	0	pam_only	1	0.00010296543513282781	0
NEG_ICCTX003_005	0	ASP000006	ICCTX003	matched_random_locus	CTT	0	pam_only	1	0.0015113257964377057	0
NEG_ICCTX003_006	0	ASP000006	ICCTX003	matched_random_locus	ATT	0	pam_only	1	0.005897656206686792	0
NEG_ICCTX003_007	0	ASP000006	ICCTX003	matched_random_locus	GTA	0	pam_only	1	0.009529705197150169	0
NEG_ICCTX003_008	0	ASP000006	ICCTX003	matched_random_locus	TGG	0	pam_only	1	0.0013591452171399655	0
NEG_ICCTX003_009	0	ASP000006	ICCTX003	matched_random_locus	AAC	0	pam_only	1	0.05461640033588182	0
NEG_ICCTX003_010	0	ASP000006	ICCTX003	matched_random_locus	CAC	1	pam_only	1	0.014525365092928557	0
NEG_ICCTX003_011	0	ASP000006	ICCTX003	matched_random_locus	ACG	0	pam_only	1	7.030805690486522e-05	0
NEG_ICCTX003_012	0	ASP000006	ICCTX003	matched_random_locus	ACA	0	pam_only	1	0.000424925330834466	0
NEG_ICCTX003_013	0	ASP000006	ICCTX003	matched_random_locus	TCG	1	pam_only	1	0.0015568945824440425	0
NEG_ICCTX003_014	0	ASP000006	ICCTX003	matched_random_locus	CTG	1	pam_only	1	0.0014631972607049982	0
NEG_ICCTX003_015	0	ASP000006	ICCTX003	matched_random_locus	ATT	0	pam_only	1	0.005897656206686792	0
NEG_ICCTX003_016	0	ASP000006	ICCTX003	matched_random_locus	TTT	0	pam_only	1	0.11627012648100858	0
NEG_ICCTX003_017	0	ASP000006	ICCTX003	matched_random_locus	ATA	0	pam_only	1	0.03355900843084188	0
NEG_ICCTX003_018	0	ASP000006	ICCTX003	matched_random_locus	TGG	0	pam_only	1	0.0013591452171399655	0
NEG_ICCTX003_019	0	ASP000006	ICCTX003	matched_random_locus	TCA	0	pam_only	1	0.009339471829794522	0
NEG_ICCTX003_020	0	ASP000006	ICCTX003	matched_random_locus	TTT	0	pam_only	1	0.11627012648100858	0
NEG_ICCTX003_021	0	ASP000006	ICCTX003	matched_random_locus	GAA	1	pam_only	1	0.0006541465452899934	0
NEG_ICCTX003_022	0	ASP000006	ICCTX003	matched_random_locus	CAG	0	pam_only	1	9.968199847077047e-05	0
NEG_ICCTX003_023	0	ASP000006	ICCTX003	matched_random_locus	AGG	0	pam_only	1	6.136625580375662e-05	0
NEG_ICCTX003_024	0	ASP000006	ICCTX003	matched_random_locus	TGT	0	pam_only	1	0.0014038560100998142	0
NEG_ICCTX003_025	0	ASP000006	ICCTX003	matched_random_locus	GAG	0	pam_only	1	0.00010825566889529983	0
NEG_ICCTX003_026	0	ASP000006	ICCTX003	matched_random_locus	CAG	0	pam_only	1	9.968199847077047e-05	0
NEG_ICCTX003_027	0	ASP000006	ICCTX003	matched_random_locus	GAT	0	pam_only	1	0.00011182148307807423	0
NEG_ICCTX003_028	0	ASP000006	ICCTX003	matched_random_locus	ACC	0	pam_only	1	0.010288822687096737	0
NEG_ICCTX003_029	0	ASP000006	ICCTX003	matched_random_locus	AAT	1	pam_only	1	0.00040345428098358436	0
NEG_ICCTX003_030	0	ASP000006	ICCTX003	matched_random_locus	TAG	0	pam_only	1	0.008591055393141759	0
NEG_ICCTX003_031	0	ASP000006	ICCTX003	matched_random_locus	ATC	0	pam_only	1	0.4592163460195063	0
NEG_ICCTX003_032	0	ASP000006	ICCTX003	matched_random_locus	ATT	0	pam_only	1	0.005897656206686792	0
NEG_ICCTX003_033	0	ASP000006	ICCTX003	matched_random_locus	TTG	0	pam_only	1	0.11298099262184173	0
NEG_ICCTX003_034	0	ASP000006	ICCTX003	matched_random_locus	CGA	0	pam_only	1	9.465495152255883e-05	0
NEG_ICCTX003_035	0	ASP000006	ICCTX003	matched_random_locus	CAA	0	pam_only	1	0.0006023652630953442	0
NEG_ICCTX003_036	0	ASP000006	ICCTX003	matched_random_locus	AGG	0	pam_only	1	6.136625580375662e-05	0
NEG_ICCTX003_037	0	ASP000006	ICCTX003	matched_random_locus	TTA	0	pam_only	1	0.4350527572111645	0
NEG_ICCTX003_038	0	ASP000006	ICCTX003	matched_random_locus	CTG	0	pam_only	1	0.0014631972607049982	0
NEG_ICCTX003_039	0	ASP000006	ICCTX003	matched_random_locus	CTA	1	pam_only	1	0.008781521421495719	0
NEG_ICCTX003_040	0	ASP000006	ICCTX003	matched_random_locus	GCA	0	pam_only	1	0.00011777423289608402	0
NEG_ICCTX003_041	0	ASP000006	ICCTX003	matched_random_locus	TTG	0	pam_only	1	0.11298099262184173	0
NEG_ICCTX003_042	0	ASP000006	ICCTX003	matched_random_locus	AAT	1	pam_only	1	0.00040345428098358436	0
NEG_ICCTX003_043	0	ASP000006	ICCTX003	matched_random_locus	GAG	1	pam_only	1	0.00010825566889529983	0
NEG_ICCTX003_044	0	ASP000006	ICCTX003	matched_random_locus	TGG	0	pam_only	1	0.0013591452171399655	0
NEG_ICCTX003_045	0	ASP000006	ICCTX003	matched_random_locus	GCT	0	pam_only	1	2.012367399269124e-05	0
NEG_ICCTX003_046	0	ASP000006	ICCTX003	matched_random_locus	AAG	0	pam_only	1	0.0003905923806408869	0
NEG_ICCTX003_047	0	ASP000006	ICCTX003	matched_random_locus	TCA	0	pam_only	1	0.009339471829794522	0
NEG_ICCTX003_048	0	ASP000006	ICCTX003	matched_random_locus	TCG	0	pam_only	1	0.0015568945824440425	0
NEG_ICCTX003_049	0	ASP000006	ICCTX003	matched_random_locus	AAA	0	pam_only	1	0.002356840722796148	0
NEG_ICCTX003_050	0	ASP000006	ICCTX003	matched_random_locus	AAT	0	pam_only	1	0.00040345428098358436	0
NEG_ICCTX003_051	0	ASP000006	ICCTX003	matched_random_locus	CCA	0	pam_only	1	0.0001084467896641382	0
NEG_ICCTX003_052	0	ASP000006	ICCTX003	matched_random_locus	CAC	0	pam_only	1	0.014525365092928557	0
NEG_ICCTX003_053	0	ASP000006	ICCTX003	matched_random_locus	CCC	0	pam_only	1	0.0026452909602086173	0
NEG_ICCTX003_054	0	ASP000006	ICCTX003	matched_random_locus	CTG	0	pam_only	1	0.0014631972607049982	0
NEG_ICCTX003_055	0	ASP000006	ICCTX003	matched_random_locus	AGC	0	pam_only	1	0.008991973672502634	0
NEG_ICCTX003_056	0	ASP000006	ICCTX003	matched_random_locus	TTC	0	pam_only	1	0.9495761765401585	1
NEG_ICCTX003_057	0	ASP000006	ICCTX003	matched_random_locus	CAT	0	pam_only	1	0.00010296543513282781	0
NEG_ICCTX003_058	0	ASP000006	ICCTX003	matched_random_locus	GTA	0	pam_only	1	0.009529705197150169	0
NEG_ICCTX003_059	0	ASP000006	ICCTX003	matched_random_locus	TAA	0	pam_only	1	0.049782672165701904	0
NEG_ICCTX003_060	0	ASP000006	ICCTX003	matched_random_locus	GAG	1	pam_only	1	0.00010825566889529983	0
NEG_ICCTX003_061	0	ASP000006	ICCTX003	matched_random_locus	GGA	0	pam_only	1	0.00010279628899412855	0
NEG_ICCTX003_062	0	ASP000006	ICCTX003	matched_random_locus	TGG	0	pam_only	1	0.0013591452171399655	0
NEG_ICCTX003_063	0	ASP000006	ICCTX003	matched_random_locus	GAG	0	pam_only	1	0.00010825566889529983	0
NEG_ICCTX003_064	0	ASP000006	ICCTX003	matched_random_locus	TTA	0	pam_only	1	0.4350527572111645	0
NEG_ICCTX003_065	0	ASP000006	ICCTX003	matched_random_locus	ATG	0	pam_only	1	0.005710642808942421	0
NEG_ICCTX003_066	0	ASP000006	ICCTX003	matched_random_locus	TGC	0	pam_only	1	0.16751526460936092	0
NEG_ICCTX003_067	0	ASP000006	ICCTX003	matched_random_locus	TTT	0	pam_only	1	0.11627012648100858	0
NEG_ICCTX003_068	0	ASP000006	ICCTX003	matched_random_locus	TTG	0	pam_only	1	0.11298099262184173	0
NEG_ICCTX003_069	0	ASP000006	ICCTX003	matched_random_locus	CAT	0	pam_only	1	0.00010296543513282781	0
NEG_ICCTX003_070	0	ASP000006	ICCTX003	matched_random_locus	CAA	1	pam_only	1	0.0006023652630953442	0
NEG_ICCTX003_071	0	ASP000006	ICCTX003	matched_random_locus	AGA	1	pam_only	1	0.0003708999206218407	0
NEG_ICCTX003_072	0	ASP000006	ICCTX003	matched_random_locus	ACG	0	pam_only	1	7.030805690486522e-05	0
NEG_ICCTX003_073	0	ASP000006	ICCTX003	matched_random_locus	ATC	0	pam_only	1	0.4592163460195063	0
NEG_ICCTX003_074	0	ASP000006	ICCTX003	matched_random_locus	TGA	0	pam_only	1	0.00816129648708713	0
NEG_ICCTX003_075	0	ASP000006	ICCTX003	matched_random_locus	TAT	0	pam_only	1	0.008871555535386096	0
NEG_ICCTX003_076	0	ASP000006	ICCTX003	matched_random_locus	TAC	0	pam_only	1	0.561633282725487	1
NEG_ICCTX003_077	0	ASP000006	ICCTX003	matched_random_locus	GAT	0	pam_only	1	0.00011182148307807423	0
NEG_ICCTX003_078	0	ASP000006	ICCTX003	matched_random_locus	ACT	1	pam_only	1	7.262401224607109e-05	0
NEG_ICCTX003_079	0	ASP000006	ICCTX003	matched_random_locus	GAT	1	pam_only	1	0.00011182148307807423	0
NEG_ICCTX003_080	0	ASP000006	ICCTX003	matched_random_locus	TTC	0	pam_only	1	0.9495761765401585	1
NEG_ICCTX003_081	0	ASP000006	ICCTX003	matched_random_locus	CGG	0	pam_only	1	1.565727124882104e-05	0
NEG_ICCTX003_082	0	ASP000006	ICCTX003	matched_random_locus	AAA	0	pam_only	1	0.002356840722796148	0
NEG_ICCTX003_083	0	ASP000006	ICCTX003	matched_random_locus	ACA	0	pam_only	1	0.000424925330834466	0
NEG_ICCTX003_084	0	ASP000006	ICCTX003	matched_random_locus	GTC	0	pam_only	1	0.19047155554961231	0
NEG_ICCTX003_085	0	ASP000006	ICCTX003	matched_random_locus	TTT	1	pam_only	1	0.11627012648100858	0
NEG_ICCTX003_086	0	ASP000006	ICCTX003	matched_random_locus	ACA	0	pam_only	1	0.000424925330834466	0
NEG_ICCTX003_087	0	ASP000006	ICCTX003	matched_random_locus	TTG	0	pam_only	1	0.11298099262184173	0
NEG_ICCTX003_088	0	ASP000006	ICCTX003	matched_random_locus	TGA	0	pam_only	1	0.00816129648708713	0
NEG_ICCTX003_089	0	ASP000006	ICCTX003	matched_random_locus	AAC	0	pam_only	1	0.05461640033588182	0
NEG_ICCTX003_090	0	ASP000006	ICCTX003	matched_random_locus	CAA	1	pam_only	1	0.0006023652630953442	0
NEG_ICCTX003_091	0	ASP000006	ICCTX003	matched_random_locus	CCT	0	pam_only	1	1.852978285334881e-05	0
NEG_ICCTX003_092	0	ASP000006	ICCTX003	matched_random_locus	TCG	1	pam_only	1	0.0015568945824440425	0
NEG_ICCTX003_093	0	ASP000006	ICCTX003	matched_random_locus	GCC	0	pam_only	1	0.002872184089761243	0
NEG_ICCTX003_094	0	ASP000006	ICCTX003	matched_random_locus	ATA	0	pam_only	1	0.03355900843084188	0
NEG_ICCTX003_095	0	ASP000006	ICCTX003	matched_random_locus	TGG	0	pam_only	1	0.0013591452171399655	0
NEG_ICCTX003_096	0	ASP000006	ICCTX003	matched_random_locus	AAT	0	pam_only	1	0.00040345428098358436	0
NEG_ICCTX003_097	0	ASP000006	ICCTX003	matched_random_locus	CAT	0	pam_only	1	0.00010296543513282781	0
NEG_ICCTX003_098	0	ASP000006	ICCTX003	matched_random_locus	GGT	0	pam_only	1	1.7564226605127556e-05	0
NEG_ICCTX003_099	0	ASP000006	ICCTX003	matched_random_locus	TAA	0	pam_only	1	0.049782672165701904	0
NEG_ICCTX003_100	0	ASP000006	ICCTX003	matched_random_locus	GCT	0	pam_only	1	2.012367399269124e-05	0
POS_ICCTX004	1	ASP000006	ICCTX004	observed_target	TTC	1	pam_only	1	0.9495761765401585	1
NEG_ICCTX004_001	0	ASP000006	ICCTX004	matched_random_locus	GTA	0	pam_only	1	0.009529705197150169	0
NEG_ICCTX004_002	0	ASP000006	ICCTX004	matched_random_locus	CTG	0	pam_only	1	0.0014631972607049982	0
NEG_ICCTX004_003	0	ASP000006	ICCTX004	matched_random_locus	ATG	0	pam_only	1	0.005710642808942421	0
NEG_ICCTX004_004	0	ASP000006	ICCTX004	matched_random_locus	GGG	0	pam_only	1	1.7004079463542807e-05	0
NEG_ICCTX004_005	0	ASP000006	ICCTX004	matched_random_locus	ATC	0	pam_only	1	0.4592163460195063	0
NEG_ICCTX004_006	0	ASP000006	ICCTX004	matched_random_locus	AAA	0	pam_only	1	0.002356840722796148	0
NEG_ICCTX004_007	0	ASP000006	ICCTX004	matched_random_locus	ACC	0	pam_only	1	0.010288822687096737	0
NEG_ICCTX004_008	0	ASP000006	ICCTX004	matched_random_locus	AAT	0	pam_only	1	0.00040345428098358436	0
NEG_ICCTX004_009	0	ASP000006	ICCTX004	matched_random_locus	TTT	0	pam_only	1	0.11627012648100858	0
NEG_ICCTX004_010	0	ASP000006	ICCTX004	matched_random_locus	TGT	0	pam_only	1	0.0014038560100998142	0
NEG_ICCTX004_011	0	ASP000006	ICCTX004	matched_random_locus	TCG	0	pam_only	1	0.0015568945824440425	0
NEG_ICCTX004_012	0	ASP000006	ICCTX004	matched_random_locus	CGG	0	pam_only	1	1.565727124882104e-05	0
NEG_ICCTX004_013	0	ASP000006	ICCTX004	matched_random_locus	ATT	0	pam_only	1	0.005897656206686792	0
NEG_ICCTX004_014	0	ASP000006	ICCTX004	matched_random_locus	AAT	0	pam_only	1	0.00040345428098358436	0
NEG_ICCTX004_015	0	ASP000006	ICCTX004	matched_random_locus	AAA	0	pam_only	1	0.002356840722796148	0
NEG_ICCTX004_016	0	ASP000006	ICCTX004	matched_random_locus	ATC	0	pam_only	1	0.4592163460195063	0
NEG_ICCTX004_017	0	ASP000006	ICCTX004	matched_random_locus	TCG	0	pam_only	1	0.0015568945824440425	0
NEG_ICCTX004_018	0	ASP000006	ICCTX004	matched_random_locus	AGC	0	pam_only	1	0.008991973672502634	0
NEG_ICCTX004_019	0	ASP000006	ICCTX004	matched_random_locus	GAA	1	pam_only	1	0.0006541465452899934	0
NEG_ICCTX004_020	0	ASP000006	ICCTX004	matched_random_locus	TCT	1	pam_only	1	0.0016081001144509866	0
NEG_ICCTX004_021	0	ASP000006	ICCTX004	matched_random_locus	TGC	0	pam_only	1	0.16751526460936092	0
NEG_ICCTX004_022	0	ASP000006	ICCTX004	matched_random_locus	CCC	0	pam_only	1	0.0026452909602086173	0
NEG_ICCTX004_023	0	ASP000006	ICCTX004	matched_random_locus	CGC	0	pam_only	1	0.002309618435738717	0
NEG_ICCTX004_024	0	ASP000006	ICCTX004	matched_random_locus	CGC	0	pam_only	1	0.002309618435738717	0
NEG_ICCTX004_025	0	ASP000006	ICCTX004	matched_random_locus	GAC	0	pam_only	1	0.015755144670457265	0
NEG_ICCTX004_026	0	ASP000006	ICCTX004	matched_random_locus	GCA	1	pam_only	1	0.00011777423289608402	0
NEG_ICCTX004_027	0	ASP000006	ICCTX004	matched_random_locus	AAA	0	pam_only	1	0.002356840722796148	0
NEG_ICCTX004_028	0	ASP000006	ICCTX004	matched_random_locus	GCC	1	pam_only	1	0.002872184089761243	0
NEG_ICCTX004_029	0	ASP000006	ICCTX004	matched_random_locus	CAG	1	pam_only	1	9.968199847077047e-05	0
NEG_ICCTX004_030	0	ASP000006	ICCTX004	matched_random_locus	GAA	0	pam_only	1	0.0006541465452899934	0
NEG_ICCTX004_031	0	ASP000006	ICCTX004	matched_random_locus	GTA	0	pam_only	1	0.009529705197150169	0
NEG_ICCTX004_032	0	ASP000006	ICCTX004	matched_random_locus	AAA	0	pam_only	1	0.002356840722796148	0
NEG_ICCTX004_033	0	ASP000006	ICCTX004	matched_random_locus	TAT	0	pam_only	1	0.008871555535386096	0
NEG_ICCTX004_034	0	ASP000006	ICCTX004	matched_random_locus	CCT	0	pam_only	1	1.852978285334881e-05	0
NEG_ICCTX004_035	0	ASP000006	ICCTX004	matched_random_locus	GTC	0	pam_only	1	0.19047155554961231	0
NEG_ICCTX004_036	0	ASP000006	ICCTX004	matched_random_locus	GCT	0	pam_only	1	2.012367399269124e-05	0
NEG_ICCTX004_037	0	ASP000006	ICCTX004	matched_random_locus	GGC	0	pam_only	1	0.0025077924995346233	0
NEG_ICCTX004_038	0	ASP000006	ICCTX004	matched_random_locus	TTG	1	pam_only	1	0.11298099262184173	0
NEG_ICCTX004_039	0	ASP000006	ICCTX004	matched_random_locus	CCC	0	pam_only	1	0.0026452909602086173	0
NEG_ICCTX004_040	0	ASP000006	ICCTX004	matched_random_locus	CTT	0	pam_only	1	0.0015113257964377057	0
NEG_ICCTX004_041	0	ASP000006	ICCTX004	matched_random_locus	TAT	0	pam_only	1	0.008871555535386096	0
NEG_ICCTX004_042	0	ASP000006	ICCTX004	matched_random_locus	GAT	0	pam_only	1	0.00011182148307807423	0
NEG_ICCTX004_043	0	ASP000006	ICCTX004	matched_random_locus	ACC	0	pam_only	1	0.010288822687096737	0
NEG_ICCTX004_044	0	ASP000006	ICCTX004	matched_random_locus	CTT	0	pam_only	1	0.0015113257964377057	0
NEG_ICCTX004_045	0	ASP000006	ICCTX004	matched_random_locus	AAT	0	pam_only	1	0.00040345428098358436	0
NEG_ICCTX004_046	0	ASP000006	ICCTX004	matched_random_locus	TGG	0	pam_only	1	0.0013591452171399655	0
NEG_ICCTX004_047	0	ASP000006	ICCTX004	matched_random_locus	TTG	0	pam_only	1	0.11298099262184173	0
NEG_ICCTX004_048	0	ASP000006	ICCTX004	matched_random_locus	CGG	0	pam_only	1	1.565727124882104e-05	0
NEG_ICCTX004_049	0	ASP000006	ICCTX004	matched_random_locus	CTG	0	pam_only	1	0.0014631972607049982	0
NEG_ICCTX004_050	0	ASP000006	ICCTX004	matched_random_locus	AAT	0	pam_only	1	0.00040345428098358436	0
NEG_ICCTX004_051	0	ASP000006	ICCTX004	matched_random_locus	CAG	0	pam_only	1	9.968199847077047e-05	0
NEG_ICCTX004_052	0	ASP000006	ICCTX004	matched_random_locus	CAA	0	pam_only	1	0.0006023652630953442	0
NEG_ICCTX004_053	0	ASP000006	ICCTX004	matched_random_locus	CTT	1	pam_only	1	0.0015113257964377057	0
NEG_ICCTX004_054	0	ASP000006	ICCTX004	matched_random_locus	TCC	0	pam_only	1	0.18735256060981464	0
NEG_ICCTX004_055	0	ASP000006	ICCTX004	matched_random_locus	TAG	0	pam_only	1	0.008591055393141759	0
NEG_ICCTX004_056	0	ASP000006	ICCTX004	matched_random_locus	GCG	0	pam_only	1	1.94819041734131e-05	0
NEG_ICCTX004_057	0	ASP000006	ICCTX004	matched_random_locus	TTT	1	pam_only	1	0.11627012648100858	0
NEG_ICCTX004_058	0	ASP000006	ICCTX004	matched_random_locus	CCA	1	pam_only	1	0.0001084467896641382	0
NEG_ICCTX004_059	0	ASP000006	ICCTX004	matched_random_locus	TCT	0	pam_only	1	0.0016081001144509866	0
NEG_ICCTX004_060	0	ASP000006	ICCTX004	matched_random_locus	GTA	0	pam_only	1	0.009529705197150169	0
NEG_ICCTX004_061	0	ASP000006	ICCTX004	matched_random_locus	GGA	0	pam_only	1	0.00010279628899412855	0
NEG_ICCTX004_062	0	ASP000006	ICCTX004	matched_random_locus	ATA	0	pam_only	1	0.03355900843084188	0
NEG_ICCTX004_063	0	ASP000006	ICCTX004	matched_random_locus	TTG	1	pam_only	1	0.11298099262184173	0
NEG_ICCTX004_064	0	ASP000006	ICCTX004	matched_random_locus	ATA	1	pam_only	1	0.03355900843084188	0
NEG_ICCTX004_065	0	ASP000006	ICCTX004	matched_random_locus	TGG	0	pam_only	1	0.0013591452171399655	0
NEG_ICCTX004_066	0	ASP000006	ICCTX004	matched_random_locus	CCT	0	pam_only	1	1.852978285334881e-05	0
NEG_ICCTX004_067	0	ASP000006	ICCTX004	matched_random_locus	GTT	0	pam_only	1	0.0016411159804808986	0
NEG_ICCTX004_068	0	ASP000006	ICCTX004	matched_random_locus	AGC	0	pam_only	1	0.008991973672502634	0
NEG_ICCTX004_069	0	ASP000006	ICCTX004	matched_random_locus	TGA	0	pam_only	1	0.00816129648708713	0
NEG_ICCTX004_070	0	ASP000006	ICCTX004	matched_random_locus	TCG	0	pam_only	1	0.0015568945824440425	0
NEG_ICCTX004_071	0	ASP000006	ICCTX004	matched_random_locus	CTT	0	pam_only	1	0.0015113257964377057	0
NEG_ICCTX004_072	0	ASP000006	ICCTX004	matched_random_locus	AAG	0	pam_only	1	0.0003905923806408869	0
NEG_ICCTX004_073	0	ASP000006	ICCTX004	matched_random_locus	GTA	0	pam_only	1	0.009529705197150169	0
NEG_ICCTX004_074	0	ASP000006	ICCTX004	matched_random_locus	ATC	0	pam_only	1	0.4592163460195063	0
NEG_ICCTX004_075	0	ASP000006	ICCTX004	matched_random_locus	ATT	0	pam_only	1	0.005897656206686792	0
NEG_ICCTX004_076	0	ASP000006	ICCTX004	matched_random_locus	ATT	0	pam_only	1	0.005897656206686792	0
NEG_ICCTX004_077	0	ASP000006	ICCTX004	matched_random_locus	GGG	0	pam_only	1	1.7004079463542807e-05	0
NEG_ICCTX004_078	0	ASP000006	ICCTX004	matched_random_locus	TGG	0	pam_only	1	0.0013591452171399655	0
NEG_ICCTX004_079	0	ASP000006	ICCTX004	matched_random_locus	TAC	1	pam_only	1	0.561633282725487	1
NEG_ICCTX004_080	0	ASP000006	ICCTX004	matched_random_locus	AGA	0	pam_only	1	0.0003708999206218407	0
NEG_ICCTX004_081	0	ASP000006	ICCTX004	matched_random_locus	CAA	1	pam_only	1	0.0006023652630953442	0
NEG_ICCTX004_082	0	ASP000006	ICCTX004	matched_random_locus	GGT	1	pam_only	1	1.7564226605127556e-05	0
NEG_ICCTX004_083	0	ASP000006	ICCTX004	matched_random_locus	GGC	0	pam_only	1	0.0025077924995346233	0
NEG_ICCTX004_084	0	ASP000006	ICCTX004	matched_random_locus	CCA	0	pam_only	1	0.0001084467896641382	0
NEG_ICCTX004_085	0	ASP000006	ICCTX004	matched_random_locus	CGG	0	pam_only	1	1.565727124882104e-05	0
NEG_ICCTX004_086	0	ASP000006	ICCTX004	matched_random_locus	CTG	0	pam_only	1	0.0014631972607049982	0
NEG_ICCTX004_087	0	ASP000006	ICCTX004	matched_random_locus	TCA	0	pam_only	1	0.009339471829794522	0
NEG_ICCTX004_088	0	ASP000006	ICCTX004	matched_random_locus	GTT	1	pam_only	1	0.0016411159804808986	0
NEG_ICCTX004_089	0	ASP000006	ICCTX004	matched_random_locus	GGC	0	pam_only	1	0.0025077924995346233	0
NEG_ICCTX004_090	0	ASP000006	ICCTX004	matched_random_locus	TCA	0	pam_only	1	0.009339471829794522	0
NEG_ICCTX004_091	0	ASP000006	ICCTX004	matched_random_locus	CCA	0	pam_only	1	0.0001084467896641382	0
NEG_ICCTX004_092	0	ASP000006	ICCTX004	matched_random_locus	TTG	0	pam_only	1	0.11298099262184173	0
NEG_ICCTX004_093	0	ASP000006	ICCTX004	matched_random_locus	GTA	0	pam_only	1	0.009529705197150169	0
NEG_ICCTX004_094	0	ASP000006	ICCTX004	matched_random_locus	GCT	1	pam_only	1	2.012367399269124e-05	0
NEG_ICCTX004_095	0	ASP000006	ICCTX004	matched_random_locus	CCG	1	pam_only	1	1.793884335852349e-05	0
NEG_ICCTX004_096	0	ASP000006	ICCTX004	matched_random_locus	GGT	1	pam_only	1	1.7564226605127556e-05	0
NEG_ICCTX004_097	0	ASP000006	ICCTX004	matched_random_locus	CAG	0	pam_only	1	9.968199847077047e-05	0
NEG_ICCTX004_098	0	ASP000006	ICCTX004	matched_random_locus	AGT	0	pam_only	1	6.338768587779199e-05	0
NEG_ICCTX004_099	0	ASP000006	ICCTX004	matched_random_locus	GGG	0	pam_only	1	1.7004079463542807e-05	0
NEG_ICCTX004_100	0	ASP000006	ICCTX004	matched_random_locus	CCT	0	pam_only	1	1.852978285334881e-05	0
POS_ICCTX005	1	ASP000068	ICCTX005	observed_target	TTC	1	pam_only	3	0.9517152484144369	1
NEG_ICCTX005_001	0	ASP000068	ICCTX005	matched_random_locus	ACA	0	pam_only	3	0.0002816257897265237	0
NEG_ICCTX005_002	0	ASP000068	ICCTX005	matched_random_locus	TAA	1	pam_only	3	0.04749959902988006	0
NEG_ICCTX005_003	0	ASP000068	ICCTX005	matched_random_locus	CTT	1	pam_only	3	0.0010893667105762357	0
NEG_ICCTX005_004	0	ASP000068	ICCTX005	matched_random_locus	ACG	0	pam_only	3	4.7748477485715684e-05	0
NEG_ICCTX005_005	0	ASP000068	ICCTX005	matched_random_locus	GGT	0	pam_only	3	1.0351301857650302e-05	0
NEG_ICCTX005_006	0	ASP000068	ICCTX005	matched_random_locus	TGG	0	pam_only	3	0.0010506241438142303	0
NEG_ICCTX005_007	0	ASP000068	ICCTX005	matched_random_locus	AAT	0	pam_only	3	0.0002978132941237703	0
NEG_ICCTX005_008	0	ASP000068	ICCTX005	matched_random_locus	TCT	0	pam_only	3	0.0012555714555937086	0
NEG_ICCTX005_009	0	ASP000068	ICCTX005	matched_random_locus	AGC	1	pam_only	3	0.0067006960600574485	0
NEG_ICCTX005_010	0	ASP000068	ICCTX005	matched_random_locus	CAG	0	pam_only	3	8.511312011576603e-05	0
NEG_ICCTX005_011	0	ASP000068	ICCTX005	matched_random_locus	CTT	0	pam_only	3	0.0010893667105762357	0
NEG_ICCTX005_012	0	ASP000068	ICCTX005	matched_random_locus	ATA	0	pam_only	3	0.023692910143457938	0
NEG_ICCTX005_013	0	ASP000068	ICCTX005	matched_random_locus	TGT	0	pam_only	3	0.001012043363307654	0
NEG_ICCTX005_014	0	ASP000068	ICCTX005	matched_random_locus	TTG	1	pam_only	3	0.10106851825822753	0
NEG_ICCTX005_015	0	ASP000068	ICCTX005	matched_random_locus	ACG	0	pam_only	3	4.7748477485715684e-05	0
NEG_ICCTX005_016	0	ASP000068	ICCTX005	matched_random_locus	TAG	0	pam_only	3	0.008382134710112026	0
NEG_ICCTX005_017	0	ASP000068	ICCTX005	matched_random_locus	GAG	0	pam_only	3	8.636412648264483e-05	0
NEG_ICCTX005_018	0	ASP000068	ICCTX005	matched_random_locus	CCG	0	pam_only	3	1.3142245280123281e-05	0
NEG_ICCTX005_019	0	ASP000068	ICCTX005	matched_random_locus	AAA	1	pam_only	3	0.0018212152764845316	0
NEG_ICCTX005_020	0	ASP000068	ICCTX005	matched_random_locus	TGC	0	pam_only	3	0.15567572307487929	0
NEG_ICCTX005_021	0	ASP000068	ICCTX005	matched_random_locus	ACC	0	pam_only	3	0.008301709800766454	0
NEG_ICCTX005_022	0	ASP000068	ICCTX005	matched_random_locus	TTA	0	pam_only	3	0.39878212066678453	0
NEG_ICCTX005_023	0	ASP000068	ICCTX005	matched_random_locus	CAG	0	pam_only	3	8.511312011576603e-05	0
NEG_ICCTX005_024	0	ASP000068	ICCTX005	matched_random_locus	ATA	0	pam_only	3	0.023692910143457938	0
NEG_ICCTX005_025	0	ASP000068	ICCTX005	matched_random_locus	ATA	0	pam_only	3	0.023692910143457938	0
NEG_ICCTX005_026	0	ASP000068	ICCTX005	matched_random_locus	CAA	0	pam_only	3	0.0005019147126344535	0
NEG_ICCTX005_027	0	ASP000068	ICCTX005	matched_random_locus	GAT	0	pam_only	3	8.318973390989177e-05	0
NEG_ICCTX005_028	0	ASP000068	ICCTX005	matched_random_locus	TGT	0	pam_only	3	0.001012043363307654	0
NEG_ICCTX005_029	0	ASP000068	ICCTX005	matched_random_locus	GAA	0	pam_only	3	0.000509288815752368	0
NEG_ICCTX005_030	0	ASP000068	ICCTX005	matched_random_locus	TCC	0	pam_only	3	0.18619923910733446	0
NEG_ICCTX005_031	0	ASP000068	ICCTX005	matched_random_locus	CAG	0	pam_only	3	8.511312011576603e-05	0
NEG_ICCTX005_032	0	ASP000068	ICCTX005	matched_random_locus	TGC	1	pam_only	3	0.15567572307487929	0
NEG_ICCTX005_033	0	ASP000068	ICCTX005	matched_random_locus	TTA	1	pam_only	3	0.39878212066678453	0
NEG_ICCTX005_034	0	ASP000068	ICCTX005	matched_random_locus	CCA	0	pam_only	3	7.752755498556613e-05	0
NEG_ICCTX005_035	0	ASP000068	ICCTX005	matched_random_locus	AAG	0	pam_only	3	0.0003091748601046782	0
NEG_ICCTX005_036	0	ASP000068	ICCTX005	matched_random_locus	AGC	0	pam_only	3	0.0067006960600574485	0
NEG_ICCTX005_037	0	ASP000068	ICCTX005	matched_random_locus	AAA	1	pam_only	3	0.0018212152764845316	0
NEG_ICCTX005_038	0	ASP000068	ICCTX005	matched_random_locus	GTA	0	pam_only	3	0.006731795661907068	0
NEG_ICCTX005_039	0	ASP000068	ICCTX005	matched_random_locus	TTG	0	pam_only	3	0.10106851825822753	0
NEG_ICCTX005_040	0	ASP000068	ICCTX005	matched_random_locus	TGT	0	pam_only	3	0.001012043363307654	0
NEG_ICCTX005_041	0	ASP000068	ICCTX005	matched_random_locus	TTG	0	pam_only	3	0.10106851825822753	0
NEG_ICCTX005_042	0	ASP000068	ICCTX005	matched_random_locus	TGT	0	pam_only	3	0.001012043363307654	0
NEG_ICCTX005_043	0	ASP000068	ICCTX005	matched_random_locus	ATT	0	pam_only	3	0.003946708292345313	0
NEG_ICCTX005_044	0	ASP000068	ICCTX005	matched_random_locus	CGG	0	pam_only	3	1.0590646715547163e-05	0
NEG_ICCTX005_045	0	ASP000068	ICCTX005	matched_random_locus	CAC	0	pam_only	3	0.01470307999661826	0
NEG_ICCTX005_046	0	ASP000068	ICCTX005	matched_random_locus	GAA	0	pam_only	3	0.000509288815752368	0
NEG_ICCTX005_047	0	ASP000068	ICCTX005	matched_random_locus	AGC	0	pam_only	3	0.0067006960600574485	0
NEG_ICCTX005_048	0	ASP000068	ICCTX005	matched_random_locus	ATC	0	pam_only	3	0.418992886063613	0
NEG_ICCTX005_049	0	ASP000068	ICCTX005	matched_random_locus	AGC	0	pam_only	3	0.0067006960600574485	0
NEG_ICCTX005_050	0	ASP000068	ICCTX005	matched_random_locus	TGT	1	pam_only	3	0.001012043363307654	0
NEG_ICCTX005_051	0	ASP000068	ICCTX005	matched_random_locus	GTC	0	pam_only	3	0.16763716486920244	0
NEG_ICCTX005_052	0	ASP000068	ICCTX005	matched_random_locus	TTG	0	pam_only	3	0.10106851825822753	0
NEG_ICCTX005_053	0	ASP000068	ICCTX005	matched_random_locus	AAC	0	pam_only	3	0.05142989277547395	0
NEG_ICCTX005_054	0	ASP000068	ICCTX005	matched_random_locus	TAC	0	pam_only	3	0.5970823889256139	1
NEG_ICCTX005_055	0	ASP000068	ICCTX005	matched_random_locus	TAG	0	pam_only	3	0.008382134710112026	0
NEG_ICCTX005_056	0	ASP000068	ICCTX005	matched_random_locus	GCA	0	pam_only	3	7.866707626437072e-05	0
NEG_ICCTX005_057	0	ASP000068	ICCTX005	matched_random_locus	GGG	0	pam_only	3	1.0746321520991802e-05	0
NEG_ICCTX005_058	0	ASP000068	ICCTX005	matched_random_locus	TGA	0	pam_only	3	0.006166405111942547	0
NEG_ICCTX005_059	0	ASP000068	ICCTX005	matched_random_locus	AAA	0	pam_only	3	0.0018212152764845316	0
NEG_ICCTX005_060	0	ASP000068	ICCTX005	matched_random_locus	TGG	0	pam_only	3	0.0010506241438142303	0
NEG_ICCTX005_061	0	ASP000068	ICCTX005	matched_random_locus	CTT	0	pam_only	3	0.0010893667105762357	0
NEG_ICCTX005_062	0	ASP000068	ICCTX005	matched_random_locus	AAT	0	pam_only	3	0.0002978132941237703	0
NEG_ICCTX005_063	0	ASP000068	ICCTX005	matched_random_locus	TTG	0	pam_only	3	0.10106851825822753	0
NEG_ICCTX005_064	0	ASP000068	ICCTX005	matched_random_locus	CGG	0	pam_only	3	1.0590646715547163e-05	0
NEG_ICCTX005_065	0	ASP000068	ICCTX005	matched_random_locus	ATC	0	pam_only	3	0.418992886063613	0
NEG_ICCTX005_066	0	ASP000068	ICCTX005	matched_random_locus	TAT	0	pam_only	3	0.008076504560897346	0
NEG_ICCTX005_067	0	ASP000068	ICCTX005	matched_random_locus	TTC	0	pam_only	3	0.9517152484144369	1
NEG_ICCTX005_068	0	ASP000068	ICCTX005	matched_random_locus	AAT	0	pam_only	3	0.0002978132941237703	0
NEG_ICCTX005_069	0	ASP000068	ICCTX005	matched_random_locus	TTT	0	pam_only	3	0.09771637667525286	0
NEG_ICCTX005_070	0	ASP000068	ICCTX005	matched_random_locus	CGA	0	pam_only	3	6.247617451458696e-05	0
NEG_ICCTX005_071	0	ASP000068	ICCTX005	matched_random_locus	AAA	0	pam_only	3	0.0018212152764845316	0
NEG_ICCTX005_072	0	ASP000068	ICCTX005	matched_random_locus	TAT	0	pam_only	3	0.008076504560897346	0
NEG_ICCTX005_073	0	ASP000068	ICCTX005	matched_random_locus	GAC	0	pam_only	3	0.014915983158095761	0
NEG_ICCTX005_074	0	ASP000068	ICCTX005	matched_random_locus	TAC	0	pam_only	3	0.5970823889256139	1
NEG_ICCTX005_075	0	ASP000068	ICCTX005	matched_random_locus	TAT	0	pam_only	3	0.008076504560897346	0
NEG_ICCTX005_076	0	ASP000068	ICCTX005	matched_random_locus	GGC	1	pam_only	3	0.001880419691454748	0
NEG_ICCTX005_077	0	ASP000068	ICCTX005	matched_random_locus	CGG	0	pam_only	3	1.0590646715547163e-05	0
NEG_ICCTX005_078	0	ASP000068	ICCTX005	matched_random_locus	TTA	1	pam_only	3	0.39878212066678453	0
NEG_ICCTX005_079	0	ASP000068	ICCTX005	matched_random_locus	GAC	0	pam_only	3	0.014915983158095761	0
NEG_ICCTX005_080	0	ASP000068	ICCTX005	matched_random_locus	AAT	0	pam_only	3	0.0002978132941237703	0
NEG_ICCTX005_081	0	ASP000068	ICCTX005	matched_random_locus	TAT	1	pam_only	3	0.008076504560897346	0
NEG_ICCTX005_082	0	ASP000068	ICCTX005	matched_random_locus	TAA	0	pam_only	3	0.04749959902988006	0
NEG_ICCTX005_083	0	ASP000068	ICCTX005	matched_random_locus	ACG	0	pam_only	3	4.7748477485715684e-05	0
NEG_ICCTX005_084	0	ASP000068	ICCTX005	matched_random_locus	TGA	0	pam_only	3	0.006166405111942547	0
NEG_ICCTX005_085	0	ASP000068	ICCTX005	matched_random_locus	CCG	0	pam_only	3	1.3142245280123281e-05	0
NEG_ICCTX005_086	0	ASP000068	ICCTX005	matched_random_locus	TCA	0	pam_only	3	0.007640741399112166	0
NEG_ICCTX005_087	0	ASP000068	ICCTX005	matched_random_locus	CGA	1	pam_only	3	6.247617451458696e-05	0
NEG_ICCTX005_088	0	ASP000068	ICCTX005	matched_random_locus	GAT	0	pam_only	3	8.318973390989177e-05	0
NEG_ICCTX005_089	0	ASP000068	ICCTX005	matched_random_locus	CCA	0	pam_only	3	7.752755498556613e-05	0
NEG_ICCTX005_090	0	ASP000068	ICCTX005	matched_random_locus	GCA	0	pam_only	3	7.866707626437072e-05	0
NEG_ICCTX005_091	0	ASP000068	ICCTX005	matched_random_locus	ATT	0	pam_only	3	0.003946708292345313	0
NEG_ICCTX005_092	0	ASP000068	ICCTX005	matched_random_locus	AAG	0	pam_only	3	0.0003091748601046782	0
NEG_ICCTX005_093	0	ASP000068	ICCTX005	matched_random_locus	ACA	0	pam_only	3	0.0002816257897265237	0
NEG_ICCTX005_094	0	ASP000068	ICCTX005	matched_random_locus	ATT	0	pam_only	3	0.003946708292345313	0
NEG_ICCTX005_095	0	ASP000068	ICCTX005	matched_random_locus	GCG	0	pam_only	3	1.333542622883122e-05	0
NEG_ICCTX005_096	0	ASP000068	ICCTX005	matched_random_locus	TTC	0	pam_only	3	0.9517152484144369	1
NEG_ICCTX005_097	0	ASP000068	ICCTX005	matched_random_locus	AGC	0	pam_only	3	0.0067006960600574485	0
NEG_ICCTX005_098	0	ASP000068	ICCTX005	matched_random_locus	TTA	0	pam_only	3	0.39878212066678453	0
NEG_ICCTX005_099	0	ASP000068	ICCTX005	matched_random_locus	ACT	1	pam_only	3	4.5993373174754205e-05	0
NEG_ICCTX005_100	0	ASP000068	ICCTX005	matched_random_locus	AAG	0	pam_only	3	0.0003091748601046782	0
POS_ICCTX006	1	ASP000068	ICCTX006	observed_target	TTC	1	pam_only	3	0.9517152484144369	1
NEG_ICCTX006_001	0	ASP000068	ICCTX006	matched_random_locus	CAT	0	pam_only	3	8.198470565773044e-05	0
NEG_ICCTX006_002	0	ASP000068	ICCTX006	matched_random_locus	AAC	0	pam_only	3	0.05142989277547395	0
NEG_ICCTX006_003	0	ASP000068	ICCTX006	matched_random_locus	AAG	0	pam_only	3	0.0003091748601046782	0
NEG_ICCTX006_004	0	ASP000068	ICCTX006	matched_random_locus	CGC	0	pam_only	3	0.0018532294980148324	0
NEG_ICCTX006_005	0	ASP000068	ICCTX006	matched_random_locus	TAA	0	pam_only	3	0.04749959902988006	0
NEG_ICCTX006_006	0	ASP000068	ICCTX006	matched_random_locus	TTA	0	pam_only	3	0.39878212066678453	0
NEG_ICCTX006_007	0	ASP000068	ICCTX006	matched_random_locus	GAA	1	pam_only	3	0.000509288815752368	0
NEG_ICCTX006_008	0	ASP000068	ICCTX006	matched_random_locus	TGG	0	pam_only	3	0.0010506241438142303	0
NEG_ICCTX006_009	0	ASP000068	ICCTX006	matched_random_locus	GTT	0	pam_only	3	0.0011053620808999763	0
NEG_ICCTX006_010	0	ASP000068	ICCTX006	matched_random_locus	GCA	0	pam_only	3	7.866707626437072e-05	0
NEG_ICCTX006_011	0	ASP000068	ICCTX006	matched_random_locus	GGG	0	pam_only	3	1.0746321520991802e-05	0
NEG_ICCTX006_012	0	ASP000068	ICCTX006	matched_random_locus	CCG	0	pam_only	3	1.3142245280123281e-05	0
NEG_ICCTX006_013	0	ASP000068	ICCTX006	matched_random_locus	ATG	1	pam_only	3	0.004096704612903973	0
NEG_ICCTX006_014	0	ASP000068	ICCTX006	matched_random_locus	GCT	0	pam_only	3	1.2845235940780846e-05	0
NEG_ICCTX006_015	0	ASP000068	ICCTX006	matched_random_locus	CTT	0	pam_only	3	0.0010893667105762357	0
NEG_ICCTX006_016	0	ASP000068	ICCTX006	matched_random_locus	CAA	0	pam_only	3	0.0005019147126344535	0
NEG_ICCTX006_017	0	ASP000068	ICCTX006	matched_random_locus	GGA	0	pam_only	3	6.33944804985344e-05	0
NEG_ICCTX006_018	0	ASP000068	ICCTX006	matched_random_locus	TGC	0	pam_only	3	0.15567572307487929	0
NEG_ICCTX006_019	0	ASP000068	ICCTX006	matched_random_locus	AGT	0	pam_only	3	3.706388543285716e-05	0
NEG_ICCTX006_020	0	ASP000068	ICCTX006	matched_random_locus	ACT	0	pam_only	3	4.5993373174754205e-05	0
NEG_ICCTX006_021	0	ASP000068	ICCTX006	matched_random_locus	AAG	0	pam_only	3	0.0003091748601046782	0
NEG_ICCTX006_022	0	ASP000068	ICCTX006	matched_random_locus	GCC	0	pam_only	3	0.0023324173936708544	0
NEG_ICCTX006_023	0	ASP000068	ICCTX006	matched_random_locus	TGA	0	pam_only	3	0.006166405111942547	0
NEG_ICCTX006_024	0	ASP000068	ICCTX006	matched_random_locus	CAG	0	pam_only	3	8.511312011576603e-05	0
NEG_ICCTX006_025	0	ASP000068	ICCTX006	matched_random_locus	TCA	0	pam_only	3	0.007640741399112166	0
NEG_ICCTX006_026	0	ASP000068	ICCTX006	matched_random_locus	TTG	0	pam_only	3	0.10106851825822753	0
NEG_ICCTX006_027	0	ASP000068	ICCTX006	matched_random_locus	ATT	1	pam_only	3	0.003946708292345313	0
NEG_ICCTX006_028	0	ASP000068	ICCTX006	matched_random_locus	TGG	0	pam_only	3	0.0010506241438142303	0
NEG_ICCTX006_029	0	ASP000068	ICCTX006	matched_random_locus	GTA	0	pam_only	3	0.006731795661907068	0
NEG_ICCTX006_030	0	ASP000068	ICCTX006	matched_random_locus	CAC	1	pam_only	3	0.01470307999661826	0
NEG_ICCTX006_031	0	ASP000068	ICCTX006	matched_random_locus	CTC	0	pam_only	3	0.16561087280063644	0
NEG_ICCTX006_032	0	ASP000068	ICCTX006	matched_random_locus	GGT	0	pam_only	3	1.0351301857650302e-05	0
NEG_ICCTX006_033	0	ASP000068	ICCTX006	matched_random_locus	CTC	0	pam_only	3	0.16561087280063644	0
NEG_ICCTX006_034	0	ASP000068	ICCTX006	matched_random_locus	CAG	0	pam_only	3	8.511312011576603e-05	0
NEG_ICCTX006_035	0	ASP000068	ICCTX006	matched_random_locus	TTT	1	pam_only	3	0.09771637667525286	0
NEG_ICCTX006_036	0	ASP000068	ICCTX006	matched_random_locus	TTC	0	pam_only	3	0.9517152484144369	1
NEG_ICCTX006_037	0	ASP000068	ICCTX006	matched_random_locus	CAC	0	pam_only	3	0.01470307999661826	0
NEG_ICCTX006_038	0	ASP000068	ICCTX006	matched_random_locus	GCA	1	pam_only	3	7.866707626437072e-05	0
NEG_ICCTX006_039	0	ASP000068	ICCTX006	matched_random_locus	GCC	0	pam_only	3	0.0023324173936708544	0
NEG_ICCTX006_040	0	ASP000068	ICCTX006	matched_random_locus	TTT	1	pam_only	3	0.09771637667525286	0
NEG_ICCTX006_041	0	ASP000068	ICCTX006	matched_random_locus	AGG	0	pam_only	3	3.847825414904109e-05	0
NEG_ICCTX006_042	0	ASP000068	ICCTX006	matched_random_locus	TAG	0	pam_only	3	0.008382134710112026	0
NEG_ICCTX006_043	0	ASP000068	ICCTX006	matched_random_locus	GGC	0	pam_only	3	0.001880419691454748	0
NEG_ICCTX006_044	0	ASP000068	ICCTX006	matched_random_locus	GAG	0	pam_only	3	8.636412648264483e-05	0
NEG_ICCTX006_045	0	ASP000068	ICCTX006	matched_random_locus	CGG	0	pam_only	3	1.0590646715547163e-05	0
NEG_ICCTX006_046	0	ASP000068	ICCTX006	matched_random_locus	ATC	0	pam_only	3	0.418992886063613	0
NEG_ICCTX006_047	0	ASP000068	ICCTX006	matched_random_locus	TAT	1	pam_only	3	0.008076504560897346	0
NEG_ICCTX006_048	0	ASP000068	ICCTX006	matched_random_locus	ACA	0	pam_only	3	0.0002816257897265237	0
NEG_ICCTX006_049	0	ASP000068	ICCTX006	matched_random_locus	ATA	0	pam_only	3	0.023692910143457938	0
NEG_ICCTX006_050	0	ASP000068	ICCTX006	matched_random_locus	TTT	0	pam_only	3	0.09771637667525286	0
NEG_ICCTX006_051	0	ASP000068	ICCTX006	matched_random_locus	ACC	0	pam_only	3	0.008301709800766454	0
NEG_ICCTX006_052	0	ASP000068	ICCTX006	matched_random_locus	GTA	0	pam_only	3	0.006731795661907068	0
NEG_ICCTX006_053	0	ASP000068	ICCTX006	matched_random_locus	AAC	0	pam_only	3	0.05142989277547395	0
NEG_ICCTX006_054	0	ASP000068	ICCTX006	matched_random_locus	CAT	1	pam_only	3	8.198470565773044e-05	0
NEG_ICCTX006_055	0	ASP000068	ICCTX006	matched_random_locus	ACA	0	pam_only	3	0.0002816257897265237	0
NEG_ICCTX006_056	0	ASP000068	ICCTX006	matched_random_locus	TCG	0	pam_only	3	0.0013034238201904032	0
NEG_ICCTX006_057	0	ASP000068	ICCTX006	matched_random_locus	CCT	0	pam_only	3	1.265915594441501e-05	0
NEG_ICCTX006_058	0	ASP000068	ICCTX006	matched_random_locus	GAC	0	pam_only	3	0.014915983158095761	0
NEG_ICCTX006_059	0	ASP000068	ICCTX006	matched_random_locus	ACA	0	pam_only	3	0.0002816257897265237	0
NEG_ICCTX006_060	0	ASP000068	ICCTX006	matched_random_locus	GGA	0	pam_only	3	6.33944804985344e-05	0
NEG_ICCTX006_061	0	ASP000068	ICCTX006	matched_random_locus	TCG	0	pam_only	3	0.0013034238201904032	0
NEG_ICCTX006_062	0	ASP000068	ICCTX006	matched_random_locus	ATT	0	pam_only	3	0.003946708292345313	0
NEG_ICCTX006_063	0	ASP000068	ICCTX006	matched_random_locus	ATC	0	pam_only	3	0.418992886063613	0
NEG_ICCTX006_064	0	ASP000068	ICCTX006	matched_random_locus	CAA	0	pam_only	3	0.0005019147126344535	0
NEG_ICCTX006_065	0	ASP000068	ICCTX006	matched_random_locus	CCG	1	pam_only	3	1.3142245280123281e-05	0
NEG_ICCTX006_066	0	ASP000068	ICCTX006	matched_random_locus	TTA	0	pam_only	3	0.39878212066678453	0
NEG_ICCTX006_067	0	ASP000068	ICCTX006	matched_random_locus	GGG	0	pam_only	3	1.0746321520991802e-05	0
NEG_ICCTX006_068	0	ASP000068	ICCTX006	matched_random_locus	TCT	0	pam_only	3	0.0012555714555937086	0
NEG_ICCTX006_069	0	ASP000068	ICCTX006	matched_random_locus	GAA	0	pam_only	3	0.000509288815752368	0
NEG_ICCTX006_070	0	ASP000068	ICCTX006	matched_random_locus	CAT	1	pam_only	3	8.198470565773044e-05	0
NEG_ICCTX006_071	0	ASP000068	ICCTX006	matched_random_locus	CGA	0	pam_only	3	6.247617451458696e-05	0
NEG_ICCTX006_072	0	ASP000068	ICCTX006	matched_random_locus	GCA	1	pam_only	3	7.866707626437072e-05	0
NEG_ICCTX006_073	0	ASP000068	ICCTX006	matched_random_locus	CAC	0	pam_only	3	0.01470307999661826	0
NEG_ICCTX006_074	0	ASP000068	ICCTX006	matched_random_locus	TCT	0	pam_only	3	0.0012555714555937086	0
NEG_ICCTX006_075	0	ASP000068	ICCTX006	matched_random_locus	TAA	0	pam_only	3	0.04749959902988006	0
NEG_ICCTX006_076	0	ASP000068	ICCTX006	matched_random_locus	AAT	0	pam_only	3	0.0002978132941237703	0
NEG_ICCTX006_077	0	ASP000068	ICCTX006	matched_random_locus	GCT	0	pam_only	3	1.2845235940780846e-05	0
NEG_ICCTX006_078	0	ASP000068	ICCTX006	matched_random_locus	ATT	0	pam_only	3	0.003946708292345313	0
NEG_ICCTX006_079	0	ASP000068	ICCTX006	matched_random_locus	GAT	0	pam_only	3	8.318973390989177e-05	0
NEG_ICCTX006_080	0	ASP000068	ICCTX006	matched_random_locus	CGG	0	pam_only	3	1.0590646715547163e-05	0
NEG_ICCTX006_081	0	ASP000068	ICCTX006	matched_random_locus	TCT	0	pam_only	3	0.0012555714555937086	0
NEG_ICCTX006_082	0	ASP000068	ICCTX006	matched_random_locus	AGC	0	pam_only	3	0.0067006960600574485	0
NEG_ICCTX006_083	0	ASP000068	ICCTX006	matched_random_locus	AGG	0	pam_only	3	3.847825414904109e-05	0
NEG_ICCTX006_084	0	ASP000068	ICCTX006	matched_random_locus	AGG	0	pam_only	3	3.847825414904109e-05	0
NEG_ICCTX006_085	0	ASP000068	ICCTX006	matched_random_locus	TTC	0	pam_only	3	0.9517152484144369	1
NEG_ICCTX006_086	0	ASP000068	ICCTX006	matched_random_locus	TCA	0	pam_only	3	0.007640741399112166	0
NEG_ICCTX006_087	0	ASP000068	ICCTX006	matched_random_locus	GTC	1	pam_only	3	0.16763716486920244	0
NEG_ICCTX006_088	0	ASP000068	ICCTX006	matched_random_locus	TAC	0	pam_only	3	0.5970823889256139	1
NEG_ICCTX006_089	0	ASP000068	ICCTX006	matched_random_locus	ATA	0	pam_only	3	0.023692910143457938	0
NEG_ICCTX006_090	0	ASP000068	ICCTX006	matched_random_locus	TAC	0	pam_only	3	0.5970823889256139	1
NEG_ICCTX006_091	0	ASP000068	ICCTX006	matched_random_locus	TAT	0	pam_only	3	0.008076504560897346	0
NEG_ICCTX006_092	0	ASP000068	ICCTX006	matched_random_locus	CAG	1	pam_only	3	8.511312011576603e-05	0
NEG_ICCTX006_093	0	ASP000068	ICCTX006	matched_random_locus	GCT	0	pam_only	3	1.2845235940780846e-05	0
NEG_ICCTX006_094	0	ASP000068	ICCTX006	matched_random_locus	GAC	0	pam_only	3	0.014915983158095761	0
NEG_ICCTX006_095	0	ASP000068	ICCTX006	matched_random_locus	ACG	0	pam_only	3	4.7748477485715684e-05	0
NEG_ICCTX006_096	0	ASP000068	ICCTX006	matched_random_locus	GTG	1	pam_only	3	0.0011474962402089227	0
NEG_ICCTX006_097	0	ASP000068	ICCTX006	matched_random_locus	AAA	0	pam_only	3	0.0018212152764845316	0
NEG_ICCTX006_098	0	ASP000068	ICCTX006	matched_random_locus	GCA	0	pam_only	3	7.866707626437072e-05	0
NEG_ICCTX006_099	0	ASP000068	ICCTX006	matched_random_locus	TCC	0	pam_only	3	0.18619923910733446	0
NEG_ICCTX006_100	0	ASP000068	ICCTX006	matched_random_locus	TCC	0	pam_only	3	0.18619923910733446	0
POS_ICCTX007	1	ASP000074	ICCTX007	observed_target	TTC	1	pam_only	4	0.9527064190917073	1
NEG_ICCTX007_001	0	ASP000074	ICCTX007	matched_random_locus	CTT	1	pam_only	4	0.0013230113932768397	0
NEG_ICCTX007_002	0	ASP000074	ICCTX007	matched_random_locus	CTC	0	pam_only	4	0.2095672491039929	0
NEG_ICCTX007_003	0	ASP000074	ICCTX007	matched_random_locus	CTT	0	pam_only	4	0.0013230113932768397	0
NEG_ICCTX007_004	0	ASP000074	ICCTX007	matched_random_locus	TGA	0	pam_only	4	0.0056878885532775664	0
NEG_ICCTX007_005	0	ASP000074	ICCTX007	matched_random_locus	CCA	0	pam_only	4	8.508643517570471e-05	0
NEG_ICCTX007_006	0	ASP000074	ICCTX007	matched_random_locus	AGT	0	pam_only	4	4.15211571026983e-05	0
NEG_ICCTX007_007	0	ASP000074	ICCTX007	matched_random_locus	ATT	1	pam_only	4	0.004422870430243017	0
NEG_ICCTX007_008	0	ASP000074	ICCTX007	matched_random_locus	GTA	0	pam_only	4	0.006482825987865401	0
NEG_ICCTX007_009	0	ASP000074	ICCTX007	matched_random_locus	GAC	0	pam_only	4	0.014403689174678333	0
NEG_ICCTX007_010	0	ASP000074	ICCTX007	matched_random_locus	GTT	1	pam_only	4	0.0010719880689949869	0
NEG_ICCTX007_011	0	ASP000074	ICCTX007	matched_random_locus	CTA	0	pam_only	4	0.00799074899813777	0
NEG_ICCTX007_012	0	ASP000074	ICCTX007	matched_random_locus	GCT	1	pam_only	4	1.1336431092683872e-05	0
NEG_ICCTX007_013	0	ASP000074	ICCTX007	matched_random_locus	GAT	0	pam_only	4	7.301683681384282e-05	0
NEG_ICCTX007_014	0	ASP000074	ICCTX007	matched_random_locus	CTA	0	pam_only	4	0.00799074899813777	0
NEG_ICCTX007_015	0	ASP000074	ICCTX007	matched_random_locus	CAA	0	pam_only	4	0.0005478135321219151	0
NEG_ICCTX007_016	0	ASP000074	ICCTX007	matched_random_locus	GTA	0	pam_only	4	0.006482825987865401	0
NEG_ICCTX007_017	0	ASP000074	ICCTX007	matched_random_locus	ACC	0	pam_only	4	0.009304965185330161	0
NEG_ICCTX007_018	0	ASP000074	ICCTX007	matched_random_locus	TTG	1	pam_only	4	0.09654100388196526	0
NEG_ICCTX007_019	0	ASP000074	ICCTX007	matched_random_locus	GCC	0	pam_only	4	0.0022636902394316955	0
NEG_ICCTX007_020	0	ASP000074	ICCTX007	matched_random_locus	GCT	0	pam_only	4	1.1336431092683872e-05	0
NEG_ICCTX007_021	0	ASP000074	ICCTX007	matched_random_locus	TAG	1	pam_only	4	0.007218649263258948	0
NEG_ICCTX007_022	0	ASP000074	ICCTX007	matched_random_locus	TTC	0	pam_only	4	0.9527064190917073	1
NEG_ICCTX007_023	0	ASP000074	ICCTX007	matched_random_locus	TGA	0	pam_only	4	0.0056878885532775664	0
NEG_ICCTX007_024	0	ASP000074	ICCTX007	matched_random_locus	AAT	1	pam_only	4	0.0003022017727875901	0
NEG_ICCTX007_025	0	ASP000074	ICCTX007	matched_random_locus	GGT	1	pam_only	4	1.0030199685553295e-05	0
NEG_ICCTX007_026	0	ASP000074	ICCTX007	matched_random_locus	AGC	0	pam_only	4	0.008241633511095948	0
NEG_ICCTX007_027	0	ASP000074	ICCTX007	matched_random_locus	GGC	0	pam_only	4	0.0020033782359313093	0
NEG_ICCTX007_028	0	ASP000074	ICCTX007	matched_random_locus	TGT	0	pam_only	4	0.0009399110018127618	0
NEG_ICCTX007_029	0	ASP000074	ICCTX007	matched_random_locus	CAA	0	pam_only	4	0.0005478135321219151	0
NEG_ICCTX007_030	0	ASP000074	ICCTX007	matched_random_locus	ATC	0	pam_only	4	0.47064661803665875	0
NEG_ICCTX007_031	0	ASP000074	ICCTX007	matched_random_locus	CTG	0	pam_only	4	0.0014044122206734425	0
NEG_ICCTX007_032	0	ASP000074	ICCTX007	matched_random_locus	CTT	0	pam_only	4	0.0013230113932768397	0
NEG_ICCTX007_033	0	ASP000074	ICCTX007	matched_random_locus	CCT	0	pam_only	4	1.3994519103404413e-05	0
NEG_ICCTX007_034	0	ASP000074	ICCTX007	matched_random_locus	GCT	0	pam_only	4	1.1336431092683872e-05	0
NEG_ICCTX007_035	0	ASP000074	ICCTX007	matched_random_locus	GAG	0	pam_only	4	7.751530798189138e-05	0
NEG_ICCTX007_036	0	ASP000074	ICCTX007	matched_random_locus	GAT	0	pam_only	4	7.301683681384282e-05	0
NEG_ICCTX007_037	0	ASP000074	ICCTX007	matched_random_locus	CCG	0	pam_only	4	1.4856757024863201e-05	0
NEG_ICCTX007_038	0	ASP000074	ICCTX007	matched_random_locus	GCT	0	pam_only	4	1.1336431092683872e-05	0
NEG_ICCTX007_039	0	ASP000074	ICCTX007	matched_random_locus	TTG	0	pam_only	4	0.09654100388196526	0
NEG_ICCTX007_040	0	ASP000074	ICCTX007	matched_random_locus	TAC	0	pam_only	4	0.5781912101785173	1
NEG_ICCTX007_041	0	ASP000074	ICCTX007	matched_random_locus	TGC	0	pam_only	4	0.15845084402752088	0
NEG_ICCTX007_042	0	ASP000074	ICCTX007	matched_random_locus	TTA	0	pam_only	4	0.3796627743581386	0
NEG_ICCTX007_043	0	ASP000074	ICCTX007	matched_random_locus	GCT	0	pam_only	4	1.1336431092683872e-05	0
NEG_ICCTX007_044	0	ASP000074	ICCTX007	matched_random_locus	CAG	0	pam_only	4	9.568907680932976e-05	0
NEG_ICCTX007_045	0	ASP000074	ICCTX007	matched_random_locus	AAT	0	pam_only	4	0.0003022017727875901	0
NEG_ICCTX007_046	0	ASP000074	ICCTX007	matched_random_locus	TGC	1	pam_only	4	0.15845084402752088	0
NEG_ICCTX007_047	0	ASP000074	ICCTX007	matched_random_locus	GAT	0	pam_only	4	7.301683681384282e-05	0
NEG_ICCTX007_048	0	ASP000074	ICCTX007	matched_random_locus	TGA	0	pam_only	4	0.0056878885532775664	0
NEG_ICCTX007_049	0	ASP000074	ICCTX007	matched_random_locus	TAA	1	pam_only	4	0.03998058606075236	0
NEG_ICCTX007_050	0	ASP000074	ICCTX007	matched_random_locus	TCG	0	pam_only	4	0.0011275580535051626	0
NEG_ICCTX007_051	0	ASP000074	ICCTX007	matched_random_locus	CAA	0	pam_only	4	0.0005478135321219151	0
NEG_ICCTX007_052	0	ASP000074	ICCTX007	matched_random_locus	GTA	0	pam_only	4	0.006482825987865401	0
NEG_ICCTX007_053	0	ASP000074	ICCTX007	matched_random_locus	GAC	0	pam_only	4	0.014403689174678333	0
NEG_ICCTX007_054	0	ASP000074	ICCTX007	matched_random_locus	GGT	1	pam_only	4	1.0030199685553295e-05	0
NEG_ICCTX007_055	0	ASP000074	ICCTX007	matched_random_locus	TTT	0	pam_only	4	0.09145039618010342	0
NEG_ICCTX007_056	0	ASP000074	ICCTX007	matched_random_locus	TAT	0	pam_only	4	0.006802546389875229	0
NEG_ICCTX007_057	0	ASP000074	ICCTX007	matched_random_locus	AAC	0	pam_only	4	0.0570476754208636	0
NEG_ICCTX007_058	0	ASP000074	ICCTX007	matched_random_locus	ATG	0	pam_only	4	0.004694099595693943	0
NEG_ICCTX007_059	0	ASP000074	ICCTX007	matched_random_locus	TAC	0	pam_only	4	0.5781912101785173	1
NEG_ICCTX007_060	0	ASP000074	ICCTX007	matched_random_locus	GCA	0	pam_only	4	6.89262365672472e-05	0
NEG_ICCTX007_061	0	ASP000074	ICCTX007	matched_random_locus	ACG	1	pam_only	4	4.981952703942434e-05	0
NEG_ICCTX007_062	0	ASP000074	ICCTX007	matched_random_locus	CGG	0	pam_only	4	1.3144904147213025e-05	0
NEG_ICCTX007_063	0	ASP000074	ICCTX007	matched_random_locus	CCT	0	pam_only	4	1.3994519103404413e-05	0
NEG_ICCTX007_064	0	ASP000074	ICCTX007	matched_random_locus	TTC	0	pam_only	4	0.9527064190917073	1
NEG_ICCTX007_065	0	ASP000074	ICCTX007	matched_random_locus	AAT	0	pam_only	4	0.0003022017727875901	0
NEG_ICCTX007_066	0	ASP000074	ICCTX007	matched_random_locus	ATT	0	pam_only	4	0.004422870430243017	0
NEG_ICCTX007_067	0	ASP000074	ICCTX007	matched_random_locus	GAC	0	pam_only	4	0.014403689174678333	0
NEG_ICCTX007_068	0	ASP000074	ICCTX007	matched_random_locus	CGC	0	pam_only	4	0.002471961900783218	0
NEG_ICCTX007_069	0	ASP000074	ICCTX007	matched_random_locus	CAT	0	pam_only	4	9.013601645565629e-05	0
NEG_ICCTX007_070	0	ASP000074	ICCTX007	matched_random_locus	CTG	1	pam_only	4	0.0014044122206734425	0
NEG_ICCTX007_071	0	ASP000074	ICCTX007	matched_random_locus	AAT	0	pam_only	4	0.0003022017727875901	0
NEG_ICCTX007_072	0	ASP000074	ICCTX007	matched_random_locus	TTG	0	pam_only	4	0.09654100388196526	0
NEG_ICCTX007_073	0	ASP000074	ICCTX007	matched_random_locus	AAA	0	pam_only	4	0.0018346953820312494	0
NEG_ICCTX007_074	0	ASP000074	ICCTX007	matched_random_locus	GAA	0	pam_only	4	0.0004438080406706737	0
NEG_ICCTX007_075	0	ASP000074	ICCTX007	matched_random_locus	CAG	0	pam_only	4	9.568907680932976e-05	0
NEG_ICCTX007_076	0	ASP000074	ICCTX007	matched_random_locus	TCT	0	pam_only	4	0.0010621868409666395	0
NEG_ICCTX007_077	0	ASP000074	ICCTX007	matched_random_locus	GTG	1	pam_only	4	0.0011379618010223863	0
NEG_ICCTX007_078	0	ASP000074	ICCTX007	matched_random_locus	GCA	1	pam_only	4	6.89262365672472e-05	0
NEG_ICCTX007_079	0	ASP000074	ICCTX007	matched_random_locus	TGA	0	pam_only	4	0.0056878885532775664	0
NEG_ICCTX007_080	0	ASP000074	ICCTX007	matched_random_locus	TCA	1	pam_only	4	0.006423871400812064	0
NEG_ICCTX007_081	0	ASP000074	ICCTX007	matched_random_locus	ATC	0	pam_only	4	0.47064661803665875	0
NEG_ICCTX007_082	0	ASP000074	ICCTX007	matched_random_locus	CCC	0	pam_only	4	0.0027929896410217744	0
NEG_ICCTX007_083	0	ASP000074	ICCTX007	matched_random_locus	GTC	0	pam_only	4	0.17679959986113786	0
NEG_ICCTX007_084	0	ASP000074	ICCTX007	matched_random_locus	AGT	0	pam_only	4	4.15211571026983e-05	0
NEG_ICCTX007_085	0	ASP000074	ICCTX007	matched_random_locus	TCC	0	pam_only	4	0.17546533427204072	0
NEG_ICCTX007_086	0	ASP000074	ICCTX007	matched_random_locus	CGA	0	pam_only	4	7.528305697004098e-05	0
NEG_ICCTX007_087	0	ASP000074	ICCTX007	matched_random_locus	AAT	1	pam_only	4	0.0003022017727875901	0
NEG_ICCTX007_088	0	ASP000074	ICCTX007	matched_random_locus	AAT	0	pam_only	4	0.0003022017727875901	0
NEG_ICCTX007_089	0	ASP000074	ICCTX007	matched_random_locus	GCT	0	pam_only	4	1.1336431092683872e-05	0
NEG_ICCTX007_090	0	ASP000074	ICCTX007	matched_random_locus	CTT	0	pam_only	4	0.0013230113932768397	0
NEG_ICCTX007_091	0	ASP000074	ICCTX007	matched_random_locus	GCT	0	pam_only	4	1.1336431092683872e-05	0
NEG_ICCTX007_092	0	ASP000074	ICCTX007	matched_random_locus	TCA	0	pam_only	4	0.006423871400812064	0
NEG_ICCTX007_093	0	ASP000074	ICCTX007	matched_random_locus	TAT	1	pam_only	4	0.006802546389875229	0
NEG_ICCTX007_094	0	ASP000074	ICCTX007	matched_random_locus	TTT	0	pam_only	4	0.09145039618010342	0
NEG_ICCTX007_095	0	ASP000074	ICCTX007	matched_random_locus	TCC	0	pam_only	4	0.17546533427204072	0
NEG_ICCTX007_096	0	ASP000074	ICCTX007	matched_random_locus	TAA	0	pam_only	4	0.03998058606075236	0
NEG_ICCTX007_097	0	ASP000074	ICCTX007	matched_random_locus	CTT	0	pam_only	4	0.0013230113932768397	0
NEG_ICCTX007_098	0	ASP000074	ICCTX007	matched_random_locus	GGG	0	pam_only	4	1.0648188404050062e-05	0
NEG_ICCTX007_099	0	ASP000074	ICCTX007	matched_random_locus	AAT	0	pam_only	4	0.0003022017727875901	0
NEG_ICCTX007_100	0	ASP000074	ICCTX007	matched_random_locus	GAG	0	pam_only	4	7.751530798189138e-05	0
POS_ICCTX008	1	ASP000086	ICCTX008	observed_target	TTC	1	pam_only	2	0.9502679051437448	1
NEG_ICCTX008_001	0	ASP000086	ICCTX008	matched_random_locus	TAT	0	pam_only	2	0.006882057151404081	0
NEG_ICCTX008_002	0	ASP000086	ICCTX008	matched_random_locus	TTA	0	pam_only	2	0.4116770266009463	0
NEG_ICCTX008_003	0	ASP000086	ICCTX008	matched_random_locus	AGA	0	pam_only	2	0.00027318916567126654	0
NEG_ICCTX008_004	0	ASP000086	ICCTX008	matched_random_locus	CTG	0	pam_only	2	0.0013526161199362353	0
NEG_ICCTX008_005	0	ASP000086	ICCTX008	matched_random_locus	CGC	0	pam_only	2	0.0020331104804624006	0
NEG_ICCTX008_006	0	ASP000086	ICCTX008	matched_random_locus	GAA	0	pam_only	2	0.0005114929585781321	0
NEG_ICCTX008_007	0	ASP000086	ICCTX008	matched_random_locus	CCG	0	pam_only	2	1.6393675826929034e-05	0
NEG_ICCTX008_008	0	ASP000086	ICCTX008	matched_random_locus	TAT	0	pam_only	2	0.006882057151404081	0
NEG_ICCTX008_009	0	ASP000086	ICCTX008	matched_random_locus	TCT	0	pam_only	2	0.0013595689505396435	0
NEG_ICCTX008_010	0	ASP000086	ICCTX008	matched_random_locus	TAA	1	pam_only	2	0.041329177323558654	0
NEG_ICCTX008_011	0	ASP000086	ICCTX008	matched_random_locus	GTC	0	pam_only	2	0.18488538855032732	0
NEG_ICCTX008_012	0	ASP000086	ICCTX008	matched_random_locus	GGA	0	pam_only	2	7.678206610613341e-05	0
NEG_ICCTX008_013	0	ASP000086	ICCTX008	matched_random_locus	GCT	1	pam_only	2	1.6160681764179932e-05	0
NEG_ICCTX008_014	0	ASP000086	ICCTX008	matched_random_locus	CCC	0	pam_only	2	0.0026603042679485137	0
NEG_ICCTX008_015	0	ASP000086	ICCTX008	matched_random_locus	AAG	0	pam_only	2	0.00030554970373222013	0
NEG_ICCTX008_016	0	ASP000086	ICCTX008	matched_random_locus	TTG	1	pam_only	2	0.10509487973895042	0
NEG_ICCTX008_017	0	ASP000086	ICCTX008	matched_random_locus	GGT	0	pam_only	2	1.2342921777174434e-05	0
NEG_ICCTX008_018	0	ASP000086	ICCTX008	matched_random_locus	ATC	1	pam_only	2	0.4466531180990305	0
NEG_ICCTX008_019	0	ASP000086	ICCTX008	matched_random_locus	GCG	0	pam_only	2	1.6873023570952318e-05	0
NEG_ICCTX008_020	0	ASP000086	ICCTX008	matched_random_locus	TGA	0	pam_only	2	0.006427147314319357	0
NEG_ICCTX008_021	0	ASP000086	ICCTX008	matched_random_locus	ATT	0	pam_only	2	0.004729072081940863	0
NEG_ICCTX008_022	0	ASP000086	ICCTX008	matched_random_locus	GCA	1	pam_only	2	0.00010052934192478222	0
NEG_ICCTX008_023	0	ASP000086	ICCTX008	matched_random_locus	ACA	0	pam_only	2	0.00035765980439701246	0
NEG_ICCTX008_024	0	ASP000086	ICCTX008	matched_random_locus	ACC	0	pam_only	2	0.009675457676022941	0
NEG_ICCTX008_025	0	ASP000086	ICCTX008	matched_random_locus	AGC	1	pam_only	2	0.007406652617508114	0
NEG_ICCTX008_026	0	ASP000086	ICCTX008	matched_random_locus	TCG	0	pam_only	2	0.001419412926498619	0
NEG_ICCTX008_027	0	ASP000086	ICCTX008	matched_random_locus	AGA	0	pam_only	2	0.00027318916567126654	0
NEG_ICCTX008_028	0	ASP000086	ICCTX008	matched_random_locus	AAA	0	pam_only	2	0.0018178608657571412	0
NEG_ICCTX008_029	0	ASP000086	ICCTX008	matched_random_locus	CTG	0	pam_only	2	0.0013526161199362353	0
NEG_ICCTX008_030	0	ASP000086	ICCTX008	matched_random_locus	TTG	0	pam_only	2	0.10509487973895042	0
NEG_ICCTX008_031	0	ASP000086	ICCTX008	matched_random_locus	ATC	0	pam_only	2	0.4466531180990305	0
NEG_ICCTX008_032	0	ASP000086	ICCTX008	matched_random_locus	GTG	0	pam_only	2	0.0013921119480199524	0
NEG_ICCTX008_033	0	ASP000086	ICCTX008	matched_random_locus	AAT	0	pam_only	2	0.0002926536364787844	0
NEG_ICCTX008_034	0	ASP000086	ICCTX008	matched_random_locus	TAT	0	pam_only	2	0.006882057151404081	0
NEG_ICCTX008_035	0	ASP000086	ICCTX008	matched_random_locus	TTC	0	pam_only	2	0.9502679051437448	1
NEG_ICCTX008_036	0	ASP000086	ICCTX008	matched_random_locus	TCG	0	pam_only	2	0.001419412926498619	0
NEG_ICCTX008_037	0	ASP000086	ICCTX008	matched_random_locus	CCG	1	pam_only	2	1.6393675826929034e-05	0
NEG_ICCTX008_038	0	ASP000086	ICCTX008	matched_random_locus	TAA	0	pam_only	2	0.041329177323558654	0
NEG_ICCTX008_039	0	ASP000086	ICCTX008	matched_random_locus	CAA	0	pam_only	2	0.0004969688773458368	0
NEG_ICCTX008_040	0	ASP000086	ICCTX008	matched_random_locus	ACA	0	pam_only	2	0.00035765980439701246	0
NEG_ICCTX008_041	0	ASP000086	ICCTX008	matched_random_locus	CGC	0	pam_only	2	0.0020331104804624006	0
NEG_ICCTX008_042	0	ASP000086	ICCTX008	matched_random_locus	GCG	0	pam_only	2	1.6873023570952318e-05	0
NEG_ICCTX008_043	0	ASP000086	ICCTX008	matched_random_locus	CCA	0	pam_only	2	9.767362396569207e-05	0
NEG_ICCTX008_044	0	ASP000086	ICCTX008	matched_random_locus	CCG	0	pam_only	2	1.6393675826929034e-05	0
NEG_ICCTX008_045	0	ASP000086	ICCTX008	matched_random_locus	AAG	0	pam_only	2	0.00030554970373222013	0
NEG_ICCTX008_046	0	ASP000086	ICCTX008	matched_random_locus	AAT	0	pam_only	2	0.0002926536364787844	0
NEG_ICCTX008_047	0	ASP000086	ICCTX008	matched_random_locus	AGA	0	pam_only	2	0.00027318916567126654	0
NEG_ICCTX008_048	0	ASP000086	ICCTX008	matched_random_locus	TCA	0	pam_only	2	0.008398449100708083	0
NEG_ICCTX008_049	0	ASP000086	ICCTX008	matched_random_locus	CGG	0	pam_only	2	1.2520874580819355e-05	0
NEG_ICCTX008_050	0	ASP000086	ICCTX008	matched_random_locus	CAC	0	pam_only	2	0.013395430712184865	0
NEG_ICCTX008_051	0	ASP000086	ICCTX008	matched_random_locus	AGT	0	pam_only	2	4.392312711134235e-05	0
NEG_ICCTX008_052	0	ASP000086	ICCTX008	matched_random_locus	GAA	0	pam_only	2	0.0005114929585781321	0
NEG_ICCTX008_053	0	ASP000086	ICCTX008	matched_random_locus	ATG	0	pam_only	2	0.004936497901140108	0
NEG_ICCTX008_054	0	ASP000086	ICCTX008	matched_random_locus	GTT	0	pam_only	2	0.0013334174736868726	0
NEG_ICCTX008_055	0	ASP000086	ICCTX008	matched_random_locus	AGG	0	pam_only	2	4.5859145234893965e-05	0
NEG_ICCTX008_056	0	ASP000086	ICCTX008	matched_random_locus	ATT	0	pam_only	2	0.004729072081940863	0
NEG_ICCTX008_057	0	ASP000086	ICCTX008	matched_random_locus	ATC	1	pam_only	2	0.4466531180990305	0
NEG_ICCTX008_058	0	ASP000086	ICCTX008	matched_random_locus	ATA	0	pam_only	2	0.028711293499824635	0
NEG_ICCTX008_059	0	ASP000086	ICCTX008	matched_random_locus	TGC	0	pam_only	2	0.15012178451802655	0
NEG_ICCTX008_060	0	ASP000086	ICCTX008	matched_random_locus	GGA	1	pam_only	2	7.678206610613341e-05	0
NEG_ICCTX008_061	0	ASP000086	ICCTX008	matched_random_locus	TGC	0	pam_only	2	0.15012178451802655	0
NEG_ICCTX008_062	0	ASP000086	ICCTX008	matched_random_locus	GCT	0	pam_only	2	1.6160681764179932e-05	0
NEG_ICCTX008_063	0	ASP000086	ICCTX008	matched_random_locus	TCC	0	pam_only	2	0.18783434354043743	0
NEG_ICCTX008_064	0	ASP000086	ICCTX008	matched_random_locus	TGC	1	pam_only	2	0.15012178451802655	0
NEG_ICCTX008_065	0	ASP000086	ICCTX008	matched_random_locus	ACC	0	pam_only	2	0.009675457676022941	0
NEG_ICCTX008_066	0	ASP000086	ICCTX008	matched_random_locus	ATC	0	pam_only	2	0.4466531180990305	0
NEG_ICCTX008_067	0	ASP000086	ICCTX008	matched_random_locus	GGG	0	pam_only	2	1.2886983864112808e-05	0
NEG_ICCTX008_068	0	ASP000086	ICCTX008	matched_random_locus	CTT	0	pam_only	2	0.0012955847153560123	0
NEG_ICCTX008_069	0	ASP000086	ICCTX008	matched_random_locus	CGC	0	pam_only	2	0.0020331104804624006	0
NEG_ICCTX008_070	0	ASP000086	ICCTX008	matched_random_locus	GTC	0	pam_only	2	0.18488538855032732	0
NEG_ICCTX008_071	0	ASP000086	ICCTX008	matched_random_locus	AAA	1	pam_only	2	0.0018178608657571412	0
NEG_ICCTX008_072	0	ASP000086	ICCTX008	matched_random_locus	TAA	0	pam_only	2	0.041329177323558654	0
NEG_ICCTX008_073	0	ASP000086	ICCTX008	matched_random_locus	GCG	0	pam_only	2	1.6873023570952318e-05	0
NEG_ICCTX008_074	0	ASP000086	ICCTX008	matched_random_locus	CCG	1	pam_only	2	1.6393675826929034e-05	0
NEG_ICCTX008_075	0	ASP000086	ICCTX008	matched_random_locus	CTC	0	pam_only	2	0.18058137813109856	0
NEG_ICCTX008_076	0	ASP000086	ICCTX008	matched_random_locus	CAA	0	pam_only	2	0.0004969688773458368	0
NEG_ICCTX008_077	0	ASP000086	ICCTX008	matched_random_locus	CGG	1	pam_only	2	1.2520874580819355e-05	0
NEG_ICCTX008_078	0	ASP000086	ICCTX008	matched_random_locus	TTG	0	pam_only	2	0.10509487973895042	0
NEG_ICCTX008_079	0	ASP000086	ICCTX008	matched_random_locus	GAA	0	pam_only	2	0.0005114929585781321	0
NEG_ICCTX008_080	0	ASP000086	ICCTX008	matched_random_locus	ATC	0	pam_only	2	0.4466531180990305	0
NEG_ICCTX008_081	0	ASP000086	ICCTX008	matched_random_locus	AGC	0	pam_only	2	0.007406652617508114	0
NEG_ICCTX008_082	0	ASP000086	ICCTX008	matched_random_locus	CTG	0	pam_only	2	0.0013526161199362353	0
NEG_ICCTX008_083	0	ASP000086	ICCTX008	matched_random_locus	AGA	0	pam_only	2	0.00027318916567126654	0
NEG_ICCTX008_084	0	ASP000086	ICCTX008	matched_random_locus	CAA	0	pam_only	2	0.0004969688773458368	0
NEG_ICCTX008_085	0	ASP000086	ICCTX008	matched_random_locus	TCC	0	pam_only	2	0.18783434354043743	0
NEG_ICCTX008_086	0	ASP000086	ICCTX008	matched_random_locus	GTT	0	pam_only	2	0.0013334174736868726	0
NEG_ICCTX008_087	0	ASP000086	ICCTX008	matched_random_locus	CCA	0	pam_only	2	9.767362396569207e-05	0
NEG_ICCTX008_088	0	ASP000086	ICCTX008	matched_random_locus	GCA	0	pam_only	2	0.00010052934192478222	0
NEG_ICCTX008_089	0	ASP000086	ICCTX008	matched_random_locus	AGG	0	pam_only	2	4.5859145234893965e-05	0
NEG_ICCTX008_090	0	ASP000086	ICCTX008	matched_random_locus	TTG	0	pam_only	2	0.10509487973895042	0
NEG_ICCTX008_091	0	ASP000086	ICCTX008	matched_random_locus	TTA	0	pam_only	2	0.4116770266009463	0
NEG_ICCTX008_092	0	ASP000086	ICCTX008	matched_random_locus	AAT	0	pam_only	2	0.0002926536364787844	0
NEG_ICCTX008_093	0	ASP000086	ICCTX008	matched_random_locus	GCT	0	pam_only	2	1.6160681764179932e-05	0
NEG_ICCTX008_094	0	ASP000086	ICCTX008	matched_random_locus	TCA	0	pam_only	2	0.008398449100708083	0
NEG_ICCTX008_095	0	ASP000086	ICCTX008	matched_random_locus	CAC	1	pam_only	2	0.013395430712184865	0
NEG_ICCTX008_096	0	ASP000086	ICCTX008	matched_random_locus	TGA	0	pam_only	2	0.006427147314319357	0
NEG_ICCTX008_097	0	ASP000086	ICCTX008	matched_random_locus	TCC	0	pam_only	2	0.18783434354043743	0
NEG_ICCTX008_098	0	ASP000086	ICCTX008	matched_random_locus	GAA	0	pam_only	2	0.0005114929585781321	0
NEG_ICCTX008_099	0	ASP000086	ICCTX008	matched_random_locus	GCG	0	pam_only	2	1.6873023570952318e-05	0
NEG_ICCTX008_100	0	ASP000086	ICCTX008	matched_random_locus	CTT	0	pam_only	2	0.0012955847153560123	0
POS_ICCTX009	1	ASP000086	ICCTX009	observed_target	TTC	1	pam_only	2	0.9502679051437448	1
NEG_ICCTX009_001	0	ASP000086	ICCTX009	matched_random_locus	TGG	1	pam_only	2	0.0010844537869000401	0
NEG_ICCTX009_002	0	ASP000086	ICCTX009	matched_random_locus	TTG	1	pam_only	2	0.10509487973895042	0
NEG_ICCTX009_003	0	ASP000086	ICCTX009	matched_random_locus	ACA	1	pam_only	2	0.00035765980439701246	0
NEG_ICCTX009_004	0	ASP000086	ICCTX009	matched_random_locus	TTC	1	pam_only	2	0.9502679051437448	1
NEG_ICCTX009_005	0	ASP000086	ICCTX009	matched_random_locus	ACT	1	pam_only	2	5.750832408522269e-05	0
NEG_ICCTX009_006	0	ASP000086	ICCTX009	matched_random_locus	CTT	1	pam_only	2	0.0012955847153560123	0
NEG_ICCTX009_007	0	ASP000086	ICCTX009	matched_random_locus	CTT	1	pam_only	2	0.0012955847153560123	0
NEG_ICCTX009_008	0	ASP000086	ICCTX009	matched_random_locus	CCT	1	pam_only	2	1.5701570705957123e-05	0
NEG_ICCTX009_009	0	ASP000086	ICCTX009	matched_random_locus	TGG	0	pam_only	2	0.0010844537869000401	0
NEG_ICCTX009_010	0	ASP000086	ICCTX009	matched_random_locus	TAA	0	pam_only	2	0.041329177323558654	0
NEG_ICCTX009_011	0	ASP000086	ICCTX009	matched_random_locus	TAT	1	pam_only	2	0.006882057151404081	0
NEG_ICCTX009_012	0	ASP000086	ICCTX009	matched_random_locus	GGA	0	pam_only	2	7.678206610613341e-05	0
NEG_ICCTX009_013	0	ASP000086	ICCTX009	matched_random_locus	CGT	0	pam_only	2	1.1992268693259455e-05	0
NEG_ICCTX009_014	0	ASP000086	ICCTX009	matched_random_locus	AGG	0	pam_only	2	4.5859145234893965e-05	0
NEG_ICCTX009_015	0	ASP000086	ICCTX009	matched_random_locus	AAT	0	pam_only	2	0.0002926536364787844	0
NEG_ICCTX009_016	0	ASP000086	ICCTX009	matched_random_locus	GCG	0	pam_only	2	1.6873023570952318e-05	0
NEG_ICCTX009_017	0	ASP000086	ICCTX009	matched_random_locus	AGA	0	pam_only	2	0.00027318916567126654	0
NEG_ICCTX009_018	0	ASP000086	ICCTX009	matched_random_locus	TGT	1	pam_only	2	0.0010387173587449044	0
NEG_ICCTX009_019	0	ASP000086	ICCTX009	matched_random_locus	AAT	1	pam_only	2	0.0002926536364787844	0
NEG_ICCTX009_020	0	ASP000086	ICCTX009	matched_random_locus	CTT	1	pam_only	2	0.0012955847153560123	0
NEG_ICCTX009_021	0	ASP000086	ICCTX009	matched_random_locus	TGG	1	pam_only	2	0.0010844537869000401	0
NEG_ICCTX009_022	0	ASP000086	ICCTX009	matched_random_locus	TCG	0	pam_only	2	0.001419412926498619	0
NEG_ICCTX009_023	0	ASP000086	ICCTX009	matched_random_locus	TTC	0	pam_only	2	0.9502679051437448	1
NEG_ICCTX009_024	0	ASP000086	ICCTX009	matched_random_locus	CGT	0	pam_only	2	1.1992268693259455e-05	0
NEG_ICCTX009_025	0	ASP000086	ICCTX009	matched_random_locus	CTT	1	pam_only	2	0.0012955847153560123	0
NEG_ICCTX009_026	0	ASP000086	ICCTX009	matched_random_locus	ATT	1	pam_only	2	0.004729072081940863	0
NEG_ICCTX009_027	0	ASP000086	ICCTX009	matched_random_locus	TGG	0	pam_only	2	0.0010844537869000401	0
NEG_ICCTX009_028	0	ASP000086	ICCTX009	matched_random_locus	TCT	0	pam_only	2	0.0013595689505396435	0
NEG_ICCTX009_029	0	ASP000086	ICCTX009	matched_random_locus	TTT	0	pam_only	2	0.10110653841960134	0
NEG_ICCTX009_030	0	ASP000086	ICCTX009	matched_random_locus	GAG	1	pam_only	2	8.587926053720116e-05	0
NEG_ICCTX009_031	0	ASP000086	ICCTX009	matched_random_locus	GTA	1	pam_only	2	0.008238020788778354	0
NEG_ICCTX009_032	0	ASP000086	ICCTX009	matched_random_locus	AAT	1	pam_only	2	0.0002926536364787844	0
NEG_ICCTX009_033	0	ASP000086	ICCTX009	matched_random_locus	TAA	0	pam_only	2	0.041329177323558654	0
NEG_ICCTX009_034	0	ASP000086	ICCTX009	matched_random_locus	GAG	1	pam_only	2	8.587926053720116e-05	0
NEG_ICCTX009_035	0	ASP000086	ICCTX009	matched_random_locus	AAA	1	pam_only	2	0.0018178608657571412	0
NEG_ICCTX009_036	0	ASP000086	ICCTX009	matched_random_locus	GTC	0	pam_only	2	0.18488538855032732	0
NEG_ICCTX009_037	0	ASP000086	ICCTX009	matched_random_locus	ACA	1	pam_only	2	0.00035765980439701246	0
NEG_ICCTX009_038	0	ASP000086	ICCTX009	matched_random_locus	CTC	0	pam_only	2	0.18058137813109856	0
NEG_ICCTX009_039	0	ASP000086	ICCTX009	matched_random_locus	TTA	1	pam_only	2	0.4116770266009463	0
NEG_ICCTX009_040	0	ASP000086	ICCTX009	matched_random_locus	AAA	1	pam_only	2	0.0018178608657571412	0
NEG_ICCTX009_041	0	ASP000086	ICCTX009	matched_random_locus	GGA	0	pam_only	2	7.678206610613341e-05	0
NEG_ICCTX009_042	0	ASP000086	ICCTX009	matched_random_locus	TGC	1	pam_only	2	0.15012178451802655	0
NEG_ICCTX009_043	0	ASP000086	ICCTX009	matched_random_locus	ATG	1	pam_only	2	0.004936497901140108	0
NEG_ICCTX009_044	0	ASP000086	ICCTX009	matched_random_locus	GGC	0	pam_only	2	0.002092434827510445	0
NEG_ICCTX009_045	0	ASP000086	ICCTX009	matched_random_locus	CGT	1	pam_only	2	1.1992268693259455e-05	0
NEG_ICCTX009_046	0	ASP000086	ICCTX009	matched_random_locus	CCA	1	pam_only	2	9.767362396569207e-05	0
NEG_ICCTX009_047	0	ASP000086	ICCTX009	matched_random_locus	CCT	0	pam_only	2	1.5701570705957123e-05	0
NEG_ICCTX009_048	0	ASP000086	ICCTX009	matched_random_locus	ATT	1	pam_only	2	0.004729072081940863	0
NEG_ICCTX009_049	0	ASP000086	ICCTX009	matched_random_locus	CCT	0	pam_only	2	1.5701570705957123e-05	0
NEG_ICCTX009_050	0	ASP000086	ICCTX009	matched_random_locus	TGG	1	pam_only	2	0.0010844537869000401	0
NEG_ICCTX009_051	0	ASP000086	ICCTX009	matched_random_locus	ATA	0	pam_only	2	0.028711293499824635	0
NEG_ICCTX009_052	0	ASP000086	ICCTX009	matched_random_locus	GTG	1	pam_only	2	0.0013921119480199524	0
NEG_ICCTX009_053	0	ASP000086	ICCTX009	matched_random_locus	GGT	1	pam_only	2	1.2342921777174434e-05	0
NEG_ICCTX009_054	0	ASP000086	ICCTX009	matched_random_locus	GCG	1	pam_only	2	1.6873023570952318e-05	0
NEG_ICCTX009_055	0	ASP000086	ICCTX009	matched_random_locus	CGC	0	pam_only	2	0.0020331104804624006	0
NEG_ICCTX009_056	0	ASP000086	ICCTX009	matched_random_locus	TTT	1	pam_only	2	0.10110653841960134	0
NEG_ICCTX009_057	0	ASP000086	ICCTX009	matched_random_locus	CTT	1	pam_only	2	0.0012955847153560123	0
NEG_ICCTX009_058	0	ASP000086	ICCTX009	matched_random_locus	CAC	1	pam_only	2	0.013395430712184865	0
NEG_ICCTX009_059	0	ASP000086	ICCTX009	matched_random_locus	TTG	0	pam_only	2	0.10509487973895042	0
NEG_ICCTX009_060	0	ASP000086	ICCTX009	matched_random_locus	GTG	0	pam_only	2	0.0013921119480199524	0
NEG_ICCTX009_061	0	ASP000086	ICCTX009	matched_random_locus	GAT	1	pam_only	2	8.225386737535767e-05	0
NEG_ICCTX009_062	0	ASP000086	ICCTX009	matched_random_locus	CAC	1	pam_only	2	0.013395430712184865	0
NEG_ICCTX009_063	0	ASP000086	ICCTX009	matched_random_locus	TAT	0	pam_only	2	0.006882057151404081	0
NEG_ICCTX009_064	0	ASP000086	ICCTX009	matched_random_locus	ATA	1	pam_only	2	0.028711293499824635	0
NEG_ICCTX009_065	0	ASP000086	ICCTX009	matched_random_locus	AAT	1	pam_only	2	0.0002926536364787844	0
NEG_ICCTX009_066	0	ASP000086	ICCTX009	matched_random_locus	TTT	0	pam_only	2	0.10110653841960134	0
NEG_ICCTX009_067	0	ASP000086	ICCTX009	matched_random_locus	ACG	1	pam_only	2	6.0043106686822646e-05	0
NEG_ICCTX009_068	0	ASP000086	ICCTX009	matched_random_locus	GTA	0	pam_only	2	0.008238020788778354	0
NEG_ICCTX009_069	0	ASP000086	ICCTX009	matched_random_locus	TGA	1	pam_only	2	0.006427147314319357	0
NEG_ICCTX009_070	0	ASP000086	ICCTX009	matched_random_locus	GAT	1	pam_only	2	8.225386737535767e-05	0
NEG_ICCTX009_071	0	ASP000086	ICCTX009	matched_random_locus	ATT	1	pam_only	2	0.004729072081940863	0
NEG_ICCTX009_072	0	ASP000086	ICCTX009	matched_random_locus	ACC	0	pam_only	2	0.009675457676022941	0
NEG_ICCTX009_073	0	ASP000086	ICCTX009	matched_random_locus	GCT	1	pam_only	2	1.6160681764179932e-05	0
NEG_ICCTX009_074	0	ASP000086	ICCTX009	matched_random_locus	GGT	1	pam_only	2	1.2342921777174434e-05	0
NEG_ICCTX009_075	0	ASP000086	ICCTX009	matched_random_locus	ATG	0	pam_only	2	0.004936497901140108	0
NEG_ICCTX009_076	0	ASP000086	ICCTX009	matched_random_locus	CGT	1	pam_only	2	1.1992268693259455e-05	0
NEG_ICCTX009_077	0	ASP000086	ICCTX009	matched_random_locus	TGG	1	pam_only	2	0.0010844537869000401	0
NEG_ICCTX009_078	0	ASP000086	ICCTX009	matched_random_locus	TTA	1	pam_only	2	0.4116770266009463	0
NEG_ICCTX009_079	0	ASP000086	ICCTX009	matched_random_locus	ACT	1	pam_only	2	5.750832408522269e-05	0
NEG_ICCTX009_080	0	ASP000086	ICCTX009	matched_random_locus	CGT	0	pam_only	2	1.1992268693259455e-05	0
NEG_ICCTX009_081	0	ASP000086	ICCTX009	matched_random_locus	GAT	0	pam_only	2	8.225386737535767e-05	0
NEG_ICCTX009_082	0	ASP000086	ICCTX009	matched_random_locus	GGG	0	pam_only	2	1.2886983864112808e-05	0
NEG_ICCTX009_083	0	ASP000086	ICCTX009	matched_random_locus	GTT	1	pam_only	2	0.0013334174736868726	0
NEG_ICCTX009_084	0	ASP000086	ICCTX009	matched_random_locus	TAA	1	pam_only	2	0.041329177323558654	0
NEG_ICCTX009_085	0	ASP000086	ICCTX009	matched_random_locus	TGA	1	pam_only	2	0.006427147314319357	0
NEG_ICCTX009_086	0	ASP000086	ICCTX009	matched_random_locus	CTG	0	pam_only	2	0.0013526161199362353	0
NEG_ICCTX009_087	0	ASP000086	ICCTX009	matched_random_locus	GCT	1	pam_only	2	1.6160681764179932e-05	0
NEG_ICCTX009_088	0	ASP000086	ICCTX009	matched_random_locus	ACG	1	pam_only	2	6.0043106686822646e-05	0
NEG_ICCTX009_089	0	ASP000086	ICCTX009	matched_random_locus	TAA	1	pam_only	2	0.041329177323558654	0
NEG_ICCTX009_090	0	ASP000086	ICCTX009	matched_random_locus	ACG	1	pam_only	2	6.0043106686822646e-05	0
NEG_ICCTX009_091	0	ASP000086	ICCTX009	matched_random_locus	TCA	1	pam_only	2	0.008398449100708083	0
NEG_ICCTX009_092	0	ASP000086	ICCTX009	matched_random_locus	TAT	0	pam_only	2	0.006882057151404081	0
NEG_ICCTX009_093	0	ASP000086	ICCTX009	matched_random_locus	ATT	0	pam_only	2	0.004729072081940863	0
NEG_ICCTX009_094	0	ASP000086	ICCTX009	matched_random_locus	TTA	1	pam_only	2	0.4116770266009463	0
NEG_ICCTX009_095	0	ASP000086	ICCTX009	matched_random_locus	AAC	1	pam_only	2	0.04737417707803433	0
NEG_ICCTX009_096	0	ASP000086	ICCTX009	matched_random_locus	TGG	1	pam_only	2	0.0010844537869000401	0
NEG_ICCTX009_097	0	ASP000086	ICCTX009	matched_random_locus	GAT	1	pam_only	2	8.225386737535767e-05	0
NEG_ICCTX009_098	0	ASP000086	ICCTX009	matched_random_locus	CTA	1	pam_only	2	0.008005855714967395	0
NEG_ICCTX009_099	0	ASP000086	ICCTX009	matched_random_locus	TAC	0	pam_only	2	0.5406976040646317	1
NEG_ICCTX009_100	0	ASP000086	ICCTX009	matched_random_locus	ACA	0	pam_only	2	0.00035765980439701246	0
POS_ICCTX010	1	ASP000190	ICCTX010	observed_target	TTC	1	pam_only	3	0.9517152484144369	1
NEG_ICCTX010_001	0	ASP000190	ICCTX010	matched_random_locus	AAT	1	pam_only	3	0.0002978132941237703	0
NEG_ICCTX010_002	0	ASP000190	ICCTX010	matched_random_locus	GTC	1	pam_only	3	0.16763716486920244	0
NEG_ICCTX010_003	0	ASP000190	ICCTX010	matched_random_locus	TAA	1	pam_only	3	0.04749959902988006	0
NEG_ICCTX010_004	0	ASP000190	ICCTX010	matched_random_locus	GCG	1	pam_only	3	1.333542622883122e-05	0
NEG_ICCTX010_005	0	ASP000190	ICCTX010	matched_random_locus	ACG	1	pam_only	3	4.7748477485715684e-05	0
NEG_ICCTX010_006	0	ASP000190	ICCTX010	matched_random_locus	AGA	1	pam_only	3	0.00022695929536297905	0
NEG_ICCTX010_007	0	ASP000190	ICCTX010	matched_random_locus	CCG	1	pam_only	3	1.3142245280123281e-05	0
NEG_ICCTX010_008	0	ASP000190	ICCTX010	matched_random_locus	CCA	1	pam_only	3	7.752755498556613e-05	0
NEG_ICCTX010_009	0	ASP000190	ICCTX010	matched_random_locus	GCG	1	pam_only	3	1.333542622883122e-05	0
NEG_ICCTX010_010	0	ASP000190	ICCTX010	matched_random_locus	AGC	1	pam_only	3	0.0067006960600574485	0
NEG_ICCTX010_011	0	ASP000190	ICCTX010	matched_random_locus	CGT	1	pam_only	3	1.0201349380705014e-05	0
NEG_ICCTX010_012	0	ASP000190	ICCTX010	matched_random_locus	AGC	1	pam_only	3	0.0067006960600574485	0
NEG_ICCTX010_013	0	ASP000190	ICCTX010	matched_random_locus	ATT	1	pam_only	3	0.003946708292345313	0
NEG_ICCTX010_014	0	ASP000190	ICCTX010	matched_random_locus	GAT	1	pam_only	3	8.318973390989177e-05	0
NEG_ICCTX010_015	0	ASP000190	ICCTX010	matched_random_locus	TCA	1	pam_only	3	0.007640741399112166	0
NEG_ICCTX010_016	0	ASP000190	ICCTX010	matched_random_locus	CCT	1	pam_only	3	1.265915594441501e-05	0
NEG_ICCTX010_017	0	ASP000190	ICCTX010	matched_random_locus	ATA	1	pam_only	3	0.023692910143457938	0
NEG_ICCTX010_018	0	ASP000190	ICCTX010	matched_random_locus	CCA	1	pam_only	3	7.752755498556613e-05	0
NEG_ICCTX010_019	0	ASP000190	ICCTX010	matched_random_locus	GGT	1	pam_only	3	1.0351301857650302e-05	0
NEG_ICCTX010_020	0	ASP000190	ICCTX010	matched_random_locus	CGT	1	pam_only	3	1.0201349380705014e-05	0
NEG_ICCTX010_021	0	ASP000190	ICCTX010	matched_random_locus	GGG	1	pam_only	3	1.0746321520991802e-05	0
NEG_ICCTX010_022	0	ASP000190	ICCTX010	matched_random_locus	GGA	1	pam_only	3	6.33944804985344e-05	0
NEG_ICCTX010_023	0	ASP000190	ICCTX010	matched_random_locus	TAT	1	pam_only	3	0.008076504560897346	0
NEG_ICCTX010_024	0	ASP000190	ICCTX010	matched_random_locus	GAC	1	pam_only	3	0.014915983158095761	0
NEG_ICCTX010_025	0	ASP000190	ICCTX010	matched_random_locus	GTA	1	pam_only	3	0.006731795661907068	0
NEG_ICCTX010_026	0	ASP000190	ICCTX010	matched_random_locus	CAC	1	pam_only	3	0.01470307999661826	0
NEG_ICCTX010_027	0	ASP000190	ICCTX010	matched_random_locus	AGG	1	pam_only	3	3.847825414904109e-05	0
NEG_ICCTX010_028	0	ASP000190	ICCTX010	matched_random_locus	TAC	1	pam_only	3	0.5970823889256139	1
NEG_ICCTX010_029	0	ASP000190	ICCTX010	matched_random_locus	TAA	1	pam_only	3	0.04749959902988006	0
NEG_ICCTX010_030	0	ASP000190	ICCTX010	matched_random_locus	GAG	1	pam_only	3	8.636412648264483e-05	0
NEG_ICCTX010_031	0	ASP000190	ICCTX010	matched_random_locus	CTT	1	pam_only	3	0.0010893667105762357	0
NEG_ICCTX010_032	0	ASP000190	ICCTX010	matched_random_locus	GGG	1	pam_only	3	1.0746321520991802e-05	0
NEG_ICCTX010_033	0	ASP000190	ICCTX010	matched_random_locus	TCT	1	pam_only	3	0.0012555714555937086	0
NEG_ICCTX010_034	0	ASP000190	ICCTX010	matched_random_locus	CTA	1	pam_only	3	0.006634922625237766	0
NEG_ICCTX010_035	0	ASP000190	ICCTX010	matched_random_locus	GAA	1	pam_only	3	0.000509288815752368	0
NEG_ICCTX010_036	0	ASP000190	ICCTX010	matched_random_locus	ACT	1	pam_only	3	4.5993373174754205e-05	0
NEG_ICCTX010_037	0	ASP000190	ICCTX010	matched_random_locus	CTT	1	pam_only	3	0.0010893667105762357	0
NEG_ICCTX010_038	0	ASP000190	ICCTX010	matched_random_locus	GCC	1	pam_only	3	0.0023324173936708544	0
NEG_ICCTX010_039	0	ASP000190	ICCTX010	matched_random_locus	TGG	1	pam_only	3	0.0010506241438142303	0
NEG_ICCTX010_040	0	ASP000190	ICCTX010	matched_random_locus	GGC	1	pam_only	3	0.001880419691454748	0
NEG_ICCTX010_041	0	ASP000190	ICCTX010	matched_random_locus	ATG	1	pam_only	3	0.004096704612903973	0
NEG_ICCTX010_042	0	ASP000190	ICCTX010	matched_random_locus	TCT	1	pam_only	3	0.0012555714555937086	0
NEG_ICCTX010_043	0	ASP000190	ICCTX010	matched_random_locus	TTG	1	pam_only	3	0.10106851825822753	0
NEG_ICCTX010_044	0	ASP000190	ICCTX010	matched_random_locus	CTT	1	pam_only	3	0.0010893667105762357	0
NEG_ICCTX010_045	0	ASP000190	ICCTX010	matched_random_locus	AAT	1	pam_only	3	0.0002978132941237703	0
NEG_ICCTX010_046	0	ASP000190	ICCTX010	matched_random_locus	TAT	1	pam_only	3	0.008076504560897346	0
NEG_ICCTX010_047	0	ASP000190	ICCTX010	matched_random_locus	CGA	1	pam_only	3	6.247617451458696e-05	0
NEG_ICCTX010_048	0	ASP000190	ICCTX010	matched_random_locus	TTT	1	pam_only	3	0.09771637667525286	0
NEG_ICCTX010_049	0	ASP000190	ICCTX010	matched_random_locus	AAG	1	pam_only	3	0.0003091748601046782	0
NEG_ICCTX010_050	0	ASP000190	ICCTX010	matched_random_locus	AAC	1	pam_only	3	0.05142989277547395	0
NEG_ICCTX010_051	0	ASP000190	ICCTX010	matched_random_locus	ACA	1	pam_only	3	0.0002816257897265237	0
NEG_ICCTX010_052	0	ASP000190	ICCTX010	matched_random_locus	ATT	1	pam_only	3	0.003946708292345313	0
NEG_ICCTX010_053	0	ASP000190	ICCTX010	matched_random_locus	AAT	1	pam_only	3	0.0002978132941237703	0
NEG_ICCTX010_054	0	ASP000190	ICCTX010	matched_random_locus	ACC	1	pam_only	3	0.008301709800766454	0
NEG_ICCTX010_055	0	ASP000190	ICCTX010	matched_random_locus	GTA	1	pam_only	3	0.006731795661907068	0
NEG_ICCTX010_056	0	ASP000190	ICCTX010	matched_random_locus	AAA	1	pam_only	3	0.0018212152764845316	0
NEG_ICCTX010_057	0	ASP000190	ICCTX010	matched_random_locus	CAT	1	pam_only	3	8.198470565773044e-05	0
NEG_ICCTX010_058	0	ASP000190	ICCTX010	matched_random_locus	TTT	1	pam_only	3	0.09771637667525286	0
NEG_ICCTX010_059	0	ASP000190	ICCTX010	matched_random_locus	ACC	1	pam_only	3	0.008301709800766454	0
NEG_ICCTX010_060	0	ASP000190	ICCTX010	matched_random_locus	GCT	1	pam_only	3	1.2845235940780846e-05	0
NEG_ICCTX010_061	0	ASP000190	ICCTX010	matched_random_locus	AAA	1	pam_only	3	0.0018212152764845316	0
NEG_ICCTX010_062	0	ASP000190	ICCTX010	matched_random_locus	CCA	1	pam_only	3	7.752755498556613e-05	0
NEG_ICCTX010_063	0	ASP000190	ICCTX010	matched_random_locus	CCG	1	pam_only	3	1.3142245280123281e-05	0
NEG_ICCTX010_064	0	ASP000190	ICCTX010	matched_random_locus	TTG	1	pam_only	3	0.10106851825822753	0
NEG_ICCTX010_065	0	ASP000190	ICCTX010	matched_random_locus	GGG	1	pam_only	3	1.0746321520991802e-05	0
NEG_ICCTX010_066	0	ASP000190	ICCTX010	matched_random_locus	CGG	1	pam_only	3	1.0590646715547163e-05	0
NEG_ICCTX010_067	0	ASP000190	ICCTX010	matched_random_locus	AAA	1	pam_only	3	0.0018212152764845316	0
NEG_ICCTX010_068	0	ASP000190	ICCTX010	matched_random_locus	GGC	1	pam_only	3	0.001880419691454748	0
NEG_ICCTX010_069	0	ASP000190	ICCTX010	matched_random_locus	ATG	1	pam_only	3	0.004096704612903973	0
NEG_ICCTX010_070	0	ASP000190	ICCTX010	matched_random_locus	AGA	1	pam_only	3	0.00022695929536297905	0
NEG_ICCTX010_071	0	ASP000190	ICCTX010	matched_random_locus	TAA	1	pam_only	3	0.04749959902988006	0
NEG_ICCTX010_072	0	ASP000190	ICCTX010	matched_random_locus	CCG	1	pam_only	3	1.3142245280123281e-05	0
NEG_ICCTX010_073	0	ASP000190	ICCTX010	matched_random_locus	TTC	1	pam_only	3	0.9517152484144369	1
NEG_ICCTX010_074	0	ASP000190	ICCTX010	matched_random_locus	CGA	1	pam_only	3	6.247617451458696e-05	0
NEG_ICCTX010_075	0	ASP000190	ICCTX010	matched_random_locus	ATT	1	pam_only	3	0.003946708292345313	0
NEG_ICCTX010_076	0	ASP000190	ICCTX010	matched_random_locus	TTG	1	pam_only	3	0.10106851825822753	0
NEG_ICCTX010_077	0	ASP000190	ICCTX010	matched_random_locus	CAT	1	pam_only	3	8.198470565773044e-05	0
NEG_ICCTX010_078	0	ASP000190	ICCTX010	matched_random_locus	TTC	1	pam_only	3	0.9517152484144369	1
NEG_ICCTX010_079	0	ASP000190	ICCTX010	matched_random_locus	AAG	1	pam_only	3	0.0003091748601046782	0
NEG_ICCTX010_080	0	ASP000190	ICCTX010	matched_random_locus	TCT	1	pam_only	3	0.0012555714555937086	0
NEG_ICCTX010_081	0	ASP000190	ICCTX010	matched_random_locus	AAA	1	pam_only	3	0.0018212152764845316	0
NEG_ICCTX010_082	0	ASP000190	ICCTX010	matched_random_locus	ACC	1	pam_only	3	0.008301709800766454	0
NEG_ICCTX010_083	0	ASP000190	ICCTX010	matched_random_locus	AAC	1	pam_only	3	0.05142989277547395	0
NEG_ICCTX010_084	0	ASP000190	ICCTX010	matched_random_locus	GGG	1	pam_only	3	1.0746321520991802e-05	0
NEG_ICCTX010_085	0	ASP000190	ICCTX010	matched_random_locus	TGC	1	pam_only	3	0.15567572307487929	0
NEG_ICCTX010_086	0	ASP000190	ICCTX010	matched_random_locus	CCG	1	pam_only	3	1.3142245280123281e-05	0
NEG_ICCTX010_087	0	ASP000190	ICCTX010	matched_random_locus	TGA	1	pam_only	3	0.006166405111942547	0
NEG_ICCTX010_088	0	ASP000190	ICCTX010	matched_random_locus	TGA	1	pam_only	3	0.006166405111942547	0
NEG_ICCTX010_089	0	ASP000190	ICCTX010	matched_random_locus	TAT	1	pam_only	3	0.008076504560897346	0
NEG_ICCTX010_090	0	ASP000190	ICCTX010	matched_random_locus	TTT	1	pam_only	3	0.09771637667525286	0
NEG_ICCTX010_091	0	ASP000190	ICCTX010	matched_random_locus	TAT	1	pam_only	3	0.008076504560897346	0
NEG_ICCTX010_092	0	ASP000190	ICCTX010	matched_random_locus	TGG	1	pam_only	3	0.0010506241438142303	0
NEG_ICCTX010_093	0	ASP000190	ICCTX010	matched_random_locus	GCC	1	pam_only	3	0.0023324173936708544	0
NEG_ICCTX010_094	0	ASP000190	ICCTX010	matched_random_locus	GGG	1	pam_only	3	1.0746321520991802e-05	0
NEG_ICCTX010_095	0	ASP000190	ICCTX010	matched_random_locus	ACG	1	pam_only	3	4.7748477485715684e-05	0
NEG_ICCTX010_096	0	ASP000190	ICCTX010	matched_random_locus	CGG	1	pam_only	3	1.0590646715547163e-05	0
NEG_ICCTX010_097	0	ASP000190	ICCTX010	matched_random_locus	ATT	1	pam_only	3	0.003946708292345313	0
NEG_ICCTX010_098	0	ASP000190	ICCTX010	matched_random_locus	ACG	1	pam_only	3	4.7748477485715684e-05	0
NEG_ICCTX010_099	0	ASP000190	ICCTX010	matched_random_locus	AGG	1	pam_only	3	3.847825414904109e-05	0
NEG_ICCTX010_100	0	ASP000190	ICCTX010	matched_random_locus	CAA	1	pam_only	3	0.0005019147126344535	0
POS_ICCTX011	1	ASP000212	ICCTX011	observed_target	TTC	1	pam_only	2	0.9502679051437448	1
NEG_ICCTX011_001	0	ASP000212	ICCTX011	matched_random_locus	ATT	0	pam_only	2	0.004729072081940863	0
NEG_ICCTX011_002	0	ASP000212	ICCTX011	matched_random_locus	GGA	0	pam_only	2	7.678206610613341e-05	0
NEG_ICCTX011_003	0	ASP000212	ICCTX011	matched_random_locus	TCT	1	pam_only	2	0.0013595689505396435	0
NEG_ICCTX011_004	0	ASP000212	ICCTX011	matched_random_locus	CAT	0	pam_only	2	7.991725586433018e-05	0
NEG_ICCTX011_005	0	ASP000212	ICCTX011	matched_random_locus	TAA	0	pam_only	2	0.041329177323558654	0
NEG_ICCTX011_006	0	ASP000212	ICCTX011	matched_random_locus	CGA	0	pam_only	2	7.46008821798942e-05	0
NEG_ICCTX011_007	0	ASP000212	ICCTX011	matched_random_locus	GTT	1	pam_only	2	0.0013334174736868726	0
NEG_ICCTX011_008	0	ASP000212	ICCTX011	matched_random_locus	ATC	0	pam_only	2	0.4466531180990305	0
NEG_ICCTX011_009	0	ASP000212	ICCTX011	matched_random_locus	ATG	1	pam_only	2	0.004936497901140108	0
NEG_ICCTX011_010	0	ASP000212	ICCTX011	matched_random_locus	CAA	0	pam_only	2	0.0004969688773458368	0
NEG_ICCTX011_011	0	ASP000212	ICCTX011	matched_random_locus	ATT	0	pam_only	2	0.004729072081940863	0
NEG_ICCTX011_012	0	ASP000212	ICCTX011	matched_random_locus	TTA	0	pam_only	2	0.4116770266009463	0
NEG_ICCTX011_013	0	ASP000212	ICCTX011	matched_random_locus	GCT	0	pam_only	2	1.6160681764179932e-05	0
NEG_ICCTX011_014	0	ASP000212	ICCTX011	matched_random_locus	TGC	0	pam_only	2	0.15012178451802655	0
NEG_ICCTX011_015	0	ASP000212	ICCTX011	matched_random_locus	TCC	0	pam_only	2	0.18783434354043743	0
NEG_ICCTX011_016	0	ASP000212	ICCTX011	matched_random_locus	GGA	1	pam_only	2	7.678206610613341e-05	0
NEG_ICCTX011_017	0	ASP000212	ICCTX011	matched_random_locus	TTT	0	pam_only	2	0.10110653841960134	0
NEG_ICCTX011_018	0	ASP000212	ICCTX011	matched_random_locus	ATT	0	pam_only	2	0.004729072081940863	0
NEG_ICCTX011_019	0	ASP000212	ICCTX011	matched_random_locus	CAT	0	pam_only	2	7.991725586433018e-05	0
NEG_ICCTX011_020	0	ASP000212	ICCTX011	matched_random_locus	CTT	1	pam_only	2	0.0012955847153560123	0
NEG_ICCTX011_021	0	ASP000212	ICCTX011	matched_random_locus	CCA	0	pam_only	2	9.767362396569207e-05	0
NEG_ICCTX011_022	0	ASP000212	ICCTX011	matched_random_locus	AAC	0	pam_only	2	0.04737417707803433	0
NEG_ICCTX011_023	0	ASP000212	ICCTX011	matched_random_locus	AAA	0	pam_only	2	0.0018178608657571412	0
NEG_ICCTX011_024	0	ASP000212	ICCTX011	matched_random_locus	CAG	0	pam_only	2	8.343966993500919e-05	0
NEG_ICCTX011_025	0	ASP000212	ICCTX011	matched_random_locus	CGA	0	pam_only	2	7.46008821798942e-05	0
NEG_ICCTX011_026	0	ASP000212	ICCTX011	matched_random_locus	TTA	0	pam_only	2	0.4116770266009463	0
NEG_ICCTX011_027	0	ASP000212	ICCTX011	matched_random_locus	GAT	0	pam_only	2	8.225386737535767e-05	0
NEG_ICCTX011_028	0	ASP000212	ICCTX011	matched_random_locus	CTT	0	pam_only	2	0.0012955847153560123	0
NEG_ICCTX011_029	0	ASP000212	ICCTX011	matched_random_locus	CCA	1	pam_only	2	9.767362396569207e-05	0
NEG_ICCTX011_030	0	ASP000212	ICCTX011	matched_random_locus	AGA	1	pam_only	2	0.00027318916567126654	0
NEG_ICCTX011_031	0	ASP000212	ICCTX011	matched_random_locus	GCA	0	pam_only	2	0.00010052934192478222	0
NEG_ICCTX011_032	0	ASP000212	ICCTX011	matched_random_locus	TTG	0	pam_only	2	0.10509487973895042	0
NEG_ICCTX011_033	0	ASP000212	ICCTX011	matched_random_locus	CGA	1	pam_only	2	7.46008821798942e-05	0
NEG_ICCTX011_034	0	ASP000212	ICCTX011	matched_random_locus	TCA	1	pam_only	2	0.008398449100708083	0
NEG_ICCTX011_035	0	ASP000212	ICCTX011	matched_random_locus	TAG	0	pam_only	2	0.007183235300567958	0
NEG_ICCTX011_036	0	ASP000212	ICCTX011	matched_random_locus	GCT	0	pam_only	2	1.6160681764179932e-05	0
NEG_ICCTX011_037	0	ASP000212	ICCTX011	matched_random_locus	GGT	0	pam_only	2	1.2342921777174434e-05	0
NEG_ICCTX011_038	0	ASP000212	ICCTX011	matched_random_locus	ACA	0	pam_only	2	0.00035765980439701246	0
NEG_ICCTX011_039	0	ASP000212	ICCTX011	matched_random_locus	ATA	0	pam_only	2	0.028711293499824635	0
NEG_ICCTX011_040	0	ASP000212	ICCTX011	matched_random_locus	TAA	0	pam_only	2	0.041329177323558654	0
NEG_ICCTX011_041	0	ASP000212	ICCTX011	matched_random_locus	AAA	0	pam_only	2	0.0018178608657571412	0
NEG_ICCTX011_042	0	ASP000212	ICCTX011	matched_random_locus	AAG	0	pam_only	2	0.00030554970373222013	0
NEG_ICCTX011_043	0	ASP000212	ICCTX011	matched_random_locus	GAA	0	pam_only	2	0.0005114929585781321	0
NEG_ICCTX011_044	0	ASP000212	ICCTX011	matched_random_locus	TTG	0	pam_only	2	0.10509487973895042	0
NEG_ICCTX011_045	0	ASP000212	ICCTX011	matched_random_locus	CGA	0	pam_only	2	7.46008821798942e-05	0
NEG_ICCTX011_046	0	ASP000212	ICCTX011	matched_random_locus	TTT	0	pam_only	2	0.10110653841960134	0
NEG_ICCTX011_047	0	ASP000212	ICCTX011	matched_random_locus	AAA	1	pam_only	2	0.0018178608657571412	0
NEG_ICCTX011_048	0	ASP000212	ICCTX011	matched_random_locus	TAG	0	pam_only	2	0.007183235300567958	0
NEG_ICCTX011_049	0	ASP000212	ICCTX011	matched_random_locus	GAG	0	pam_only	2	8.587926053720116e-05	0
NEG_ICCTX011_050	0	ASP000212	ICCTX011	matched_random_locus	TTT	0	pam_only	2	0.10110653841960134	0
NEG_ICCTX011_051	0	ASP000212	ICCTX011	matched_random_locus	TTT	0	pam_only	2	0.10110653841960134	0
NEG_ICCTX011_052	0	ASP000212	ICCTX011	matched_random_locus	AAT	0	pam_only	2	0.0002926536364787844	0
NEG_ICCTX011_053	0	ASP000212	ICCTX011	matched_random_locus	CCA	1	pam_only	2	9.767362396569207e-05	0
NEG_ICCTX011_054	0	ASP000212	ICCTX011	matched_random_locus	TAT	0	pam_only	2	0.006882057151404081	0
NEG_ICCTX011_055	0	ASP000212	ICCTX011	matched_random_locus	GCC	1	pam_only	2	0.0027378793613767258	0
NEG_ICCTX011_056	0	ASP000212	ICCTX011	matched_random_locus	CGA	1	pam_only	2	7.46008821798942e-05	0
NEG_ICCTX011_057	0	ASP000212	ICCTX011	matched_random_locus	GAG	0	pam_only	2	8.587926053720116e-05	0
NEG_ICCTX011_058	0	ASP000212	ICCTX011	matched_random_locus	GAG	1	pam_only	2	8.587926053720116e-05	0
NEG_ICCTX011_059	0	ASP000212	ICCTX011	matched_random_locus	TTG	1	pam_only	2	0.10509487973895042	0
NEG_ICCTX011_060	0	ASP000212	ICCTX011	matched_random_locus	TAA	1	pam_only	2	0.041329177323558654	0
NEG_ICCTX011_061	0	ASP000212	ICCTX011	matched_random_locus	AAC	0	pam_only	2	0.04737417707803433	0
NEG_ICCTX011_062	0	ASP000212	ICCTX011	matched_random_locus	CTT	0	pam_only	2	0.0012955847153560123	0
NEG_ICCTX011_063	0	ASP000212	ICCTX011	matched_random_locus	GTC	0	pam_only	2	0.18488538855032732	0
NEG_ICCTX011_064	0	ASP000212	ICCTX011	matched_random_locus	GCT	0	pam_only	2	1.6160681764179932e-05	0
NEG_ICCTX011_065	0	ASP000212	ICCTX011	matched_random_locus	CTT	0	pam_only	2	0.0012955847153560123	0
NEG_ICCTX011_066	0	ASP000212	ICCTX011	matched_random_locus	AGC	0	pam_only	2	0.007406652617508114	0
NEG_ICCTX011_067	0	ASP000212	ICCTX011	matched_random_locus	CCG	0	pam_only	2	1.6393675826929034e-05	0
NEG_ICCTX011_068	0	ASP000212	ICCTX011	matched_random_locus	TCC	0	pam_only	2	0.18783434354043743	0
NEG_ICCTX011_069	0	ASP000212	ICCTX011	matched_random_locus	TTC	1	pam_only	2	0.9502679051437448	1
NEG_ICCTX011_070	0	ASP000212	ICCTX011	matched_random_locus	AAT	0	pam_only	2	0.0002926536364787844	0
NEG_ICCTX011_071	0	ASP000212	ICCTX011	matched_random_locus	TCT	0	pam_only	2	0.0013595689505396435	0
NEG_ICCTX011_072	0	ASP000212	ICCTX011	matched_random_locus	TCG	0	pam_only	2	0.001419412926498619	0
NEG_ICCTX011_073	0	ASP000212	ICCTX011	matched_random_locus	TCC	0	pam_only	2	0.18783434354043743	0
NEG_ICCTX011_074	0	ASP000212	ICCTX011	matched_random_locus	CTC	0	pam_only	2	0.18058137813109856	0
NEG_ICCTX011_075	0	ASP000212	ICCTX011	matched_random_locus	TAG	0	pam_only	2	0.007183235300567958	0
NEG_ICCTX011_076	0	ASP000212	ICCTX011	matched_random_locus	AGA	0	pam_only	2	0.00027318916567126654	0
NEG_ICCTX011_077	0	ASP000212	ICCTX011	matched_random_locus	CCA	0	pam_only	2	9.767362396569207e-05	0
NEG_ICCTX011_078	0	ASP000212	ICCTX011	matched_random_locus	GCG	0	pam_only	2	1.6873023570952318e-05	0
NEG_ICCTX011_079	0	ASP000212	ICCTX011	matched_random_locus	TGA	0	pam_only	2	0.006427147314319357	0
NEG_ICCTX011_080	0	ASP000212	ICCTX011	matched_random_locus	ATA	0	pam_only	2	0.028711293499824635	0
NEG_ICCTX011_081	0	ASP000212	ICCTX011	matched_random_locus	CAG	0	pam_only	2	8.343966993500919e-05	0
NEG_ICCTX011_082	0	ASP000212	ICCTX011	matched_random_locus	TGC	0	pam_only	2	0.15012178451802655	0
NEG_ICCTX011_083	0	ASP000212	ICCTX011	matched_random_locus	CCG	0	pam_only	2	1.6393675826929034e-05	0
NEG_ICCTX011_084	0	ASP000212	ICCTX011	matched_random_locus	CCC	0	pam_only	2	0.0026603042679485137	0
NEG_ICCTX011_085	0	ASP000212	ICCTX011	matched_random_locus	TTG	0	pam_only	2	0.10509487973895042	0
NEG_ICCTX011_086	0	ASP000212	ICCTX011	matched_random_locus	TGA	0	pam_only	2	0.006427147314319357	0
NEG_ICCTX011_087	0	ASP000212	ICCTX011	matched_random_locus	CTT	0	pam_only	2	0.0012955847153560123	0
NEG_ICCTX011_088	0	ASP000212	ICCTX011	matched_random_locus	ATC	0	pam_only	2	0.4466531180990305	0
NEG_ICCTX011_089	0	ASP000212	ICCTX011	matched_random_locus	ATA	0	pam_only	2	0.028711293499824635	0
NEG_ICCTX011_090	0	ASP000212	ICCTX011	matched_random_locus	ACG	0	pam_only	2	6.0043106686822646e-05	0
NEG_ICCTX011_091	0	ASP000212	ICCTX011	matched_random_locus	TAA	0	pam_only	2	0.041329177323558654	0
NEG_ICCTX011_092	0	ASP000212	ICCTX011	matched_random_locus	GCG	0	pam_only	2	1.6873023570952318e-05	0
NEG_ICCTX011_093	0	ASP000212	ICCTX011	matched_random_locus	CCC	0	pam_only	2	0.0026603042679485137	0
NEG_ICCTX011_094	0	ASP000212	ICCTX011	matched_random_locus	CAA	0	pam_only	2	0.0004969688773458368	0
NEG_ICCTX011_095	0	ASP000212	ICCTX011	matched_random_locus	GCA	0	pam_only	2	0.00010052934192478222	0
NEG_ICCTX011_096	0	ASP000212	ICCTX011	matched_random_locus	ACC	1	pam_only	2	0.009675457676022941	0
NEG_ICCTX011_097	0	ASP000212	ICCTX011	matched_random_locus	GTC	0	pam_only	2	0.18488538855032732	0
NEG_ICCTX011_098	0	ASP000212	ICCTX011	matched_random_locus	TTT	1	pam_only	2	0.10110653841960134	0
NEG_ICCTX011_099	0	ASP000212	ICCTX011	matched_random_locus	ATG	0	pam_only	2	0.004936497901140108	0
NEG_ICCTX011_100	0	ASP000212	ICCTX011	matched_random_locus	ATT	0	pam_only	2	0.004729072081940863	0
POS_ICCTX012	1	ASP000234	ICCTX012	observed_target	TTC	1	pam_only	5	0.9521849682824212	1
NEG_ICCTX012_001	0	ASP000234	ICCTX012	matched_random_locus	CAT	0	pam_only	5	6.786751765524691e-05	0
NEG_ICCTX012_002	0	ASP000234	ICCTX012	matched_random_locus	TCC	0	pam_only	5	0.191945566806141	0
NEG_ICCTX012_003	0	ASP000234	ICCTX012	matched_random_locus	GCC	0	pam_only	5	0.0021997873224162945	0
NEG_ICCTX012_004	0	ASP000234	ICCTX012	matched_random_locus	GTA	0	pam_only	5	0.00557819729750086	0
NEG_ICCTX012_005	0	ASP000234	ICCTX012	matched_random_locus	ATC	0	pam_only	5	0.4167976075871101	0
NEG_ICCTX012_006	0	ASP000234	ICCTX012	matched_random_locus	TTG	0	pam_only	5	0.08764669921702037	0
NEG_ICCTX012_007	0	ASP000234	ICCTX012	matched_random_locus	CAG	0	pam_only	5	6.510386249978533e-05	0
NEG_ICCTX012_008	0	ASP000234	ICCTX012	matched_random_locus	AGC	0	pam_only	5	0.0061987541464623925	0
NEG_ICCTX012_009	0	ASP000234	ICCTX012	matched_random_locus	GTA	0	pam_only	5	0.00557819729750086	0
NEG_ICCTX012_010	0	ASP000234	ICCTX012	matched_random_locus	CAG	0	pam_only	5	6.510386249978533e-05	0
NEG_ICCTX012_011	0	ASP000234	ICCTX012	matched_random_locus	TAT	1	pam_only	5	0.006748587282593347	0
NEG_ICCTX012_012	0	ASP000234	ICCTX012	matched_random_locus	ACC	1	pam_only	5	0.008452786790666019	0
NEG_ICCTX012_013	0	ASP000234	ICCTX012	matched_random_locus	ACG	0	pam_only	5	4.1122953733564506e-05	0
NEG_ICCTX012_014	0	ASP000234	ICCTX012	matched_random_locus	TTA	0	pam_only	5	0.3767135734751678	0
NEG_ICCTX012_015	0	ASP000234	ICCTX012	matched_random_locus	AAT	0	pam_only	5	0.00024377930829552684	0
NEG_ICCTX012_016	0	ASP000234	ICCTX012	matched_random_locus	CTA	1	pam_only	5	0.006001325284764931	0
NEG_ICCTX012_017	0	ASP000234	ICCTX012	matched_random_locus	TCT	0	pam_only	5	0.0011931389952560716	0
NEG_ICCTX012_018	0	ASP000234	ICCTX012	matched_random_locus	ATC	1	pam_only	5	0.4167976075871101	0
NEG_ICCTX012_019	0	ASP000234	ICCTX012	matched_random_locus	CTC	0	pam_only	5	0.16592114838748434	0
NEG_ICCTX012_020	0	ASP000234	ICCTX012	matched_random_locus	GGC	0	pam_only	5	0.0016104805146374575	0
NEG_ICCTX012_021	0	ASP000234	ICCTX012	matched_random_locus	ACT	0	pam_only	5	4.286866435707837e-05	0
NEG_ICCTX012_022	0	ASP000234	ICCTX012	matched_random_locus	GTT	0	pam_only	5	0.0009285923278843553	0
NEG_ICCTX012_023	0	ASP000234	ICCTX012	matched_random_locus	CAC	0	pam_only	5	0.013316716564670435	0
NEG_ICCTX012_024	0	ASP000234	ICCTX012	matched_random_locus	TGA	0	pam_only	5	0.005247321464689442	0
NEG_ICCTX012_025	0	ASP000234	ICCTX012	matched_random_locus	GGC	1	pam_only	5	0.0016104805146374575	0
NEG_ICCTX012_026	0	ASP000234	ICCTX012	matched_random_locus	ACC	0	pam_only	5	0.008452786790666019	0
NEG_ICCTX012_027	0	ASP000234	ICCTX012	matched_random_locus	GAA	1	pam_only	5	0.0003804369846115347	0
NEG_ICCTX012_028	0	ASP000234	ICCTX012	matched_random_locus	GTT	0	pam_only	5	0.0009285923278843553	0
NEG_ICCTX012_029	0	ASP000234	ICCTX012	matched_random_locus	AGG	1	pam_only	5	3.008897904435614e-05	0
NEG_ICCTX012_030	0	ASP000234	ICCTX012	matched_random_locus	GAT	0	pam_only	5	6.305592862293063e-05	0
NEG_ICCTX012_031	0	ASP000234	ICCTX012	matched_random_locus	TGG	0	pam_only	5	0.0008377366101267811	0
NEG_ICCTX012_032	0	ASP000234	ICCTX012	matched_random_locus	AGT	0	pam_only	5	3.136630107028018e-05	0
NEG_ICCTX012_033	0	ASP000234	ICCTX012	matched_random_locus	AAT	0	pam_only	5	0.00024377930829552684	0
NEG_ICCTX012_034	0	ASP000234	ICCTX012	matched_random_locus	CTG	0	pam_only	5	0.0009587242476400361	0
NEG_ICCTX012_035	0	ASP000234	ICCTX012	matched_random_locus	ACA	0	pam_only	5	0.0002586669192934788	0
NEG_ICCTX012_036	0	ASP000234	ICCTX012	matched_random_locus	TCC	0	pam_only	5	0.191945566806141	0
NEG_ICCTX012_037	0	ASP000234	ICCTX012	matched_random_locus	GAC	0	pam_only	5	0.012384237443638185	0
NEG_ICCTX012_038	0	ASP000234	ICCTX012	matched_random_locus	ACG	1	pam_only	5	4.1122953733564506e-05	0
NEG_ICCTX012_039	0	ASP000234	ICCTX012	matched_random_locus	TAC	0	pam_only	5	0.5746638731357668	1
NEG_ICCTX012_040	0	ASP000234	ICCTX012	matched_random_locus	ACT	0	pam_only	5	4.286866435707837e-05	0
NEG_ICCTX012_041	0	ASP000234	ICCTX012	matched_random_locus	CAA	0	pam_only	5	0.000409456953685199	0
NEG_ICCTX012_042	0	ASP000234	ICCTX012	matched_random_locus	TAC	0	pam_only	5	0.5746638731357668	1
NEG_ICCTX012_043	0	ASP000234	ICCTX012	matched_random_locus	AAA	0	pam_only	5	0.0014694633150299887	0
NEG_ICCTX012_044	0	ASP000234	ICCTX012	matched_random_locus	AGC	0	pam_only	5	0.0061987541464623925	0
NEG_ICCTX012_045	0	ASP000234	ICCTX012	matched_random_locus	ATG	0	pam_only	5	0.0034357918917995375	0
NEG_ICCTX012_046	0	ASP000234	ICCTX012	matched_random_locus	CCT	0	pam_only	5	1.1932792890716076e-05	0
NEG_ICCTX012_047	0	ASP000234	ICCTX012	matched_random_locus	AGC	0	pam_only	5	0.0061987541464623925	0
NEG_ICCTX012_048	0	ASP000234	ICCTX012	matched_random_locus	CCG	0	pam_only	5	1.1446847694047139e-05	0
NEG_ICCTX012_049	0	ASP000234	ICCTX012	matched_random_locus	GAG	0	pam_only	5	6.048819588947181e-05	0
NEG_ICCTX012_050	0	ASP000234	ICCTX012	matched_random_locus	CGG	0	pam_only	5	8.375400756044064e-06	0
NEG_ICCTX012_051	0	ASP000234	ICCTX012	matched_random_locus	GGA	0	pam_only	5	4.89554363719169e-05	0
NEG_ICCTX012_052	0	ASP000234	ICCTX012	matched_random_locus	AGC	0	pam_only	5	0.0061987541464623925	0
NEG_ICCTX012_053	0	ASP000234	ICCTX012	matched_random_locus	GGC	1	pam_only	5	0.0016104805146374575	0
NEG_ICCTX012_054	0	ASP000234	ICCTX012	matched_random_locus	GTA	0	pam_only	5	0.00557819729750086	0
NEG_ICCTX012_055	0	ASP000234	ICCTX012	matched_random_locus	CCA	0	pam_only	5	7.201296318343473e-05	0
NEG_ICCTX012_056	0	ASP000234	ICCTX012	matched_random_locus	CCA	0	pam_only	5	7.201296318343473e-05	0
NEG_ICCTX012_057	0	ASP000234	ICCTX012	matched_random_locus	ATG	1	pam_only	5	0.0034357918917995375	0
NEG_ICCTX012_058	0	ASP000234	ICCTX012	matched_random_locus	CCG	1	pam_only	5	1.1446847694047139e-05	0
NEG_ICCTX012_059	0	ASP000234	ICCTX012	matched_random_locus	GGA	1	pam_only	5	4.89554363719169e-05	0
NEG_ICCTX012_060	0	ASP000234	ICCTX012	matched_random_locus	GGT	0	pam_only	5	8.111926228488683e-06	0
NEG_ICCTX012_061	0	ASP000234	ICCTX012	matched_random_locus	TCC	0	pam_only	5	0.191945566806141	0
NEG_ICCTX012_062	0	ASP000234	ICCTX012	matched_random_locus	GCT	0	pam_only	5	1.1086752230674397e-05	0
NEG_ICCTX012_063	0	ASP000234	ICCTX012	matched_random_locus	TGA	0	pam_only	5	0.005247321464689442	0
NEG_ICCTX012_064	0	ASP000234	ICCTX012	matched_random_locus	AAT	0	pam_only	5	0.00024377930829552684	0
NEG_ICCTX012_065	0	ASP000234	ICCTX012	matched_random_locus	CAC	1	pam_only	5	0.013316716564670435	0
NEG_ICCTX012_066	0	ASP000234	ICCTX012	matched_random_locus	TGT	0	pam_only	5	0.000873269836674314	0
NEG_ICCTX012_067	0	ASP000234	ICCTX012	matched_random_locus	GGA	0	pam_only	5	4.89554363719169e-05	0
NEG_ICCTX012_068	0	ASP000234	ICCTX012	matched_random_locus	AAT	1	pam_only	5	0.00024377930829552684	0
NEG_ICCTX012_069	0	ASP000234	ICCTX012	matched_random_locus	GTC	0	pam_only	5	0.15599222546184074	0
NEG_ICCTX012_070	0	ASP000234	ICCTX012	matched_random_locus	GCC	0	pam_only	5	0.0021997873224162945	0
NEG_ICCTX012_071	0	ASP000234	ICCTX012	matched_random_locus	AAG	1	pam_only	5	0.0002338539674640418	0
NEG_ICCTX012_072	0	ASP000234	ICCTX012	matched_random_locus	TCG	0	pam_only	5	0.0011446052482900289	0
NEG_ICCTX012_073	0	ASP000234	ICCTX012	matched_random_locus	GCA	0	pam_only	5	6.690749504242185e-05	0
NEG_ICCTX012_074	0	ASP000234	ICCTX012	matched_random_locus	ATA	1	pam_only	5	0.021230158002787682	0
NEG_ICCTX012_075	0	ASP000234	ICCTX012	matched_random_locus	AAC	0	pam_only	5	0.046245275742945874	0
NEG_ICCTX012_076	0	ASP000234	ICCTX012	matched_random_locus	GCC	0	pam_only	5	0.0021997873224162945	0
NEG_ICCTX012_077	0	ASP000234	ICCTX012	matched_random_locus	AAA	0	pam_only	5	0.0014694633150299887	0
NEG_ICCTX012_078	0	ASP000234	ICCTX012	matched_random_locus	CAT	1	pam_only	5	6.786751765524691e-05	0
NEG_ICCTX012_079	0	ASP000234	ICCTX012	matched_random_locus	TGA	1	pam_only	5	0.005247321464689442	0
NEG_ICCTX012_080	0	ASP000234	ICCTX012	matched_random_locus	TTC	1	pam_only	5	0.9521849682824212	1
NEG_ICCTX012_081	0	ASP000234	ICCTX012	matched_random_locus	AAA	0	pam_only	5	0.0014694633150299887	0
NEG_ICCTX012_082	0	ASP000234	ICCTX012	matched_random_locus	CTA	1	pam_only	5	0.006001325284764931	0
NEG_ICCTX012_083	0	ASP000234	ICCTX012	matched_random_locus	TCG	0	pam_only	5	0.0011446052482900289	0
NEG_ICCTX012_084	0	ASP000234	ICCTX012	matched_random_locus	TTT	1	pam_only	5	0.09102884434203991	0
NEG_ICCTX012_085	0	ASP000234	ICCTX012	matched_random_locus	TTA	1	pam_only	5	0.3767135734751678	0
NEG_ICCTX012_086	0	ASP000234	ICCTX012	matched_random_locus	AGG	0	pam_only	5	3.008897904435614e-05	0
NEG_ICCTX012_087	0	ASP000234	ICCTX012	matched_random_locus	CTT	0	pam_only	5	0.0009993841226419507	0
NEG_ICCTX012_088	0	ASP000234	ICCTX012	matched_random_locus	AGA	0	pam_only	5	0.00018927331704009765	0
NEG_ICCTX012_089	0	ASP000234	ICCTX012	matched_random_locus	AGC	0	pam_only	5	0.0061987541464623925	0
NEG_ICCTX012_090	0	ASP000234	ICCTX012	matched_random_locus	ATT	0	pam_only	5	0.003581128615686059	0
NEG_ICCTX012_091	0	ASP000234	ICCTX012	matched_random_locus	TAA	0	pam_only	5	0.03939082531532003	0
NEG_ICCTX012_092	0	ASP000234	ICCTX012	matched_random_locus	CAA	1	pam_only	5	0.000409456953685199	0
NEG_ICCTX012_093	0	ASP000234	ICCTX012	matched_random_locus	TCA	1	pam_only	5	0.00715787959432531	0
NEG_ICCTX012_094	0	ASP000234	ICCTX012	matched_random_locus	AAT	0	pam_only	5	0.00024377930829552684	0
NEG_ICCTX012_095	0	ASP000234	ICCTX012	matched_random_locus	TGC	1	pam_only	5	0.148067868849074	0
NEG_ICCTX012_096	0	ASP000234	ICCTX012	matched_random_locus	CTA	0	pam_only	5	0.006001325284764931	0
NEG_ICCTX012_097	0	ASP000234	ICCTX012	matched_random_locus	GGG	0	pam_only	5	7.781578918261652e-06	0
NEG_ICCTX012_098	0	ASP000234	ICCTX012	matched_random_locus	TGT	1	pam_only	5	0.000873269836674314	0
NEG_ICCTX012_099	0	ASP000234	ICCTX012	matched_random_locus	TCG	0	pam_only	5	0.0011446052482900289	0
NEG_ICCTX012_100	0	ASP000234	ICCTX012	matched_random_locus	TTT	0	pam_only	5	0.09102884434203991	0
POS_ICCTX013	1	ASP000235	ICCTX013	observed_target	TTC	1	pam_only	4	0.9527064190917073	1
NEG_ICCTX013_001	0	ASP000235	ICCTX013	matched_random_locus	TTG	0	pam_only	4	0.09654100388196526	0
NEG_ICCTX013_002	0	ASP000235	ICCTX013	matched_random_locus	AAC	0	pam_only	4	0.0570476754208636	0
NEG_ICCTX013_003	0	ASP000235	ICCTX013	matched_random_locus	TTC	0	pam_only	4	0.9527064190917073	1
NEG_ICCTX013_004	0	ASP000235	ICCTX013	matched_random_locus	GAA	0	pam_only	4	0.0004438080406706737	0
NEG_ICCTX013_005	0	ASP000235	ICCTX013	matched_random_locus	GCT	0	pam_only	4	1.1336431092683872e-05	0
NEG_ICCTX013_006	0	ASP000235	ICCTX013	matched_random_locus	GAA	0	pam_only	4	0.0004438080406706737	0
NEG_ICCTX013_007	0	ASP000235	ICCTX013	matched_random_locus	TTC	0	pam_only	4	0.9527064190917073	1
NEG_ICCTX013_008	0	ASP000235	ICCTX013	matched_random_locus	GCT	1	pam_only	4	1.1336431092683872e-05	0
NEG_ICCTX013_009	0	ASP000235	ICCTX013	matched_random_locus	GTT	0	pam_only	4	0.0010719880689949869	0
NEG_ICCTX013_010	0	ASP000235	ICCTX013	matched_random_locus	ATA	0	pam_only	4	0.026301884153940847	0
NEG_ICCTX013_011	0	ASP000235	ICCTX013	matched_random_locus	GGT	0	pam_only	4	1.0030199685553295e-05	0
NEG_ICCTX013_012	0	ASP000235	ICCTX013	matched_random_locus	TAA	0	pam_only	4	0.03998058606075236	0
NEG_ICCTX013_013	0	ASP000235	ICCTX013	matched_random_locus	ATC	0	pam_only	4	0.47064661803665875	0
NEG_ICCTX013_014	0	ASP000235	ICCTX013	matched_random_locus	ATT	0	pam_only	4	0.004422870430243017	0
NEG_ICCTX013_015	0	ASP000235	ICCTX013	matched_random_locus	CAG	0	pam_only	4	9.568907680932976e-05	0
NEG_ICCTX013_016	0	ASP000235	ICCTX013	matched_random_locus	TCG	0	pam_only	4	0.0011275580535051626	0
NEG_ICCTX013_017	0	ASP000235	ICCTX013	matched_random_locus	TAG	0	pam_only	4	0.007218649263258948	0
NEG_ICCTX013_018	0	ASP000235	ICCTX013	matched_random_locus	CAG	0	pam_only	4	9.568907680932976e-05	0
NEG_ICCTX013_019	0	ASP000235	ICCTX013	matched_random_locus	CTC	0	pam_only	4	0.2095672491039929	0
NEG_ICCTX013_020	0	ASP000235	ICCTX013	matched_random_locus	TAA	0	pam_only	4	0.03998058606075236	0
NEG_ICCTX013_021	0	ASP000235	ICCTX013	matched_random_locus	AGA	0	pam_only	4	0.00025241262365295646	0
NEG_ICCTX013_022	0	ASP000235	ICCTX013	matched_random_locus	TCA	0	pam_only	4	0.006423871400812064	0
NEG_ICCTX013_023	0	ASP000235	ICCTX013	matched_random_locus	TAA	1	pam_only	4	0.03998058606075236	0
NEG_ICCTX013_024	0	ASP000235	ICCTX013	matched_random_locus	TAT	0	pam_only	4	0.006802546389875229	0
NEG_ICCTX013_025	0	ASP000235	ICCTX013	matched_random_locus	TAT	0	pam_only	4	0.006802546389875229	0
NEG_ICCTX013_026	0	ASP000235	ICCTX013	matched_random_locus	TGC	0	pam_only	4	0.15845084402752088	0
NEG_ICCTX013_027	0	ASP000235	ICCTX013	matched_random_locus	AAA	1	pam_only	4	0.0018346953820312494	0
NEG_ICCTX013_028	0	ASP000235	ICCTX013	matched_random_locus	ATT	0	pam_only	4	0.004422870430243017	0
NEG_ICCTX013_029	0	ASP000235	ICCTX013	matched_random_locus	AAA	1	pam_only	4	0.0018346953820312494	0
NEG_ICCTX013_030	0	ASP000235	ICCTX013	matched_random_locus	TAC	0	pam_only	4	0.5781912101785173	1
NEG_ICCTX013_031	0	ASP000235	ICCTX013	matched_random_locus	CCT	0	pam_only	4	1.3994519103404413e-05	0
NEG_ICCTX013_032	0	ASP000235	ICCTX013	matched_random_locus	CGG	0	pam_only	4	1.3144904147213025e-05	0
NEG_ICCTX013_033	0	ASP000235	ICCTX013	matched_random_locus	CAC	0	pam_only	4	0.017721163799998135	0
NEG_ICCTX013_034	0	ASP000235	ICCTX013	matched_random_locus	AAA	0	pam_only	4	0.0018346953820312494	0
NEG_ICCTX013_035	0	ASP000235	ICCTX013	matched_random_locus	TTC	0	pam_only	4	0.9527064190917073	1
NEG_ICCTX013_036	0	ASP000235	ICCTX013	matched_random_locus	GGC	0	pam_only	4	0.0020033782359313093	0
NEG_ICCTX013_037	0	ASP000235	ICCTX013	matched_random_locus	GAA	0	pam_only	4	0.0004438080406706737	0
NEG_ICCTX013_038	0	ASP000235	ICCTX013	matched_random_locus	ATT	0	pam_only	4	0.004422870430243017	0
NEG_ICCTX013_039	0	ASP000235	ICCTX013	matched_random_locus	GGT	0	pam_only	4	1.0030199685553295e-05	0
NEG_ICCTX013_040	0	ASP000235	ICCTX013	matched_random_locus	GCA	1	pam_only	4	6.89262365672472e-05	0
NEG_ICCTX013_041	0	ASP000235	ICCTX013	matched_random_locus	CCA	0	pam_only	4	8.508643517570471e-05	0
NEG_ICCTX013_042	0	ASP000235	ICCTX013	matched_random_locus	GTT	0	pam_only	4	0.0010719880689949869	0
NEG_ICCTX013_043	0	ASP000235	ICCTX013	matched_random_locus	ATG	0	pam_only	4	0.004694099595693943	0
NEG_ICCTX013_044	0	ASP000235	ICCTX013	matched_random_locus	CGT	0	pam_only	4	1.2382015376323842e-05	0
NEG_ICCTX013_045	0	ASP000235	ICCTX013	matched_random_locus	TTT	0	pam_only	4	0.09145039618010342	0
NEG_ICCTX013_046	0	ASP000235	ICCTX013	matched_random_locus	TGT	0	pam_only	4	0.0009399110018127618	0
NEG_ICCTX013_047	0	ASP000235	ICCTX013	matched_random_locus	AGC	0	pam_only	4	0.008241633511095948	0
NEG_ICCTX013_048	0	ASP000235	ICCTX013	matched_random_locus	CTG	0	pam_only	4	0.0014044122206734425	0
NEG_ICCTX013_049	0	ASP000235	ICCTX013	matched_random_locus	CAT	0	pam_only	4	9.013601645565629e-05	0
NEG_ICCTX013_050	0	ASP000235	ICCTX013	matched_random_locus	ACG	0	pam_only	4	4.981952703942434e-05	0
NEG_ICCTX013_051	0	ASP000235	ICCTX013	matched_random_locus	CAT	0	pam_only	4	9.013601645565629e-05	0
NEG_ICCTX013_052	0	ASP000235	ICCTX013	matched_random_locus	TAT	0	pam_only	4	0.006802546389875229	0
NEG_ICCTX013_053	0	ASP000235	ICCTX013	matched_random_locus	CTC	0	pam_only	4	0.2095672491039929	0
NEG_ICCTX013_054	0	ASP000235	ICCTX013	matched_random_locus	CTC	0	pam_only	4	0.2095672491039929	0
NEG_ICCTX013_055	0	ASP000235	ICCTX013	matched_random_locus	GAG	0	pam_only	4	7.751530798189138e-05	0
NEG_ICCTX013_056	0	ASP000235	ICCTX013	matched_random_locus	TAT	1	pam_only	4	0.006802546389875229	0
NEG_ICCTX013_057	0	ASP000235	ICCTX013	matched_random_locus	ACT	0	pam_only	4	4.6928258733714814e-05	0
NEG_ICCTX013_058	0	ASP000235	ICCTX013	matched_random_locus	AAT	0	pam_only	4	0.0003022017727875901	0
NEG_ICCTX013_059	0	ASP000235	ICCTX013	matched_random_locus	TTA	0	pam_only	4	0.3796627743581386	0
NEG_ICCTX013_060	0	ASP000235	ICCTX013	matched_random_locus	GGG	0	pam_only	4	1.0648188404050062e-05	0
NEG_ICCTX013_061	0	ASP000235	ICCTX013	matched_random_locus	TTT	1	pam_only	4	0.09145039618010342	0
NEG_ICCTX013_062	0	ASP000235	ICCTX013	matched_random_locus	ACC	0	pam_only	4	0.009304965185330161	0
NEG_ICCTX013_063	0	ASP000235	ICCTX013	matched_random_locus	TGA	0	pam_only	4	0.0056878885532775664	0
NEG_ICCTX013_064	0	ASP000235	ICCTX013	matched_random_locus	CCA	0	pam_only	4	8.508643517570471e-05	0
NEG_ICCTX013_065	0	ASP000235	ICCTX013	matched_random_locus	TTC	0	pam_only	4	0.9527064190917073	1
NEG_ICCTX013_066	0	ASP000235	ICCTX013	matched_random_locus	CTG	0	pam_only	4	0.0014044122206734425	0
NEG_ICCTX013_067	0	ASP000235	ICCTX013	matched_random_locus	TTG	0	pam_only	4	0.09654100388196526	0
NEG_ICCTX013_068	0	ASP000235	ICCTX013	matched_random_locus	TTG	0	pam_only	4	0.09654100388196526	0
NEG_ICCTX013_069	0	ASP000235	ICCTX013	matched_random_locus	ACA	0	pam_only	4	0.0002852752770095365	0
NEG_ICCTX013_070	0	ASP000235	ICCTX013	matched_random_locus	CAA	0	pam_only	4	0.0005478135321219151	0
NEG_ICCTX013_071	0	ASP000235	ICCTX013	matched_random_locus	TCT	0	pam_only	4	0.0010621868409666395	0
NEG_ICCTX013_072	0	ASP000235	ICCTX013	matched_random_locus	CTG	0	pam_only	4	0.0014044122206734425	0
NEG_ICCTX013_073	0	ASP000235	ICCTX013	matched_random_locus	CTC	0	pam_only	4	0.2095672491039929	0
NEG_ICCTX013_074	0	ASP000235	ICCTX013	matched_random_locus	GTG	0	pam_only	4	0.0011379618010223863	0
NEG_ICCTX013_075	0	ASP000235	ICCTX013	matched_random_locus	GGG	0	pam_only	4	1.0648188404050062e-05	0
NEG_ICCTX013_076	0	ASP000235	ICCTX013	matched_random_locus	GGC	0	pam_only	4	0.0020033782359313093	0
NEG_ICCTX013_077	0	ASP000235	ICCTX013	matched_random_locus	ATC	0	pam_only	4	0.47064661803665875	0
NEG_ICCTX013_078	0	ASP000235	ICCTX013	matched_random_locus	TGG	0	pam_only	4	0.0009977643882670799	0
NEG_ICCTX013_079	0	ASP000235	ICCTX013	matched_random_locus	AAT	0	pam_only	4	0.0003022017727875901	0
NEG_ICCTX013_080	0	ASP000235	ICCTX013	matched_random_locus	ATC	0	pam_only	4	0.47064661803665875	0
NEG_ICCTX013_081	0	ASP000235	ICCTX013	matched_random_locus	TGC	0	pam_only	4	0.15845084402752088	0
NEG_ICCTX013_082	0	ASP000235	ICCTX013	matched_random_locus	GCT	0	pam_only	4	1.1336431092683872e-05	0
NEG_ICCTX013_083	0	ASP000235	ICCTX013	matched_random_locus	CAC	0	pam_only	4	0.017721163799998135	0
NEG_ICCTX013_084	0	ASP000235	ICCTX013	matched_random_locus	AGT	0	pam_only	4	4.15211571026983e-05	0
NEG_ICCTX013_085	0	ASP000235	ICCTX013	matched_random_locus	TAT	0	pam_only	4	0.006802546389875229	0
NEG_ICCTX013_086	0	ASP000235	ICCTX013	matched_random_locus	AAC	0	pam_only	4	0.0570476754208636	0
NEG_ICCTX013_087	0	ASP000235	ICCTX013	matched_random_locus	GTG	0	pam_only	4	0.0011379618010223863	0
NEG_ICCTX013_088	0	ASP000235	ICCTX013	matched_random_locus	TTG	0	pam_only	4	0.09654100388196526	0
NEG_ICCTX013_089	0	ASP000235	ICCTX013	matched_random_locus	TGA	0	pam_only	4	0.0056878885532775664	0
NEG_ICCTX013_090	0	ASP000235	ICCTX013	matched_random_locus	ATC	0	pam_only	4	0.47064661803665875	0
NEG_ICCTX013_091	0	ASP000235	ICCTX013	matched_random_locus	GGG	0	pam_only	4	1.0648188404050062e-05	0
NEG_ICCTX013_092	0	ASP000235	ICCTX013	matched_random_locus	GGC	0	pam_only	4	0.0020033782359313093	0
NEG_ICCTX013_093	0	ASP000235	ICCTX013	matched_random_locus	TCA	0	pam_only	4	0.006423871400812064	0
NEG_ICCTX013_094	0	ASP000235	ICCTX013	matched_random_locus	CAT	0	pam_only	4	9.013601645565629e-05	0
NEG_ICCTX013_095	0	ASP000235	ICCTX013	matched_random_locus	TGG	0	pam_only	4	0.0009977643882670799	0
NEG_ICCTX013_096	0	ASP000235	ICCTX013	matched_random_locus	TGG	0	pam_only	4	0.0009977643882670799	0
NEG_ICCTX013_097	0	ASP000235	ICCTX013	matched_random_locus	GAA	0	pam_only	4	0.0004438080406706737	0
NEG_ICCTX013_098	0	ASP000235	ICCTX013	matched_random_locus	AGC	0	pam_only	4	0.008241633511095948	0
NEG_ICCTX013_099	0	ASP000235	ICCTX013	matched_random_locus	ACG	1	pam_only	4	4.981952703942434e-05	0
NEG_ICCTX013_100	0	ASP000235	ICCTX013	matched_random_locus	CGT	0	pam_only	4	1.2382015376323842e-05	0
POS_ICCTX015	1	ASP000247	ICCTX015	observed_target	TTC	1	pam_only	5	0.9521849682824212	1
NEG_ICCTX015_001	0	ASP000247	ICCTX015	matched_random_locus	TTC	1	pam_only	5	0.9521849682824212	1
NEG_ICCTX015_002	0	ASP000247	ICCTX015	matched_random_locus	CCC	0	pam_only	5	0.0023672598072110897	0
NEG_ICCTX015_003	0	ASP000247	ICCTX015	matched_random_locus	AGA	0	pam_only	5	0.00018927331704009765	0
NEG_ICCTX015_004	0	ASP000247	ICCTX015	matched_random_locus	ATT	0	pam_only	5	0.003581128615686059	0
NEG_ICCTX015_005	0	ASP000247	ICCTX015	matched_random_locus	CAA	1	pam_only	5	0.000409456953685199	0
NEG_ICCTX015_006	0	ASP000247	ICCTX015	matched_random_locus	TCC	0	pam_only	5	0.191945566806141	0
NEG_ICCTX015_007	0	ASP000247	ICCTX015	matched_random_locus	TAG	1	pam_only	5	0.006475537650339534	0
NEG_ICCTX015_008	0	ASP000247	ICCTX015	matched_random_locus	AAA	0	pam_only	5	0.0014694633150299887	0
NEG_ICCTX015_009	0	ASP000247	ICCTX015	matched_random_locus	TTT	0	pam_only	5	0.09102884434203991	0
NEG_ICCTX015_010	0	ASP000247	ICCTX015	matched_random_locus	GAA	0	pam_only	5	0.0003804369846115347	0
NEG_ICCTX015_011	0	ASP000247	ICCTX015	matched_random_locus	ATA	0	pam_only	5	0.021230158002787682	0
NEG_ICCTX015_012	0	ASP000247	ICCTX015	matched_random_locus	CTC	0	pam_only	5	0.16592114838748434	0
NEG_ICCTX015_013	0	ASP000247	ICCTX015	matched_random_locus	TGT	1	pam_only	5	0.000873269836674314	0
NEG_ICCTX015_014	0	ASP000247	ICCTX015	matched_random_locus	TAT	0	pam_only	5	0.006748587282593347	0
NEG_ICCTX015_015	0	ASP000247	ICCTX015	matched_random_locus	CAC	0	pam_only	5	0.013316716564670435	0
NEG_ICCTX015_016	0	ASP000247	ICCTX015	matched_random_locus	ATT	0	pam_only	5	0.003581128615686059	0
NEG_ICCTX015_017	0	ASP000247	ICCTX015	matched_random_locus	GGC	0	pam_only	5	0.0016104805146374575	0
NEG_ICCTX015_018	0	ASP000247	ICCTX015	matched_random_locus	CAA	0	pam_only	5	0.000409456953685199	0
NEG_ICCTX015_019	0	ASP000247	ICCTX015	matched_random_locus	TCT	1	pam_only	5	0.0011931389952560716	0
NEG_ICCTX015_020	0	ASP000247	ICCTX015	matched_random_locus	GGC	0	pam_only	5	0.0016104805146374575	0
NEG_ICCTX015_021	0	ASP000247	ICCTX015	matched_random_locus	AAA	0	pam_only	5	0.0014694633150299887	0
NEG_ICCTX015_022	0	ASP000247	ICCTX015	matched_random_locus	AGG	0	pam_only	5	3.008897904435614e-05	0
NEG_ICCTX015_023	0	ASP000247	ICCTX015	matched_random_locus	TGC	0	pam_only	5	0.148067868849074	0
NEG_ICCTX015_024	0	ASP000247	ICCTX015	matched_random_locus	AAT	0	pam_only	5	0.00024377930829552684	0
NEG_ICCTX015_025	0	ASP000247	ICCTX015	matched_random_locus	GGA	0	pam_only	5	4.89554363719169e-05	0
NEG_ICCTX015_026	0	ASP000247	ICCTX015	matched_random_locus	GGC	0	pam_only	5	0.0016104805146374575	0
NEG_ICCTX015_027	0	ASP000247	ICCTX015	matched_random_locus	ATG	0	pam_only	5	0.0034357918917995375	0
NEG_ICCTX015_028	0	ASP000247	ICCTX015	matched_random_locus	GGG	0	pam_only	5	7.781578918261652e-06	0
NEG_ICCTX015_029	0	ASP000247	ICCTX015	matched_random_locus	ATT	1	pam_only	5	0.003581128615686059	0
NEG_ICCTX015_030	0	ASP000247	ICCTX015	matched_random_locus	GCC	1	pam_only	5	0.0021997873224162945	0
NEG_ICCTX015_031	0	ASP000247	ICCTX015	matched_random_locus	ACT	0	pam_only	5	4.286866435707837e-05	0
NEG_ICCTX015_032	0	ASP000247	ICCTX015	matched_random_locus	AAT	0	pam_only	5	0.00024377930829552684	0
NEG_ICCTX015_033	0	ASP000247	ICCTX015	matched_random_locus	CGG	0	pam_only	5	8.375400756044064e-06	0
NEG_ICCTX015_034	0	ASP000247	ICCTX015	matched_random_locus	TGG	1	pam_only	5	0.0008377366101267811	0
NEG_ICCTX015_035	0	ASP000247	ICCTX015	matched_random_locus	AAG	0	pam_only	5	0.0002338539674640418	0
NEG_ICCTX015_036	0	ASP000247	ICCTX015	matched_random_locus	TTT	0	pam_only	5	0.09102884434203991	0
NEG_ICCTX015_037	0	ASP000247	ICCTX015	matched_random_locus	TAC	1	pam_only	5	0.5746638731357668	1
NEG_ICCTX015_038	0	ASP000247	ICCTX015	matched_random_locus	GGT	0	pam_only	5	8.111926228488683e-06	0
NEG_ICCTX015_039	0	ASP000247	ICCTX015	matched_random_locus	ATT	0	pam_only	5	0.003581128615686059	0
NEG_ICCTX015_040	0	ASP000247	ICCTX015	matched_random_locus	TCG	0	pam_only	5	0.0011446052482900289	0
NEG_ICCTX015_041	0	ASP000247	ICCTX015	matched_random_locus	TCG	0	pam_only	5	0.0011446052482900289	0
NEG_ICCTX015_042	0	ASP000247	ICCTX015	matched_random_locus	TTG	0	pam_only	5	0.08764669921702037	0
NEG_ICCTX015_043	0	ASP000247	ICCTX015	matched_random_locus	CTA	0	pam_only	5	0.006001325284764931	0
NEG_ICCTX015_044	0	ASP000247	ICCTX015	matched_random_locus	TTC	1	pam_only	5	0.9521849682824212	1
NEG_ICCTX015_045	0	ASP000247	ICCTX015	matched_random_locus	CAT	0	pam_only	5	6.786751765524691e-05	0
NEG_ICCTX015_046	0	ASP000247	ICCTX015	matched_random_locus	TAG	0	pam_only	5	0.006475537650339534	0
NEG_ICCTX015_047	0	ASP000247	ICCTX015	matched_random_locus	ATG	0	pam_only	5	0.0034357918917995375	0
NEG_ICCTX015_048	0	ASP000247	ICCTX015	matched_random_locus	GGA	1	pam_only	5	4.89554363719169e-05	0
NEG_ICCTX015_049	0	ASP000247	ICCTX015	matched_random_locus	CGG	0	pam_only	5	8.375400756044064e-06	0
NEG_ICCTX015_050	0	ASP000247	ICCTX015	matched_random_locus	AAC	0	pam_only	5	0.046245275742945874	0
NEG_ICCTX015_051	0	ASP000247	ICCTX015	matched_random_locus	TCT	0	pam_only	5	0.0011931389952560716	0
NEG_ICCTX015_052	0	ASP000247	ICCTX015	matched_random_locus	CAT	1	pam_only	5	6.786751765524691e-05	0
NEG_ICCTX015_053	0	ASP000247	ICCTX015	matched_random_locus	TCA	0	pam_only	5	0.00715787959432531	0
NEG_ICCTX015_054	0	ASP000247	ICCTX015	matched_random_locus	TGA	0	pam_only	5	0.005247321464689442	0
NEG_ICCTX015_055	0	ASP000247	ICCTX015	matched_random_locus	CGG	0	pam_only	5	8.375400756044064e-06	0
NEG_ICCTX015_056	0	ASP000247	ICCTX015	matched_random_locus	GAA	0	pam_only	5	0.0003804369846115347	0
NEG_ICCTX015_057	0	ASP000247	ICCTX015	matched_random_locus	GCC	0	pam_only	5	0.0021997873224162945	0
NEG_ICCTX015_058	0	ASP000247	ICCTX015	matched_random_locus	AAT	0	pam_only	5	0.00024377930829552684	0
NEG_ICCTX015_059	0	ASP000247	ICCTX015	matched_random_locus	ATT	0	pam_only	5	0.003581128615686059	0
NEG_ICCTX015_060	0	ASP000247	ICCTX015	matched_random_locus	ATA	0	pam_only	5	0.021230158002787682	0
NEG_ICCTX015_061	0	ASP000247	ICCTX015	matched_random_locus	CAA	0	pam_only	5	0.000409456953685199	0
NEG_ICCTX015_062	0	ASP000247	ICCTX015	matched_random_locus	GTG	0	pam_only	5	0.0008908100439918395	0
NEG_ICCTX015_063	0	ASP000247	ICCTX015	matched_random_locus	TAT	0	pam_only	5	0.006748587282593347	0
NEG_ICCTX015_064	0	ASP000247	ICCTX015	matched_random_locus	GAA	0	pam_only	5	0.0003804369846115347	0
NEG_ICCTX015_065	0	ASP000247	ICCTX015	matched_random_locus	CTT	0	pam_only	5	0.0009993841226419507	0
NEG_ICCTX015_066	0	ASP000247	ICCTX015	matched_random_locus	TCC	0	pam_only	5	0.191945566806141	0
NEG_ICCTX015_067	0	ASP000247	ICCTX015	matched_random_locus	GTA	0	pam_only	5	0.00557819729750086	0
NEG_ICCTX015_068	0	ASP000247	ICCTX015	matched_random_locus	CCC	0	pam_only	5	0.0023672598072110897	0
NEG_ICCTX015_069	0	ASP000247	ICCTX015	matched_random_locus	TGA	0	pam_only	5	0.005247321464689442	0
NEG_ICCTX015_070	0	ASP000247	ICCTX015	matched_random_locus	GAA	0	pam_only	5	0.0003804369846115347	0
NEG_ICCTX015_071	0	ASP000247	ICCTX015	matched_random_locus	TTA	0	pam_only	5	0.3767135734751678	0
NEG_ICCTX015_072	0	ASP000247	ICCTX015	matched_random_locus	ATA	0	pam_only	5	0.021230158002787682	0
NEG_ICCTX015_073	0	ASP000247	ICCTX015	matched_random_locus	CCA	0	pam_only	5	7.201296318343473e-05	0
NEG_ICCTX015_074	0	ASP000247	ICCTX015	matched_random_locus	AAT	0	pam_only	5	0.00024377930829552684	0
NEG_ICCTX015_075	0	ASP000247	ICCTX015	matched_random_locus	AAT	0	pam_only	5	0.00024377930829552684	0
NEG_ICCTX015_076	0	ASP000247	ICCTX015	matched_random_locus	CGT	0	pam_only	5	8.730957054855969e-06	0
NEG_ICCTX015_077	0	ASP000247	ICCTX015	matched_random_locus	AAA	0	pam_only	5	0.0014694633150299887	0
NEG_ICCTX015_078	0	ASP000247	ICCTX015	matched_random_locus	CCT	0	pam_only	5	1.1932792890716076e-05	0
NEG_ICCTX015_079	0	ASP000247	ICCTX015	matched_random_locus	TGG	0	pam_only	5	0.0008377366101267811	0
NEG_ICCTX015_080	0	ASP000247	ICCTX015	matched_random_locus	AAC	0	pam_only	5	0.046245275742945874	0
NEG_ICCTX015_081	0	ASP000247	ICCTX015	matched_random_locus	TGC	0	pam_only	5	0.148067868849074	0
NEG_ICCTX015_082	0	ASP000247	ICCTX015	matched_random_locus	GCG	1	pam_only	5	1.0635260411867499e-05	0
NEG_ICCTX015_083	0	ASP000247	ICCTX015	matched_random_locus	CGT	0	pam_only	5	8.730957054855969e-06	0
NEG_ICCTX015_084	0	ASP000247	ICCTX015	matched_random_locus	ATA	0	pam_only	5	0.021230158002787682	0
NEG_ICCTX015_085	0	ASP000247	ICCTX015	matched_random_locus	ATG	0	pam_only	5	0.0034357918917995375	0
NEG_ICCTX015_086	0	ASP000247	ICCTX015	matched_random_locus	GTT	1	pam_only	5	0.0009285923278843553	0
NEG_ICCTX015_087	0	ASP000247	ICCTX015	matched_random_locus	CGA	0	pam_only	5	5.269112024746889e-05	0
NEG_ICCTX015_088	0	ASP000247	ICCTX015	matched_random_locus	TTT	0	pam_only	5	0.09102884434203991	0
NEG_ICCTX015_089	0	ASP000247	ICCTX015	matched_random_locus	CAG	0	pam_only	5	6.510386249978533e-05	0
NEG_ICCTX015_090	0	ASP000247	ICCTX015	matched_random_locus	GAG	1	pam_only	5	6.048819588947181e-05	0
NEG_ICCTX015_091	0	ASP000247	ICCTX015	matched_random_locus	ACA	0	pam_only	5	0.0002586669192934788	0
NEG_ICCTX015_092	0	ASP000247	ICCTX015	matched_random_locus	ATC	1	pam_only	5	0.4167976075871101	0
NEG_ICCTX015_093	0	ASP000247	ICCTX015	matched_random_locus	ACG	0	pam_only	5	4.1122953733564506e-05	0
NEG_ICCTX015_094	0	ASP000247	ICCTX015	matched_random_locus	AAT	0	pam_only	5	0.00024377930829552684	0
NEG_ICCTX015_095	0	ASP000247	ICCTX015	matched_random_locus	GAG	0	pam_only	5	6.048819588947181e-05	0
NEG_ICCTX015_096	0	ASP000247	ICCTX015	matched_random_locus	TAT	0	pam_only	5	0.006748587282593347	0
NEG_ICCTX015_097	0	ASP000247	ICCTX015	matched_random_locus	ATG	0	pam_only	5	0.0034357918917995375	0
NEG_ICCTX015_098	0	ASP000247	ICCTX015	matched_random_locus	GAG	0	pam_only	5	6.048819588947181e-05	0
NEG_ICCTX015_099	0	ASP000247	ICCTX015	matched_random_locus	CAT	0	pam_only	5	6.786751765524691e-05	0
NEG_ICCTX015_100	0	ASP000247	ICCTX015	matched_random_locus	AGC	0	pam_only	5	0.0061987541464623925	0
POS_ICCTX016	1	ASP000248	ICCTX016	observed_target	TTC	1	pam_only	4	0.9527064190917073	1
NEG_ICCTX016_001	0	ASP000248	ICCTX016	matched_random_locus	AAC	0	pam_only	4	0.0570476754208636	0
NEG_ICCTX016_002	0	ASP000248	ICCTX016	matched_random_locus	GGC	0	pam_only	4	0.0020033782359313093	0
NEG_ICCTX016_003	0	ASP000248	ICCTX016	matched_random_locus	AAA	0	pam_only	4	0.0018346953820312494	0
NEG_ICCTX016_004	0	ASP000248	ICCTX016	matched_random_locus	TAT	1	pam_only	4	0.006802546389875229	0
NEG_ICCTX016_005	0	ASP000248	ICCTX016	matched_random_locus	CAT	0	pam_only	4	9.013601645565629e-05	0
NEG_ICCTX016_006	0	ASP000248	ICCTX016	matched_random_locus	AAA	0	pam_only	4	0.0018346953820312494	0
NEG_ICCTX016_007	0	ASP000248	ICCTX016	matched_random_locus	AGC	0	pam_only	4	0.008241633511095948	0
NEG_ICCTX016_008	0	ASP000248	ICCTX016	matched_random_locus	AGG	1	pam_only	4	4.407930645508686e-05	0
NEG_ICCTX016_009	0	ASP000248	ICCTX016	matched_random_locus	ATT	0	pam_only	4	0.004422870430243017	0
NEG_ICCTX016_010	0	ASP000248	ICCTX016	matched_random_locus	GCT	0	pam_only	4	1.1336431092683872e-05	0
NEG_ICCTX016_011	0	ASP000248	ICCTX016	matched_random_locus	CGA	0	pam_only	4	7.528305697004098e-05	0
NEG_ICCTX016_012	0	ASP000248	ICCTX016	matched_random_locus	CGA	0	pam_only	4	7.528305697004098e-05	0
NEG_ICCTX016_013	0	ASP000248	ICCTX016	matched_random_locus	CGG	0	pam_only	4	1.3144904147213025e-05	0
NEG_ICCTX016_014	0	ASP000248	ICCTX016	matched_random_locus	GAA	1	pam_only	4	0.0004438080406706737	0
NEG_ICCTX016_015	0	ASP000248	ICCTX016	matched_random_locus	GCA	1	pam_only	4	6.89262365672472e-05	0
NEG_ICCTX016_016	0	ASP000248	ICCTX016	matched_random_locus	CCT	0	pam_only	4	1.3994519103404413e-05	0
NEG_ICCTX016_017	0	ASP000248	ICCTX016	matched_random_locus	CGA	0	pam_only	4	7.528305697004098e-05	0
NEG_ICCTX016_018	0	ASP000248	ICCTX016	matched_random_locus	GAT	0	pam_only	4	7.301683681384282e-05	0
NEG_ICCTX016_019	0	ASP000248	ICCTX016	matched_random_locus	GAT	1	pam_only	4	7.301683681384282e-05	0
NEG_ICCTX016_020	0	ASP000248	ICCTX016	matched_random_locus	TCT	1	pam_only	4	0.0010621868409666395	0
NEG_ICCTX016_021	0	ASP000248	ICCTX016	matched_random_locus	GCG	0	pam_only	4	1.2034899421114118e-05	0
NEG_ICCTX016_022	0	ASP000248	ICCTX016	matched_random_locus	GGT	0	pam_only	4	1.0030199685553295e-05	0
NEG_ICCTX016_023	0	ASP000248	ICCTX016	matched_random_locus	GGT	0	pam_only	4	1.0030199685553295e-05	0
NEG_ICCTX016_024	0	ASP000248	ICCTX016	matched_random_locus	AAC	0	pam_only	4	0.0570476754208636	0
NEG_ICCTX016_025	0	ASP000248	ICCTX016	matched_random_locus	CGA	0	pam_only	4	7.528305697004098e-05	0
NEG_ICCTX016_026	0	ASP000248	ICCTX016	matched_random_locus	GAC	0	pam_only	4	0.014403689174678333	0
NEG_ICCTX016_027	0	ASP000248	ICCTX016	matched_random_locus	CAG	1	pam_only	4	9.568907680932976e-05	0
NEG_ICCTX016_028	0	ASP000248	ICCTX016	matched_random_locus	TTC	1	pam_only	4	0.9527064190917073	1
NEG_ICCTX016_029	0	ASP000248	ICCTX016	matched_random_locus	GTT	0	pam_only	4	0.0010719880689949869	0
NEG_ICCTX016_030	0	ASP000248	ICCTX016	matched_random_locus	TTG	0	pam_only	4	0.09654100388196526	0
NEG_ICCTX016_031	0	ASP000248	ICCTX016	matched_random_locus	GAA	0	pam_only	4	0.0004438080406706737	0
NEG_ICCTX016_032	0	ASP000248	ICCTX016	matched_random_locus	ATC	1	pam_only	4	0.47064661803665875	0
NEG_ICCTX016_033	0	ASP000248	ICCTX016	matched_random_locus	AGG	0	pam_only	4	4.407930645508686e-05	0
NEG_ICCTX016_034	0	ASP000248	ICCTX016	matched_random_locus	TTT	0	pam_only	4	0.09145039618010342	0
NEG_ICCTX016_035	0	ASP000248	ICCTX016	matched_random_locus	AAG	0	pam_only	4	0.00032081549589620464	0
NEG_ICCTX016_036	0	ASP000248	ICCTX016	matched_random_locus	CTG	1	pam_only	4	0.0014044122206734425	0
NEG_ICCTX016_037	0	ASP000248	ICCTX016	matched_random_locus	CCG	0	pam_only	4	1.4856757024863201e-05	0
NEG_ICCTX016_038	0	ASP000248	ICCTX016	matched_random_locus	CCT	0	pam_only	4	1.3994519103404413e-05	0
NEG_ICCTX016_039	0	ASP000248	ICCTX016	matched_random_locus	CAT	0	pam_only	4	9.013601645565629e-05	0
NEG_ICCTX016_040	0	ASP000248	ICCTX016	matched_random_locus	GCC	0	pam_only	4	0.0022636902394316955	0
NEG_ICCTX016_041	0	ASP000248	ICCTX016	matched_random_locus	CTC	0	pam_only	4	0.2095672491039929	0
NEG_ICCTX016_042	0	ASP000248	ICCTX016	matched_random_locus	ATA	0	pam_only	4	0.026301884153940847	0
NEG_ICCTX016_043	0	ASP000248	ICCTX016	matched_random_locus	TTA	0	pam_only	4	0.3796627743581386	0
NEG_ICCTX016_044	0	ASP000248	ICCTX016	matched_random_locus	TGT	1	pam_only	4	0.0009399110018127618	0
NEG_ICCTX016_045	0	ASP000248	ICCTX016	matched_random_locus	CGT	0	pam_only	4	1.2382015376323842e-05	0
NEG_ICCTX016_046	0	ASP000248	ICCTX016	matched_random_locus	GCC	0	pam_only	4	0.0022636902394316955	0
NEG_ICCTX016_047	0	ASP000248	ICCTX016	matched_random_locus	AAA	0	pam_only	4	0.0018346953820312494	0
NEG_ICCTX016_048	0	ASP000248	ICCTX016	matched_random_locus	ACA	0	pam_only	4	0.0002852752770095365	0
NEG_ICCTX016_049	0	ASP000248	ICCTX016	matched_random_locus	AAA	0	pam_only	4	0.0018346953820312494	0
NEG_ICCTX016_050	0	ASP000248	ICCTX016	matched_random_locus	CCC	0	pam_only	4	0.0027929896410217744	0
NEG_ICCTX016_051	0	ASP000248	ICCTX016	matched_random_locus	TAT	1	pam_only	4	0.006802546389875229	0
NEG_ICCTX016_052	0	ASP000248	ICCTX016	matched_random_locus	ATC	0	pam_only	4	0.47064661803665875	0
NEG_ICCTX016_053	0	ASP000248	ICCTX016	matched_random_locus	CTG	0	pam_only	4	0.0014044122206734425	0
NEG_ICCTX016_054	0	ASP000248	ICCTX016	matched_random_locus	AAA	0	pam_only	4	0.0018346953820312494	0
NEG_ICCTX016_055	0	ASP000248	ICCTX016	matched_random_locus	GAA	0	pam_only	4	0.0004438080406706737	0
NEG_ICCTX016_056	0	ASP000248	ICCTX016	matched_random_locus	CGC	0	pam_only	4	0.002471961900783218	0
NEG_ICCTX016_057	0	ASP000248	ICCTX016	matched_random_locus	AAA	0	pam_only	4	0.0018346953820312494	0
NEG_ICCTX016_058	0	ASP000248	ICCTX016	matched_random_locus	CTG	0	pam_only	4	0.0014044122206734425	0
NEG_ICCTX016_059	0	ASP000248	ICCTX016	matched_random_locus	GAA	0	pam_only	4	0.0004438080406706737	0
NEG_ICCTX016_060	0	ASP000248	ICCTX016	matched_random_locus	TGG	0	pam_only	4	0.0009977643882670799	0
NEG_ICCTX016_061	0	ASP000248	ICCTX016	matched_random_locus	GCA	0	pam_only	4	6.89262365672472e-05	0
NEG_ICCTX016_062	0	ASP000248	ICCTX016	matched_random_locus	ACT	1	pam_only	4	4.6928258733714814e-05	0
NEG_ICCTX016_063	0	ASP000248	ICCTX016	matched_random_locus	GTC	0	pam_only	4	0.17679959986113786	0
NEG_ICCTX016_064	0	ASP000248	ICCTX016	matched_random_locus	TGC	0	pam_only	4	0.15845084402752088	0
NEG_ICCTX016_065	0	ASP000248	ICCTX016	matched_random_locus	CCA	0	pam_only	4	8.508643517570471e-05	0
NEG_ICCTX016_066	0	ASP000248	ICCTX016	matched_random_locus	CCT	0	pam_only	4	1.3994519103404413e-05	0
NEG_ICCTX016_067	0	ASP000248	ICCTX016	matched_random_locus	ATC	0	pam_only	4	0.47064661803665875	0
NEG_ICCTX016_068	0	ASP000248	ICCTX016	matched_random_locus	GTG	0	pam_only	4	0.0011379618010223863	0
NEG_ICCTX016_069	0	ASP000248	ICCTX016	matched_random_locus	AGA	0	pam_only	4	0.00025241262365295646	0
NEG_ICCTX016_070	0	ASP000248	ICCTX016	matched_random_locus	AAT	0	pam_only	4	0.0003022017727875901	0
NEG_ICCTX016_071	0	ASP000248	ICCTX016	matched_random_locus	GCC	0	pam_only	4	0.0022636902394316955	0
NEG_ICCTX016_072	0	ASP000248	ICCTX016	matched_random_locus	TGC	1	pam_only	4	0.15845084402752088	0
NEG_ICCTX016_073	0	ASP000248	ICCTX016	matched_random_locus	TCA	0	pam_only	4	0.006423871400812064	0
NEG_ICCTX016_074	0	ASP000248	ICCTX016	matched_random_locus	CCA	0	pam_only	4	8.508643517570471e-05	0
NEG_ICCTX016_075	0	ASP000248	ICCTX016	matched_random_locus	TAC	0	pam_only	4	0.5781912101785173	1
NEG_ICCTX016_076	0	ASP000248	ICCTX016	matched_random_locus	ACT	1	pam_only	4	4.6928258733714814e-05	0
NEG_ICCTX016_077	0	ASP000248	ICCTX016	matched_random_locus	TGT	0	pam_only	4	0.0009399110018127618	0
NEG_ICCTX016_078	0	ASP000248	ICCTX016	matched_random_locus	ATT	0	pam_only	4	0.004422870430243017	0
NEG_ICCTX016_079	0	ASP000248	ICCTX016	matched_random_locus	TTA	1	pam_only	4	0.3796627743581386	0
NEG_ICCTX016_080	0	ASP000248	ICCTX016	matched_random_locus	CGG	0	pam_only	4	1.3144904147213025e-05	0
NEG_ICCTX016_081	0	ASP000248	ICCTX016	matched_random_locus	AAT	0	pam_only	4	0.0003022017727875901	0
NEG_ICCTX016_082	0	ASP000248	ICCTX016	matched_random_locus	GAC	0	pam_only	4	0.014403689174678333	0
NEG_ICCTX016_083	0	ASP000248	ICCTX016	matched_random_locus	ATA	0	pam_only	4	0.026301884153940847	0
NEG_ICCTX016_084	0	ASP000248	ICCTX016	matched_random_locus	GTT	0	pam_only	4	0.0010719880689949869	0
NEG_ICCTX016_085	0	ASP000248	ICCTX016	matched_random_locus	ACG	0	pam_only	4	4.981952703942434e-05	0
NEG_ICCTX016_086	0	ASP000248	ICCTX016	matched_random_locus	AAT	0	pam_only	4	0.0003022017727875901	0
NEG_ICCTX016_087	0	ASP000248	ICCTX016	matched_random_locus	AGT	0	pam_only	4	4.15211571026983e-05	0
NEG_ICCTX016_088	0	ASP000248	ICCTX016	matched_random_locus	CCA	0	pam_only	4	8.508643517570471e-05	0
NEG_ICCTX016_089	0	ASP000248	ICCTX016	matched_random_locus	CTG	0	pam_only	4	0.0014044122206734425	0
NEG_ICCTX016_090	0	ASP000248	ICCTX016	matched_random_locus	TGT	0	pam_only	4	0.0009399110018127618	0
NEG_ICCTX016_091	0	ASP000248	ICCTX016	matched_random_locus	CGG	0	pam_only	4	1.3144904147213025e-05	0
NEG_ICCTX016_092	0	ASP000248	ICCTX016	matched_random_locus	TGG	0	pam_only	4	0.0009977643882670799	0
NEG_ICCTX016_093	0	ASP000248	ICCTX016	matched_random_locus	CAG	0	pam_only	4	9.568907680932976e-05	0
NEG_ICCTX016_094	0	ASP000248	ICCTX016	matched_random_locus	TAG	0	pam_only	4	0.007218649263258948	0
NEG_ICCTX016_095	0	ASP000248	ICCTX016	matched_random_locus	ATA	0	pam_only	4	0.026301884153940847	0
NEG_ICCTX016_096	0	ASP000248	ICCTX016	matched_random_locus	TCT	0	pam_only	4	0.0010621868409666395	0
NEG_ICCTX016_097	0	ASP000248	ICCTX016	matched_random_locus	CCC	0	pam_only	4	0.0027929896410217744	0
NEG_ICCTX016_098	0	ASP000248	ICCTX016	matched_random_locus	CCT	0	pam_only	4	1.3994519103404413e-05	0
NEG_ICCTX016_099	0	ASP000248	ICCTX016	matched_random_locus	ATG	0	pam_only	4	0.004694099595693943	0
NEG_ICCTX016_100	0	ASP000248	ICCTX016	matched_random_locus	GGG	0	pam_only	4	1.0648188404050062e-05	0
POS_ICCTX001	1	ASP000006	ICCTX001	observed_target	TTC	1	mobile_only	1	0.7741836034870528	1
NEG_ICCTX001_001	0	ASP000006	ICCTX001	matched_random_locus	CTA	1	mobile_only	1	0.7741836034870528	1
NEG_ICCTX001_002	0	ASP000006	ICCTX001	matched_random_locus	TCT	1	mobile_only	1	0.7741836034870528	1
NEG_ICCTX001_003	0	ASP000006	ICCTX001	matched_random_locus	TTA	1	mobile_only	1	0.7741836034870528	1
NEG_ICCTX001_004	0	ASP000006	ICCTX001	matched_random_locus	GAG	1	mobile_only	1	0.7741836034870528	1
NEG_ICCTX001_005	0	ASP000006	ICCTX001	matched_random_locus	AAA	1	mobile_only	1	0.7741836034870528	1
NEG_ICCTX001_006	0	ASP000006	ICCTX001	matched_random_locus	TAT	0	mobile_only	1	0.022044440688115553	0
NEG_ICCTX001_007	0	ASP000006	ICCTX001	matched_random_locus	GGC	1	mobile_only	1	0.7741836034870528	1
NEG_ICCTX001_008	0	ASP000006	ICCTX001	matched_random_locus	ATC	0	mobile_only	1	0.022044440688115553	0
NEG_ICCTX001_009	0	ASP000006	ICCTX001	matched_random_locus	TGG	1	mobile_only	1	0.7741836034870528	1
NEG_ICCTX001_010	0	ASP000006	ICCTX001	matched_random_locus	CGA	1	mobile_only	1	0.7741836034870528	1
NEG_ICCTX001_011	0	ASP000006	ICCTX001	matched_random_locus	TTA	0	mobile_only	1	0.022044440688115553	0
NEG_ICCTX001_012	0	ASP000006	ICCTX001	matched_random_locus	CTT	0	mobile_only	1	0.022044440688115553	0
NEG_ICCTX001_013	0	ASP000006	ICCTX001	matched_random_locus	AAA	0	mobile_only	1	0.022044440688115553	0
NEG_ICCTX001_014	0	ASP000006	ICCTX001	matched_random_locus	ATT	1	mobile_only	1	0.7741836034870528	1
NEG_ICCTX001_015	0	ASP000006	ICCTX001	matched_random_locus	TAC	0	mobile_only	1	0.022044440688115553	0
NEG_ICCTX001_016	0	ASP000006	ICCTX001	matched_random_locus	AGC	0	mobile_only	1	0.022044440688115553	0
NEG_ICCTX001_017	0	ASP000006	ICCTX001	matched_random_locus	GTC	1	mobile_only	1	0.7741836034870528	1
NEG_ICCTX001_018	0	ASP000006	ICCTX001	matched_random_locus	CTG	0	mobile_only	1	0.022044440688115553	0
NEG_ICCTX001_019	0	ASP000006	ICCTX001	matched_random_locus	TGC	1	mobile_only	1	0.7741836034870528	1
NEG_ICCTX001_020	0	ASP000006	ICCTX001	matched_random_locus	CAT	1	mobile_only	1	0.7741836034870528	1
NEG_ICCTX001_021	0	ASP000006	ICCTX001	matched_random_locus	ATG	0	mobile_only	1	0.022044440688115553	0
NEG_ICCTX001_022	0	ASP000006	ICCTX001	matched_random_locus	CTA	0	mobile_only	1	0.022044440688115553	0
NEG_ICCTX001_023	0	ASP000006	ICCTX001	matched_random_locus	GCA	0	mobile_only	1	0.022044440688115553	0
NEG_ICCTX001_024	0	ASP000006	ICCTX001	matched_random_locus	CGA	0	mobile_only	1	0.022044440688115553	0
NEG_ICCTX001_025	0	ASP000006	ICCTX001	matched_random_locus	CAT	0	mobile_only	1	0.022044440688115553	0
NEG_ICCTX001_026	0	ASP000006	ICCTX001	matched_random_locus	AGC	1	mobile_only	1	0.7741836034870528	1
NEG_ICCTX001_027	0	ASP000006	ICCTX001	matched_random_locus	GTC	1	mobile_only	1	0.7741836034870528	1
NEG_ICCTX001_028	0	ASP000006	ICCTX001	matched_random_locus	AAT	1	mobile_only	1	0.7741836034870528	1
NEG_ICCTX001_029	0	ASP000006	ICCTX001	matched_random_locus	ATC	1	mobile_only	1	0.7741836034870528	1
NEG_ICCTX001_030	0	ASP000006	ICCTX001	matched_random_locus	TAT	0	mobile_only	1	0.022044440688115553	0
NEG_ICCTX001_031	0	ASP000006	ICCTX001	matched_random_locus	AAA	0	mobile_only	1	0.022044440688115553	0
NEG_ICCTX001_032	0	ASP000006	ICCTX001	matched_random_locus	GAA	1	mobile_only	1	0.7741836034870528	1
NEG_ICCTX001_033	0	ASP000006	ICCTX001	matched_random_locus	TGG	1	mobile_only	1	0.7741836034870528	1
NEG_ICCTX001_034	0	ASP000006	ICCTX001	matched_random_locus	CTG	0	mobile_only	1	0.022044440688115553	0
NEG_ICCTX001_035	0	ASP000006	ICCTX001	matched_random_locus	AAA	0	mobile_only	1	0.022044440688115553	0
NEG_ICCTX001_036	0	ASP000006	ICCTX001	matched_random_locus	ACA	1	mobile_only	1	0.7741836034870528	1
NEG_ICCTX001_037	0	ASP000006	ICCTX001	matched_random_locus	TCG	0	mobile_only	1	0.022044440688115553	0
NEG_ICCTX001_038	0	ASP000006	ICCTX001	matched_random_locus	TGG	1	mobile_only	1	0.7741836034870528	1
NEG_ICCTX001_039	0	ASP000006	ICCTX001	matched_random_locus	CTT	0	mobile_only	1	0.022044440688115553	0
NEG_ICCTX001_040	0	ASP000006	ICCTX001	matched_random_locus	ATT	0	mobile_only	1	0.022044440688115553	0
NEG_ICCTX001_041	0	ASP000006	ICCTX001	matched_random_locus	CAA	0	mobile_only	1	0.022044440688115553	0
NEG_ICCTX001_042	0	ASP000006	ICCTX001	matched_random_locus	ACT	1	mobile_only	1	0.7741836034870528	1
NEG_ICCTX001_043	0	ASP000006	ICCTX001	matched_random_locus	ATG	1	mobile_only	1	0.7741836034870528	1
NEG_ICCTX001_044	0	ASP000006	ICCTX001	matched_random_locus	CTG	0	mobile_only	1	0.022044440688115553	0
NEG_ICCTX001_045	0	ASP000006	ICCTX001	matched_random_locus	CAA	1	mobile_only	1	0.7741836034870528	1
NEG_ICCTX001_046	0	ASP000006	ICCTX001	matched_random_locus	CAC	0	mobile_only	1	0.022044440688115553	0
NEG_ICCTX001_047	0	ASP000006	ICCTX001	matched_random_locus	GCG	0	mobile_only	1	0.022044440688115553	0
NEG_ICCTX001_048	0	ASP000006	ICCTX001	matched_random_locus	TTT	1	mobile_only	1	0.7741836034870528	1
NEG_ICCTX001_049	0	ASP000006	ICCTX001	matched_random_locus	TTA	0	mobile_only	1	0.022044440688115553	0
NEG_ICCTX001_050	0	ASP000006	ICCTX001	matched_random_locus	ATG	1	mobile_only	1	0.7741836034870528	1
NEG_ICCTX001_051	0	ASP000006	ICCTX001	matched_random_locus	CGA	1	mobile_only	1	0.7741836034870528	1
NEG_ICCTX001_052	0	ASP000006	ICCTX001	matched_random_locus	AGA	1	mobile_only	1	0.7741836034870528	1
NEG_ICCTX001_053	0	ASP000006	ICCTX001	matched_random_locus	TGC	0	mobile_only	1	0.022044440688115553	0
NEG_ICCTX001_054	0	ASP000006	ICCTX001	matched_random_locus	TTA	1	mobile_only	1	0.7741836034870528	1
NEG_ICCTX001_055	0	ASP000006	ICCTX001	matched_random_locus	CCT	1	mobile_only	1	0.7741836034870528	1
NEG_ICCTX001_056	0	ASP000006	ICCTX001	matched_random_locus	CCC	1	mobile_only	1	0.7741836034870528	1
NEG_ICCTX001_057	0	ASP000006	ICCTX001	matched_random_locus	CCA	1	mobile_only	1	0.7741836034870528	1
NEG_ICCTX001_058	0	ASP000006	ICCTX001	matched_random_locus	AGA	0	mobile_only	1	0.022044440688115553	0
NEG_ICCTX001_059	0	ASP000006	ICCTX001	matched_random_locus	AGA	1	mobile_only	1	0.7741836034870528	1
NEG_ICCTX001_060	0	ASP000006	ICCTX001	matched_random_locus	AGC	1	mobile_only	1	0.7741836034870528	1
NEG_ICCTX001_061	0	ASP000006	ICCTX001	matched_random_locus	CGG	0	mobile_only	1	0.022044440688115553	0
NEG_ICCTX001_062	0	ASP000006	ICCTX001	matched_random_locus	TGC	1	mobile_only	1	0.7741836034870528	1
NEG_ICCTX001_063	0	ASP000006	ICCTX001	matched_random_locus	CCT	0	mobile_only	1	0.022044440688115553	0
NEG_ICCTX001_064	0	ASP000006	ICCTX001	matched_random_locus	TTA	1	mobile_only	1	0.7741836034870528	1
NEG_ICCTX001_065	0	ASP000006	ICCTX001	matched_random_locus	TTC	0	mobile_only	1	0.022044440688115553	0
NEG_ICCTX001_066	0	ASP000006	ICCTX001	matched_random_locus	ATT	1	mobile_only	1	0.7741836034870528	1
NEG_ICCTX001_067	0	ASP000006	ICCTX001	matched_random_locus	AAG	0	mobile_only	1	0.022044440688115553	0
NEG_ICCTX001_068	0	ASP000006	ICCTX001	matched_random_locus	TGC	1	mobile_only	1	0.7741836034870528	1
NEG_ICCTX001_069	0	ASP000006	ICCTX001	matched_random_locus	GAA	0	mobile_only	1	0.022044440688115553	0
NEG_ICCTX001_070	0	ASP000006	ICCTX001	matched_random_locus	AAT	0	mobile_only	1	0.022044440688115553	0
NEG_ICCTX001_071	0	ASP000006	ICCTX001	matched_random_locus	AGA	0	mobile_only	1	0.022044440688115553	0
NEG_ICCTX001_072	0	ASP000006	ICCTX001	matched_random_locus	CGT	1	mobile_only	1	0.7741836034870528	1
NEG_ICCTX001_073	0	ASP000006	ICCTX001	matched_random_locus	GAG	1	mobile_only	1	0.7741836034870528	1
NEG_ICCTX001_074	0	ASP000006	ICCTX001	matched_random_locus	ATT	0	mobile_only	1	0.022044440688115553	0
NEG_ICCTX001_075	0	ASP000006	ICCTX001	matched_random_locus	AAT	1	mobile_only	1	0.7741836034870528	1
NEG_ICCTX001_076	0	ASP000006	ICCTX001	matched_random_locus	TAA	1	mobile_only	1	0.7741836034870528	1
NEG_ICCTX001_077	0	ASP000006	ICCTX001	matched_random_locus	GCC	1	mobile_only	1	0.7741836034870528	1
NEG_ICCTX001_078	0	ASP000006	ICCTX001	matched_random_locus	GTT	1	mobile_only	1	0.7741836034870528	1
NEG_ICCTX001_079	0	ASP000006	ICCTX001	matched_random_locus	CAA	1	mobile_only	1	0.7741836034870528	1
NEG_ICCTX001_080	0	ASP000006	ICCTX001	matched_random_locus	TCC	0	mobile_only	1	0.022044440688115553	0
NEG_ICCTX001_081	0	ASP000006	ICCTX001	matched_random_locus	GCT	0	mobile_only	1	0.022044440688115553	0
NEG_ICCTX001_082	0	ASP000006	ICCTX001	matched_random_locus	CCG	1	mobile_only	1	0.7741836034870528	1
NEG_ICCTX001_083	0	ASP000006	ICCTX001	matched_random_locus	GGC	1	mobile_only	1	0.7741836034870528	1
NEG_ICCTX001_084	0	ASP000006	ICCTX001	matched_random_locus	TTT	1	mobile_only	1	0.7741836034870528	1
NEG_ICCTX001_085	0	ASP000006	ICCTX001	matched_random_locus	TTT	0	mobile_only	1	0.022044440688115553	0
NEG_ICCTX001_086	0	ASP000006	ICCTX001	matched_random_locus	GAA	1	mobile_only	1	0.7741836034870528	1
NEG_ICCTX001_087	0	ASP000006	ICCTX001	matched_random_locus	CAC	1	mobile_only	1	0.7741836034870528	1
NEG_ICCTX001_088	0	ASP000006	ICCTX001	matched_random_locus	CGA	0	mobile_only	1	0.022044440688115553	0
NEG_ICCTX001_089	0	ASP000006	ICCTX001	matched_random_locus	TTC	0	mobile_only	1	0.022044440688115553	0
NEG_ICCTX001_090	0	ASP000006	ICCTX001	matched_random_locus	CGT	1	mobile_only	1	0.7741836034870528	1
NEG_ICCTX001_091	0	ASP000006	ICCTX001	matched_random_locus	CCC	0	mobile_only	1	0.022044440688115553	0
NEG_ICCTX001_092	0	ASP000006	ICCTX001	matched_random_locus	TTA	1	mobile_only	1	0.7741836034870528	1
NEG_ICCTX001_093	0	ASP000006	ICCTX001	matched_random_locus	AAA	1	mobile_only	1	0.7741836034870528	1
NEG_ICCTX001_094	0	ASP000006	ICCTX001	matched_random_locus	TAA	0	mobile_only	1	0.022044440688115553	0
NEG_ICCTX001_095	0	ASP000006	ICCTX001	matched_random_locus	AAC	1	mobile_only	1	0.7741836034870528	1
NEG_ICCTX001_096	0	ASP000006	ICCTX001	matched_random_locus	GTG	1	mobile_only	1	0.7741836034870528	1
NEG_ICCTX001_097	0	ASP000006	ICCTX001	matched_random_locus	AGA	0	mobile_only	1	0.022044440688115553	0
NEG_ICCTX001_098	0	ASP000006	ICCTX001	matched_random_locus	GCT	1	mobile_only	1	0.7741836034870528	1
NEG_ICCTX001_099	0	ASP000006	ICCTX001	matched_random_locus	CTG	0	mobile_only	1	0.022044440688115553	0
NEG_ICCTX001_100	0	ASP000006	ICCTX001	matched_random_locus	GCG	1	mobile_only	1	0.7741836034870528	1
POS_ICCTX002	1	ASP000006	ICCTX002	observed_target	TTC	1	mobile_only	1	0.7741836034870528	1
NEG_ICCTX002_001	0	ASP000006	ICCTX002	matched_random_locus	TTA	0	mobile_only	1	0.022044440688115553	0
NEG_ICCTX002_002	0	ASP000006	ICCTX002	matched_random_locus	ATT	0	mobile_only	1	0.022044440688115553	0
NEG_ICCTX002_003	0	ASP000006	ICCTX002	matched_random_locus	TGC	0	mobile_only	1	0.022044440688115553	0
NEG_ICCTX002_004	0	ASP000006	ICCTX002	matched_random_locus	ACT	0	mobile_only	1	0.022044440688115553	0
NEG_ICCTX002_005	0	ASP000006	ICCTX002	matched_random_locus	GGT	0	mobile_only	1	0.022044440688115553	0
NEG_ICCTX002_006	0	ASP000006	ICCTX002	matched_random_locus	TTT	0	mobile_only	1	0.022044440688115553	0
NEG_ICCTX002_007	0	ASP000006	ICCTX002	matched_random_locus	CTG	1	mobile_only	1	0.7741836034870528	1
NEG_ICCTX002_008	0	ASP000006	ICCTX002	matched_random_locus	CTT	1	mobile_only	1	0.7741836034870528	1
NEG_ICCTX002_009	0	ASP000006	ICCTX002	matched_random_locus	GGG	0	mobile_only	1	0.022044440688115553	0
NEG_ICCTX002_010	0	ASP000006	ICCTX002	matched_random_locus	CCC	0	mobile_only	1	0.022044440688115553	0
NEG_ICCTX002_011	0	ASP000006	ICCTX002	matched_random_locus	TCA	0	mobile_only	1	0.022044440688115553	0
NEG_ICCTX002_012	0	ASP000006	ICCTX002	matched_random_locus	TTG	1	mobile_only	1	0.7741836034870528	1
NEG_ICCTX002_013	0	ASP000006	ICCTX002	matched_random_locus	GGA	0	mobile_only	1	0.022044440688115553	0
NEG_ICCTX002_014	0	ASP000006	ICCTX002	matched_random_locus	TGC	1	mobile_only	1	0.7741836034870528	1
NEG_ICCTX002_015	0	ASP000006	ICCTX002	matched_random_locus	GCA	0	mobile_only	1	0.022044440688115553	0
NEG_ICCTX002_016	0	ASP000006	ICCTX002	matched_random_locus	GAG	0	mobile_only	1	0.022044440688115553	0
NEG_ICCTX002_017	0	ASP000006	ICCTX002	matched_random_locus	TAC	0	mobile_only	1	0.022044440688115553	0
NEG_ICCTX002_018	0	ASP000006	ICCTX002	matched_random_locus	GCT	1	mobile_only	1	0.7741836034870528	1
NEG_ICCTX002_019	0	ASP000006	ICCTX002	matched_random_locus	CTT	0	mobile_only	1	0.022044440688115553	0
NEG_ICCTX002_020	0	ASP000006	ICCTX002	matched_random_locus	GGA	0	mobile_only	1	0.022044440688115553	0
NEG_ICCTX002_021	0	ASP000006	ICCTX002	matched_random_locus	GCT	0	mobile_only	1	0.022044440688115553	0
NEG_ICCTX002_022	0	ASP000006	ICCTX002	matched_random_locus	TCC	0	mobile_only	1	0.022044440688115553	0
NEG_ICCTX002_023	0	ASP000006	ICCTX002	matched_random_locus	TCC	0	mobile_only	1	0.022044440688115553	0
NEG_ICCTX002_024	0	ASP000006	ICCTX002	matched_random_locus	AGC	0	mobile_only	1	0.022044440688115553	0
NEG_ICCTX002_025	0	ASP000006	ICCTX002	matched_random_locus	TCT	0	mobile_only	1	0.022044440688115553	0
NEG_ICCTX002_026	0	ASP000006	ICCTX002	matched_random_locus	CAC	0	mobile_only	1	0.022044440688115553	0
NEG_ICCTX002_027	0	ASP000006	ICCTX002	matched_random_locus	CTC	0	mobile_only	1	0.022044440688115553	0
NEG_ICCTX002_028	0	ASP000006	ICCTX002	matched_random_locus	GTG	0	mobile_only	1	0.022044440688115553	0
NEG_ICCTX002_029	0	ASP000006	ICCTX002	matched_random_locus	TCA	0	mobile_only	1	0.022044440688115553	0
NEG_ICCTX002_030	0	ASP000006	ICCTX002	matched_random_locus	TAT	0	mobile_only	1	0.022044440688115553	0
NEG_ICCTX002_031	0	ASP000006	ICCTX002	matched_random_locus	CGA	0	mobile_only	1	0.022044440688115553	0
NEG_ICCTX002_032	0	ASP000006	ICCTX002	matched_random_locus	TTA	0	mobile_only	1	0.022044440688115553	0
NEG_ICCTX002_033	0	ASP000006	ICCTX002	matched_random_locus	ACG	0	mobile_only	1	0.022044440688115553	0
NEG_ICCTX002_034	0	ASP000006	ICCTX002	matched_random_locus	GCT	0	mobile_only	1	0.022044440688115553	0
NEG_ICCTX002_035	0	ASP000006	ICCTX002	matched_random_locus	AGC	0	mobile_only	1	0.022044440688115553	0
NEG_ICCTX002_036	0	ASP000006	ICCTX002	matched_random_locus	ACT	0	mobile_only	1	0.022044440688115553	0
NEG_ICCTX002_037	0	ASP000006	ICCTX002	matched_random_locus	TTG	0	mobile_only	1	0.022044440688115553	0
NEG_ICCTX002_038	0	ASP000006	ICCTX002	matched_random_locus	CAA	0	mobile_only	1	0.022044440688115553	0
NEG_ICCTX002_039	0	ASP000006	ICCTX002	matched_random_locus	TCT	0	mobile_only	1	0.022044440688115553	0
NEG_ICCTX002_040	0	ASP000006	ICCTX002	matched_random_locus	CAA	0	mobile_only	1	0.022044440688115553	0
NEG_ICCTX002_041	0	ASP000006	ICCTX002	matched_random_locus	TAT	0	mobile_only	1	0.022044440688115553	0
NEG_ICCTX002_042	0	ASP000006	ICCTX002	matched_random_locus	TCC	0	mobile_only	1	0.022044440688115553	0
NEG_ICCTX002_043	0	ASP000006	ICCTX002	matched_random_locus	AGC	0	mobile_only	1	0.022044440688115553	0
NEG_ICCTX002_044	0	ASP000006	ICCTX002	matched_random_locus	TTT	0	mobile_only	1	0.022044440688115553	0
NEG_ICCTX002_045	0	ASP000006	ICCTX002	matched_random_locus	TCG	0	mobile_only	1	0.022044440688115553	0
NEG_ICCTX002_046	0	ASP000006	ICCTX002	matched_random_locus	TTC	0	mobile_only	1	0.022044440688115553	0
NEG_ICCTX002_047	0	ASP000006	ICCTX002	matched_random_locus	CTC	0	mobile_only	1	0.022044440688115553	0
NEG_ICCTX002_048	0	ASP000006	ICCTX002	matched_random_locus	TTC	0	mobile_only	1	0.022044440688115553	0
NEG_ICCTX002_049	0	ASP000006	ICCTX002	matched_random_locus	TTG	0	mobile_only	1	0.022044440688115553	0
NEG_ICCTX002_050	0	ASP000006	ICCTX002	matched_random_locus	CAA	1	mobile_only	1	0.7741836034870528	1
NEG_ICCTX002_051	0	ASP000006	ICCTX002	matched_random_locus	TTA	0	mobile_only	1	0.022044440688115553	0
NEG_ICCTX002_052	0	ASP000006	ICCTX002	matched_random_locus	GAC	0	mobile_only	1	0.022044440688115553	0
NEG_ICCTX002_053	0	ASP000006	ICCTX002	matched_random_locus	ATA	0	mobile_only	1	0.022044440688115553	0
NEG_ICCTX002_054	0	ASP000006	ICCTX002	matched_random_locus	ATT	0	mobile_only	1	0.022044440688115553	0
NEG_ICCTX002_055	0	ASP000006	ICCTX002	matched_random_locus	GGT	0	mobile_only	1	0.022044440688115553	0
NEG_ICCTX002_056	0	ASP000006	ICCTX002	matched_random_locus	TCA	0	mobile_only	1	0.022044440688115553	0
NEG_ICCTX002_057	0	ASP000006	ICCTX002	matched_random_locus	GAT	1	mobile_only	1	0.7741836034870528	1
NEG_ICCTX002_058	0	ASP000006	ICCTX002	matched_random_locus	TTT	0	mobile_only	1	0.022044440688115553	0
NEG_ICCTX002_059	0	ASP000006	ICCTX002	matched_random_locus	AAT	0	mobile_only	1	0.022044440688115553	0
NEG_ICCTX002_060	0	ASP000006	ICCTX002	matched_random_locus	ATC	0	mobile_only	1	0.022044440688115553	0
NEG_ICCTX002_061	0	ASP000006	ICCTX002	matched_random_locus	GAT	0	mobile_only	1	0.022044440688115553	0
NEG_ICCTX002_062	0	ASP000006	ICCTX002	matched_random_locus	GAT	0	mobile_only	1	0.022044440688115553	0
NEG_ICCTX002_063	0	ASP000006	ICCTX002	matched_random_locus	AAA	0	mobile_only	1	0.022044440688115553	0
NEG_ICCTX002_064	0	ASP000006	ICCTX002	matched_random_locus	TGA	0	mobile_only	1	0.022044440688115553	0
NEG_ICCTX002_065	0	ASP000006	ICCTX002	matched_random_locus	GAA	0	mobile_only	1	0.022044440688115553	0
NEG_ICCTX002_066	0	ASP000006	ICCTX002	matched_random_locus	CTG	0	mobile_only	1	0.022044440688115553	0
NEG_ICCTX002_067	0	ASP000006	ICCTX002	matched_random_locus	ATG	0	mobile_only	1	0.022044440688115553	0
NEG_ICCTX002_068	0	ASP000006	ICCTX002	matched_random_locus	CGT	0	mobile_only	1	0.022044440688115553	0
NEG_ICCTX002_069	0	ASP000006	ICCTX002	matched_random_locus	AGT	0	mobile_only	1	0.022044440688115553	0
NEG_ICCTX002_070	0	ASP000006	ICCTX002	matched_random_locus	AGT	0	mobile_only	1	0.022044440688115553	0
NEG_ICCTX002_071	0	ASP000006	ICCTX002	matched_random_locus	TAT	0	mobile_only	1	0.022044440688115553	0
NEG_ICCTX002_072	0	ASP000006	ICCTX002	matched_random_locus	AGC	0	mobile_only	1	0.022044440688115553	0
NEG_ICCTX002_073	0	ASP000006	ICCTX002	matched_random_locus	CCA	0	mobile_only	1	0.022044440688115553	0
NEG_ICCTX002_074	0	ASP000006	ICCTX002	matched_random_locus	CAG	0	mobile_only	1	0.022044440688115553	0
NEG_ICCTX002_075	0	ASP000006	ICCTX002	matched_random_locus	CCG	0	mobile_only	1	0.022044440688115553	0
NEG_ICCTX002_076	0	ASP000006	ICCTX002	matched_random_locus	CCA	0	mobile_only	1	0.022044440688115553	0
NEG_ICCTX002_077	0	ASP000006	ICCTX002	matched_random_locus	TAG	0	mobile_only	1	0.022044440688115553	0
NEG_ICCTX002_078	0	ASP000006	ICCTX002	matched_random_locus	CTG	0	mobile_only	1	0.022044440688115553	0
NEG_ICCTX002_079	0	ASP000006	ICCTX002	matched_random_locus	TAA	1	mobile_only	1	0.7741836034870528	1
NEG_ICCTX002_080	0	ASP000006	ICCTX002	matched_random_locus	TAA	0	mobile_only	1	0.022044440688115553	0
NEG_ICCTX002_081	0	ASP000006	ICCTX002	matched_random_locus	TGA	0	mobile_only	1	0.022044440688115553	0
NEG_ICCTX002_082	0	ASP000006	ICCTX002	matched_random_locus	TGA	0	mobile_only	1	0.022044440688115553	0
NEG_ICCTX002_083	0	ASP000006	ICCTX002	matched_random_locus	CAT	0	mobile_only	1	0.022044440688115553	0
NEG_ICCTX002_084	0	ASP000006	ICCTX002	matched_random_locus	GTA	0	mobile_only	1	0.022044440688115553	0
NEG_ICCTX002_085	0	ASP000006	ICCTX002	matched_random_locus	CCT	1	mobile_only	1	0.7741836034870528	1
NEG_ICCTX002_086	0	ASP000006	ICCTX002	matched_random_locus	TTT	0	mobile_only	1	0.022044440688115553	0
NEG_ICCTX002_087	0	ASP000006	ICCTX002	matched_random_locus	GTT	0	mobile_only	1	0.022044440688115553	0
NEG_ICCTX002_088	0	ASP000006	ICCTX002	matched_random_locus	ATC	0	mobile_only	1	0.022044440688115553	0
NEG_ICCTX002_089	0	ASP000006	ICCTX002	matched_random_locus	GTC	0	mobile_only	1	0.022044440688115553	0
NEG_ICCTX002_090	0	ASP000006	ICCTX002	matched_random_locus	GCT	0	mobile_only	1	0.022044440688115553	0
NEG_ICCTX002_091	0	ASP000006	ICCTX002	matched_random_locus	CCC	1	mobile_only	1	0.7741836034870528	1
NEG_ICCTX002_092	0	ASP000006	ICCTX002	matched_random_locus	TGC	1	mobile_only	1	0.7741836034870528	1
NEG_ICCTX002_093	0	ASP000006	ICCTX002	matched_random_locus	GGC	0	mobile_only	1	0.022044440688115553	0
NEG_ICCTX002_094	0	ASP000006	ICCTX002	matched_random_locus	TTG	0	mobile_only	1	0.022044440688115553	0
NEG_ICCTX002_095	0	ASP000006	ICCTX002	matched_random_locus	GAG	0	mobile_only	1	0.022044440688115553	0
NEG_ICCTX002_096	0	ASP000006	ICCTX002	matched_random_locus	AAA	0	mobile_only	1	0.022044440688115553	0
NEG_ICCTX002_097	0	ASP000006	ICCTX002	matched_random_locus	TTT	0	mobile_only	1	0.022044440688115553	0
NEG_ICCTX002_098	0	ASP000006	ICCTX002	matched_random_locus	AGA	0	mobile_only	1	0.022044440688115553	0
NEG_ICCTX002_099	0	ASP000006	ICCTX002	matched_random_locus	ACA	1	mobile_only	1	0.7741836034870528	1
NEG_ICCTX002_100	0	ASP000006	ICCTX002	matched_random_locus	ATC	0	mobile_only	1	0.022044440688115553	0
POS_ICCTX003	1	ASP000006	ICCTX003	observed_target	TTC	0	mobile_only	1	0.022044440688115553	0
NEG_ICCTX003_001	0	ASP000006	ICCTX003	matched_random_locus	ATG	0	mobile_only	1	0.022044440688115553	0
NEG_ICCTX003_002	0	ASP000006	ICCTX003	matched_random_locus	AAG	0	mobile_only	1	0.022044440688115553	0
NEG_ICCTX003_003	0	ASP000006	ICCTX003	matched_random_locus	AAC	0	mobile_only	1	0.022044440688115553	0
NEG_ICCTX003_004	0	ASP000006	ICCTX003	matched_random_locus	CAT	0	mobile_only	1	0.022044440688115553	0
NEG_ICCTX003_005	0	ASP000006	ICCTX003	matched_random_locus	CTT	0	mobile_only	1	0.022044440688115553	0
NEG_ICCTX003_006	0	ASP000006	ICCTX003	matched_random_locus	ATT	0	mobile_only	1	0.022044440688115553	0
NEG_ICCTX003_007	0	ASP000006	ICCTX003	matched_random_locus	GTA	0	mobile_only	1	0.022044440688115553	0
NEG_ICCTX003_008	0	ASP000006	ICCTX003	matched_random_locus	TGG	0	mobile_only	1	0.022044440688115553	0
NEG_ICCTX003_009	0	ASP000006	ICCTX003	matched_random_locus	AAC	0	mobile_only	1	0.022044440688115553	0
NEG_ICCTX003_010	0	ASP000006	ICCTX003	matched_random_locus	CAC	1	mobile_only	1	0.7741836034870528	1
NEG_ICCTX003_011	0	ASP000006	ICCTX003	matched_random_locus	ACG	0	mobile_only	1	0.022044440688115553	0
NEG_ICCTX003_012	0	ASP000006	ICCTX003	matched_random_locus	ACA	0	mobile_only	1	0.022044440688115553	0
NEG_ICCTX003_013	0	ASP000006	ICCTX003	matched_random_locus	TCG	1	mobile_only	1	0.7741836034870528	1
NEG_ICCTX003_014	0	ASP000006	ICCTX003	matched_random_locus	CTG	1	mobile_only	1	0.7741836034870528	1
NEG_ICCTX003_015	0	ASP000006	ICCTX003	matched_random_locus	ATT	0	mobile_only	1	0.022044440688115553	0
NEG_ICCTX003_016	0	ASP000006	ICCTX003	matched_random_locus	TTT	0	mobile_only	1	0.022044440688115553	0
NEG_ICCTX003_017	0	ASP000006	ICCTX003	matched_random_locus	ATA	0	mobile_only	1	0.022044440688115553	0
NEG_ICCTX003_018	0	ASP000006	ICCTX003	matched_random_locus	TGG	0	mobile_only	1	0.022044440688115553	0
NEG_ICCTX003_019	0	ASP000006	ICCTX003	matched_random_locus	TCA	0	mobile_only	1	0.022044440688115553	0
NEG_ICCTX003_020	0	ASP000006	ICCTX003	matched_random_locus	TTT	0	mobile_only	1	0.022044440688115553	0
NEG_ICCTX003_021	0	ASP000006	ICCTX003	matched_random_locus	GAA	1	mobile_only	1	0.7741836034870528	1
NEG_ICCTX003_022	0	ASP000006	ICCTX003	matched_random_locus	CAG	0	mobile_only	1	0.022044440688115553	0
NEG_ICCTX003_023	0	ASP000006	ICCTX003	matched_random_locus	AGG	0	mobile_only	1	0.022044440688115553	0
NEG_ICCTX003_024	0	ASP000006	ICCTX003	matched_random_locus	TGT	0	mobile_only	1	0.022044440688115553	0
NEG_ICCTX003_025	0	ASP000006	ICCTX003	matched_random_locus	GAG	0	mobile_only	1	0.022044440688115553	0
NEG_ICCTX003_026	0	ASP000006	ICCTX003	matched_random_locus	CAG	0	mobile_only	1	0.022044440688115553	0
NEG_ICCTX003_027	0	ASP000006	ICCTX003	matched_random_locus	GAT	0	mobile_only	1	0.022044440688115553	0
NEG_ICCTX003_028	0	ASP000006	ICCTX003	matched_random_locus	ACC	0	mobile_only	1	0.022044440688115553	0
NEG_ICCTX003_029	0	ASP000006	ICCTX003	matched_random_locus	AAT	1	mobile_only	1	0.7741836034870528	1
NEG_ICCTX003_030	0	ASP000006	ICCTX003	matched_random_locus	TAG	0	mobile_only	1	0.022044440688115553	0
NEG_ICCTX003_031	0	ASP000006	ICCTX003	matched_random_locus	ATC	0	mobile_only	1	0.022044440688115553	0
NEG_ICCTX003_032	0	ASP000006	ICCTX003	matched_random_locus	ATT	0	mobile_only	1	0.022044440688115553	0
NEG_ICCTX003_033	0	ASP000006	ICCTX003	matched_random_locus	TTG	0	mobile_only	1	0.022044440688115553	0
NEG_ICCTX003_034	0	ASP000006	ICCTX003	matched_random_locus	CGA	0	mobile_only	1	0.022044440688115553	0
NEG_ICCTX003_035	0	ASP000006	ICCTX003	matched_random_locus	CAA	0	mobile_only	1	0.022044440688115553	0
NEG_ICCTX003_036	0	ASP000006	ICCTX003	matched_random_locus	AGG	0	mobile_only	1	0.022044440688115553	0
NEG_ICCTX003_037	0	ASP000006	ICCTX003	matched_random_locus	TTA	0	mobile_only	1	0.022044440688115553	0
NEG_ICCTX003_038	0	ASP000006	ICCTX003	matched_random_locus	CTG	0	mobile_only	1	0.022044440688115553	0
NEG_ICCTX003_039	0	ASP000006	ICCTX003	matched_random_locus	CTA	1	mobile_only	1	0.7741836034870528	1
NEG_ICCTX003_040	0	ASP000006	ICCTX003	matched_random_locus	GCA	0	mobile_only	1	0.022044440688115553	0
NEG_ICCTX003_041	0	ASP000006	ICCTX003	matched_random_locus	TTG	0	mobile_only	1	0.022044440688115553	0
NEG_ICCTX003_042	0	ASP000006	ICCTX003	matched_random_locus	AAT	1	mobile_only	1	0.7741836034870528	1
NEG_ICCTX003_043	0	ASP000006	ICCTX003	matched_random_locus	GAG	1	mobile_only	1	0.7741836034870528	1
NEG_ICCTX003_044	0	ASP000006	ICCTX003	matched_random_locus	TGG	0	mobile_only	1	0.022044440688115553	0
NEG_ICCTX003_045	0	ASP000006	ICCTX003	matched_random_locus	GCT	0	mobile_only	1	0.022044440688115553	0
NEG_ICCTX003_046	0	ASP000006	ICCTX003	matched_random_locus	AAG	0	mobile_only	1	0.022044440688115553	0
NEG_ICCTX003_047	0	ASP000006	ICCTX003	matched_random_locus	TCA	0	mobile_only	1	0.022044440688115553	0
NEG_ICCTX003_048	0	ASP000006	ICCTX003	matched_random_locus	TCG	0	mobile_only	1	0.022044440688115553	0
NEG_ICCTX003_049	0	ASP000006	ICCTX003	matched_random_locus	AAA	0	mobile_only	1	0.022044440688115553	0
NEG_ICCTX003_050	0	ASP000006	ICCTX003	matched_random_locus	AAT	0	mobile_only	1	0.022044440688115553	0
NEG_ICCTX003_051	0	ASP000006	ICCTX003	matched_random_locus	CCA	0	mobile_only	1	0.022044440688115553	0
NEG_ICCTX003_052	0	ASP000006	ICCTX003	matched_random_locus	CAC	0	mobile_only	1	0.022044440688115553	0
NEG_ICCTX003_053	0	ASP000006	ICCTX003	matched_random_locus	CCC	0	mobile_only	1	0.022044440688115553	0
NEG_ICCTX003_054	0	ASP000006	ICCTX003	matched_random_locus	CTG	0	mobile_only	1	0.022044440688115553	0
NEG_ICCTX003_055	0	ASP000006	ICCTX003	matched_random_locus	AGC	0	mobile_only	1	0.022044440688115553	0
NEG_ICCTX003_056	0	ASP000006	ICCTX003	matched_random_locus	TTC	0	mobile_only	1	0.022044440688115553	0
NEG_ICCTX003_057	0	ASP000006	ICCTX003	matched_random_locus	CAT	0	mobile_only	1	0.022044440688115553	0
NEG_ICCTX003_058	0	ASP000006	ICCTX003	matched_random_locus	GTA	0	mobile_only	1	0.022044440688115553	0
NEG_ICCTX003_059	0	ASP000006	ICCTX003	matched_random_locus	TAA	0	mobile_only	1	0.022044440688115553	0
NEG_ICCTX003_060	0	ASP000006	ICCTX003	matched_random_locus	GAG	1	mobile_only	1	0.7741836034870528	1
NEG_ICCTX003_061	0	ASP000006	ICCTX003	matched_random_locus	GGA	0	mobile_only	1	0.022044440688115553	0
NEG_ICCTX003_062	0	ASP000006	ICCTX003	matched_random_locus	TGG	0	mobile_only	1	0.022044440688115553	0
NEG_ICCTX003_063	0	ASP000006	ICCTX003	matched_random_locus	GAG	0	mobile_only	1	0.022044440688115553	0
NEG_ICCTX003_064	0	ASP000006	ICCTX003	matched_random_locus	TTA	0	mobile_only	1	0.022044440688115553	0
NEG_ICCTX003_065	0	ASP000006	ICCTX003	matched_random_locus	ATG	0	mobile_only	1	0.022044440688115553	0
NEG_ICCTX003_066	0	ASP000006	ICCTX003	matched_random_locus	TGC	0	mobile_only	1	0.022044440688115553	0
NEG_ICCTX003_067	0	ASP000006	ICCTX003	matched_random_locus	TTT	0	mobile_only	1	0.022044440688115553	0
NEG_ICCTX003_068	0	ASP000006	ICCTX003	matched_random_locus	TTG	0	mobile_only	1	0.022044440688115553	0
NEG_ICCTX003_069	0	ASP000006	ICCTX003	matched_random_locus	CAT	0	mobile_only	1	0.022044440688115553	0
NEG_ICCTX003_070	0	ASP000006	ICCTX003	matched_random_locus	CAA	1	mobile_only	1	0.7741836034870528	1
NEG_ICCTX003_071	0	ASP000006	ICCTX003	matched_random_locus	AGA	1	mobile_only	1	0.7741836034870528	1
NEG_ICCTX003_072	0	ASP000006	ICCTX003	matched_random_locus	ACG	0	mobile_only	1	0.022044440688115553	0
NEG_ICCTX003_073	0	ASP000006	ICCTX003	matched_random_locus	ATC	0	mobile_only	1	0.022044440688115553	0
NEG_ICCTX003_074	0	ASP000006	ICCTX003	matched_random_locus	TGA	0	mobile_only	1	0.022044440688115553	0
NEG_ICCTX003_075	0	ASP000006	ICCTX003	matched_random_locus	TAT	0	mobile_only	1	0.022044440688115553	0
NEG_ICCTX003_076	0	ASP000006	ICCTX003	matched_random_locus	TAC	0	mobile_only	1	0.022044440688115553	0
NEG_ICCTX003_077	0	ASP000006	ICCTX003	matched_random_locus	GAT	0	mobile_only	1	0.022044440688115553	0
NEG_ICCTX003_078	0	ASP000006	ICCTX003	matched_random_locus	ACT	1	mobile_only	1	0.7741836034870528	1
NEG_ICCTX003_079	0	ASP000006	ICCTX003	matched_random_locus	GAT	1	mobile_only	1	0.7741836034870528	1
NEG_ICCTX003_080	0	ASP000006	ICCTX003	matched_random_locus	TTC	0	mobile_only	1	0.022044440688115553	0
NEG_ICCTX003_081	0	ASP000006	ICCTX003	matched_random_locus	CGG	0	mobile_only	1	0.022044440688115553	0
NEG_ICCTX003_082	0	ASP000006	ICCTX003	matched_random_locus	AAA	0	mobile_only	1	0.022044440688115553	0
NEG_ICCTX003_083	0	ASP000006	ICCTX003	matched_random_locus	ACA	0	mobile_only	1	0.022044440688115553	0
NEG_ICCTX003_084	0	ASP000006	ICCTX003	matched_random_locus	GTC	0	mobile_only	1	0.022044440688115553	0
NEG_ICCTX003_085	0	ASP000006	ICCTX003	matched_random_locus	TTT	1	mobile_only	1	0.7741836034870528	1
NEG_ICCTX003_086	0	ASP000006	ICCTX003	matched_random_locus	ACA	0	mobile_only	1	0.022044440688115553	0
NEG_ICCTX003_087	0	ASP000006	ICCTX003	matched_random_locus	TTG	0	mobile_only	1	0.022044440688115553	0
NEG_ICCTX003_088	0	ASP000006	ICCTX003	matched_random_locus	TGA	0	mobile_only	1	0.022044440688115553	0
NEG_ICCTX003_089	0	ASP000006	ICCTX003	matched_random_locus	AAC	0	mobile_only	1	0.022044440688115553	0
NEG_ICCTX003_090	0	ASP000006	ICCTX003	matched_random_locus	CAA	1	mobile_only	1	0.7741836034870528	1
NEG_ICCTX003_091	0	ASP000006	ICCTX003	matched_random_locus	CCT	0	mobile_only	1	0.022044440688115553	0
NEG_ICCTX003_092	0	ASP000006	ICCTX003	matched_random_locus	TCG	1	mobile_only	1	0.7741836034870528	1
NEG_ICCTX003_093	0	ASP000006	ICCTX003	matched_random_locus	GCC	0	mobile_only	1	0.022044440688115553	0
NEG_ICCTX003_094	0	ASP000006	ICCTX003	matched_random_locus	ATA	0	mobile_only	1	0.022044440688115553	0
NEG_ICCTX003_095	0	ASP000006	ICCTX003	matched_random_locus	TGG	0	mobile_only	1	0.022044440688115553	0
NEG_ICCTX003_096	0	ASP000006	ICCTX003	matched_random_locus	AAT	0	mobile_only	1	0.022044440688115553	0
NEG_ICCTX003_097	0	ASP000006	ICCTX003	matched_random_locus	CAT	0	mobile_only	1	0.022044440688115553	0
NEG_ICCTX003_098	0	ASP000006	ICCTX003	matched_random_locus	GGT	0	mobile_only	1	0.022044440688115553	0
NEG_ICCTX003_099	0	ASP000006	ICCTX003	matched_random_locus	TAA	0	mobile_only	1	0.022044440688115553	0
NEG_ICCTX003_100	0	ASP000006	ICCTX003	matched_random_locus	GCT	0	mobile_only	1	0.022044440688115553	0
POS_ICCTX004	1	ASP000006	ICCTX004	observed_target	TTC	1	mobile_only	1	0.7741836034870528	1
NEG_ICCTX004_001	0	ASP000006	ICCTX004	matched_random_locus	GTA	0	mobile_only	1	0.022044440688115553	0
NEG_ICCTX004_002	0	ASP000006	ICCTX004	matched_random_locus	CTG	0	mobile_only	1	0.022044440688115553	0
NEG_ICCTX004_003	0	ASP000006	ICCTX004	matched_random_locus	ATG	0	mobile_only	1	0.022044440688115553	0
NEG_ICCTX004_004	0	ASP000006	ICCTX004	matched_random_locus	GGG	0	mobile_only	1	0.022044440688115553	0
NEG_ICCTX004_005	0	ASP000006	ICCTX004	matched_random_locus	ATC	0	mobile_only	1	0.022044440688115553	0
NEG_ICCTX004_006	0	ASP000006	ICCTX004	matched_random_locus	AAA	0	mobile_only	1	0.022044440688115553	0
NEG_ICCTX004_007	0	ASP000006	ICCTX004	matched_random_locus	ACC	0	mobile_only	1	0.022044440688115553	0
NEG_ICCTX004_008	0	ASP000006	ICCTX004	matched_random_locus	AAT	0	mobile_only	1	0.022044440688115553	0
NEG_ICCTX004_009	0	ASP000006	ICCTX004	matched_random_locus	TTT	0	mobile_only	1	0.022044440688115553	0
NEG_ICCTX004_010	0	ASP000006	ICCTX004	matched_random_locus	TGT	0	mobile_only	1	0.022044440688115553	0
NEG_ICCTX004_011	0	ASP000006	ICCTX004	matched_random_locus	TCG	0	mobile_only	1	0.022044440688115553	0
NEG_ICCTX004_012	0	ASP000006	ICCTX004	matched_random_locus	CGG	0	mobile_only	1	0.022044440688115553	0
NEG_ICCTX004_013	0	ASP000006	ICCTX004	matched_random_locus	ATT	0	mobile_only	1	0.022044440688115553	0
NEG_ICCTX004_014	0	ASP000006	ICCTX004	matched_random_locus	AAT	0	mobile_only	1	0.022044440688115553	0
NEG_ICCTX004_015	0	ASP000006	ICCTX004	matched_random_locus	AAA	0	mobile_only	1	0.022044440688115553	0
NEG_ICCTX004_016	0	ASP000006	ICCTX004	matched_random_locus	ATC	0	mobile_only	1	0.022044440688115553	0
NEG_ICCTX004_017	0	ASP000006	ICCTX004	matched_random_locus	TCG	0	mobile_only	1	0.022044440688115553	0
NEG_ICCTX004_018	0	ASP000006	ICCTX004	matched_random_locus	AGC	0	mobile_only	1	0.022044440688115553	0
NEG_ICCTX004_019	0	ASP000006	ICCTX004	matched_random_locus	GAA	1	mobile_only	1	0.7741836034870528	1
NEG_ICCTX004_020	0	ASP000006	ICCTX004	matched_random_locus	TCT	1	mobile_only	1	0.7741836034870528	1
NEG_ICCTX004_021	0	ASP000006	ICCTX004	matched_random_locus	TGC	0	mobile_only	1	0.022044440688115553	0
NEG_ICCTX004_022	0	ASP000006	ICCTX004	matched_random_locus	CCC	0	mobile_only	1	0.022044440688115553	0
NEG_ICCTX004_023	0	ASP000006	ICCTX004	matched_random_locus	CGC	0	mobile_only	1	0.022044440688115553	0
NEG_ICCTX004_024	0	ASP000006	ICCTX004	matched_random_locus	CGC	0	mobile_only	1	0.022044440688115553	0
NEG_ICCTX004_025	0	ASP000006	ICCTX004	matched_random_locus	GAC	0	mobile_only	1	0.022044440688115553	0
NEG_ICCTX004_026	0	ASP000006	ICCTX004	matched_random_locus	GCA	1	mobile_only	1	0.7741836034870528	1
NEG_ICCTX004_027	0	ASP000006	ICCTX004	matched_random_locus	AAA	0	mobile_only	1	0.022044440688115553	0
NEG_ICCTX004_028	0	ASP000006	ICCTX004	matched_random_locus	GCC	1	mobile_only	1	0.7741836034870528	1
NEG_ICCTX004_029	0	ASP000006	ICCTX004	matched_random_locus	CAG	1	mobile_only	1	0.7741836034870528	1
NEG_ICCTX004_030	0	ASP000006	ICCTX004	matched_random_locus	GAA	0	mobile_only	1	0.022044440688115553	0
NEG_ICCTX004_031	0	ASP000006	ICCTX004	matched_random_locus	GTA	0	mobile_only	1	0.022044440688115553	0
NEG_ICCTX004_032	0	ASP000006	ICCTX004	matched_random_locus	AAA	0	mobile_only	1	0.022044440688115553	0
NEG_ICCTX004_033	0	ASP000006	ICCTX004	matched_random_locus	TAT	0	mobile_only	1	0.022044440688115553	0
NEG_ICCTX004_034	0	ASP000006	ICCTX004	matched_random_locus	CCT	0	mobile_only	1	0.022044440688115553	0
NEG_ICCTX004_035	0	ASP000006	ICCTX004	matched_random_locus	GTC	0	mobile_only	1	0.022044440688115553	0
NEG_ICCTX004_036	0	ASP000006	ICCTX004	matched_random_locus	GCT	0	mobile_only	1	0.022044440688115553	0
NEG_ICCTX004_037	0	ASP000006	ICCTX004	matched_random_locus	GGC	0	mobile_only	1	0.022044440688115553	0
NEG_ICCTX004_038	0	ASP000006	ICCTX004	matched_random_locus	TTG	1	mobile_only	1	0.7741836034870528	1
NEG_ICCTX004_039	0	ASP000006	ICCTX004	matched_random_locus	CCC	0	mobile_only	1	0.022044440688115553	0
NEG_ICCTX004_040	0	ASP000006	ICCTX004	matched_random_locus	CTT	0	mobile_only	1	0.022044440688115553	0
NEG_ICCTX004_041	0	ASP000006	ICCTX004	matched_random_locus	TAT	0	mobile_only	1	0.022044440688115553	0
NEG_ICCTX004_042	0	ASP000006	ICCTX004	matched_random_locus	GAT	0	mobile_only	1	0.022044440688115553	0
NEG_ICCTX004_043	0	ASP000006	ICCTX004	matched_random_locus	ACC	0	mobile_only	1	0.022044440688115553	0
NEG_ICCTX004_044	0	ASP000006	ICCTX004	matched_random_locus	CTT	0	mobile_only	1	0.022044440688115553	0
NEG_ICCTX004_045	0	ASP000006	ICCTX004	matched_random_locus	AAT	0	mobile_only	1	0.022044440688115553	0
NEG_ICCTX004_046	0	ASP000006	ICCTX004	matched_random_locus	TGG	0	mobile_only	1	0.022044440688115553	0
NEG_ICCTX004_047	0	ASP000006	ICCTX004	matched_random_locus	TTG	0	mobile_only	1	0.022044440688115553	0
NEG_ICCTX004_048	0	ASP000006	ICCTX004	matched_random_locus	CGG	0	mobile_only	1	0.022044440688115553	0
NEG_ICCTX004_049	0	ASP000006	ICCTX004	matched_random_locus	CTG	0	mobile_only	1	0.022044440688115553	0
NEG_ICCTX004_050	0	ASP000006	ICCTX004	matched_random_locus	AAT	0	mobile_only	1	0.022044440688115553	0
NEG_ICCTX004_051	0	ASP000006	ICCTX004	matched_random_locus	CAG	0	mobile_only	1	0.022044440688115553	0
NEG_ICCTX004_052	0	ASP000006	ICCTX004	matched_random_locus	CAA	0	mobile_only	1	0.022044440688115553	0
NEG_ICCTX004_053	0	ASP000006	ICCTX004	matched_random_locus	CTT	1	mobile_only	1	0.7741836034870528	1
NEG_ICCTX004_054	0	ASP000006	ICCTX004	matched_random_locus	TCC	0	mobile_only	1	0.022044440688115553	0
NEG_ICCTX004_055	0	ASP000006	ICCTX004	matched_random_locus	TAG	0	mobile_only	1	0.022044440688115553	0
NEG_ICCTX004_056	0	ASP000006	ICCTX004	matched_random_locus	GCG	0	mobile_only	1	0.022044440688115553	0
NEG_ICCTX004_057	0	ASP000006	ICCTX004	matched_random_locus	TTT	1	mobile_only	1	0.7741836034870528	1
NEG_ICCTX004_058	0	ASP000006	ICCTX004	matched_random_locus	CCA	1	mobile_only	1	0.7741836034870528	1
NEG_ICCTX004_059	0	ASP000006	ICCTX004	matched_random_locus	TCT	0	mobile_only	1	0.022044440688115553	0
NEG_ICCTX004_060	0	ASP000006	ICCTX004	matched_random_locus	GTA	0	mobile_only	1	0.022044440688115553	0
NEG_ICCTX004_061	0	ASP000006	ICCTX004	matched_random_locus	GGA	0	mobile_only	1	0.022044440688115553	0
NEG_ICCTX004_062	0	ASP000006	ICCTX004	matched_random_locus	ATA	0	mobile_only	1	0.022044440688115553	0
NEG_ICCTX004_063	0	ASP000006	ICCTX004	matched_random_locus	TTG	1	mobile_only	1	0.7741836034870528	1
NEG_ICCTX004_064	0	ASP000006	ICCTX004	matched_random_locus	ATA	1	mobile_only	1	0.7741836034870528	1
NEG_ICCTX004_065	0	ASP000006	ICCTX004	matched_random_locus	TGG	0	mobile_only	1	0.022044440688115553	0
NEG_ICCTX004_066	0	ASP000006	ICCTX004	matched_random_locus	CCT	0	mobile_only	1	0.022044440688115553	0
NEG_ICCTX004_067	0	ASP000006	ICCTX004	matched_random_locus	GTT	0	mobile_only	1	0.022044440688115553	0
NEG_ICCTX004_068	0	ASP000006	ICCTX004	matched_random_locus	AGC	0	mobile_only	1	0.022044440688115553	0
NEG_ICCTX004_069	0	ASP000006	ICCTX004	matched_random_locus	TGA	0	mobile_only	1	0.022044440688115553	0
NEG_ICCTX004_070	0	ASP000006	ICCTX004	matched_random_locus	TCG	0	mobile_only	1	0.022044440688115553	0
NEG_ICCTX004_071	0	ASP000006	ICCTX004	matched_random_locus	CTT	0	mobile_only	1	0.022044440688115553	0
NEG_ICCTX004_072	0	ASP000006	ICCTX004	matched_random_locus	AAG	0	mobile_only	1	0.022044440688115553	0
NEG_ICCTX004_073	0	ASP000006	ICCTX004	matched_random_locus	GTA	0	mobile_only	1	0.022044440688115553	0
NEG_ICCTX004_074	0	ASP000006	ICCTX004	matched_random_locus	ATC	0	mobile_only	1	0.022044440688115553	0
NEG_ICCTX004_075	0	ASP000006	ICCTX004	matched_random_locus	ATT	0	mobile_only	1	0.022044440688115553	0
NEG_ICCTX004_076	0	ASP000006	ICCTX004	matched_random_locus	ATT	0	mobile_only	1	0.022044440688115553	0
NEG_ICCTX004_077	0	ASP000006	ICCTX004	matched_random_locus	GGG	0	mobile_only	1	0.022044440688115553	0
NEG_ICCTX004_078	0	ASP000006	ICCTX004	matched_random_locus	TGG	0	mobile_only	1	0.022044440688115553	0
NEG_ICCTX004_079	0	ASP000006	ICCTX004	matched_random_locus	TAC	1	mobile_only	1	0.7741836034870528	1
NEG_ICCTX004_080	0	ASP000006	ICCTX004	matched_random_locus	AGA	0	mobile_only	1	0.022044440688115553	0
NEG_ICCTX004_081	0	ASP000006	ICCTX004	matched_random_locus	CAA	1	mobile_only	1	0.7741836034870528	1
NEG_ICCTX004_082	0	ASP000006	ICCTX004	matched_random_locus	GGT	1	mobile_only	1	0.7741836034870528	1
NEG_ICCTX004_083	0	ASP000006	ICCTX004	matched_random_locus	GGC	0	mobile_only	1	0.022044440688115553	0
NEG_ICCTX004_084	0	ASP000006	ICCTX004	matched_random_locus	CCA	0	mobile_only	1	0.022044440688115553	0
NEG_ICCTX004_085	0	ASP000006	ICCTX004	matched_random_locus	CGG	0	mobile_only	1	0.022044440688115553	0
NEG_ICCTX004_086	0	ASP000006	ICCTX004	matched_random_locus	CTG	0	mobile_only	1	0.022044440688115553	0
NEG_ICCTX004_087	0	ASP000006	ICCTX004	matched_random_locus	TCA	0	mobile_only	1	0.022044440688115553	0
NEG_ICCTX004_088	0	ASP000006	ICCTX004	matched_random_locus	GTT	1	mobile_only	1	0.7741836034870528	1
NEG_ICCTX004_089	0	ASP000006	ICCTX004	matched_random_locus	GGC	0	mobile_only	1	0.022044440688115553	0
NEG_ICCTX004_090	0	ASP000006	ICCTX004	matched_random_locus	TCA	0	mobile_only	1	0.022044440688115553	0
NEG_ICCTX004_091	0	ASP000006	ICCTX004	matched_random_locus	CCA	0	mobile_only	1	0.022044440688115553	0
NEG_ICCTX004_092	0	ASP000006	ICCTX004	matched_random_locus	TTG	0	mobile_only	1	0.022044440688115553	0
NEG_ICCTX004_093	0	ASP000006	ICCTX004	matched_random_locus	GTA	0	mobile_only	1	0.022044440688115553	0
NEG_ICCTX004_094	0	ASP000006	ICCTX004	matched_random_locus	GCT	1	mobile_only	1	0.7741836034870528	1
NEG_ICCTX004_095	0	ASP000006	ICCTX004	matched_random_locus	CCG	1	mobile_only	1	0.7741836034870528	1
NEG_ICCTX004_096	0	ASP000006	ICCTX004	matched_random_locus	GGT	1	mobile_only	1	0.7741836034870528	1
NEG_ICCTX004_097	0	ASP000006	ICCTX004	matched_random_locus	CAG	0	mobile_only	1	0.022044440688115553	0
NEG_ICCTX004_098	0	ASP000006	ICCTX004	matched_random_locus	AGT	0	mobile_only	1	0.022044440688115553	0
NEG_ICCTX004_099	0	ASP000006	ICCTX004	matched_random_locus	GGG	0	mobile_only	1	0.022044440688115553	0
NEG_ICCTX004_100	0	ASP000006	ICCTX004	matched_random_locus	CCT	0	mobile_only	1	0.022044440688115553	0
POS_ICCTX005	1	ASP000068	ICCTX005	observed_target	TTC	1	mobile_only	3	0.7915965403182769	1
NEG_ICCTX005_001	0	ASP000068	ICCTX005	matched_random_locus	ACA	0	mobile_only	3	0.10889881234712837	0
NEG_ICCTX005_002	0	ASP000068	ICCTX005	matched_random_locus	TAA	1	mobile_only	3	0.7915965403182769	1
NEG_ICCTX005_003	0	ASP000068	ICCTX005	matched_random_locus	CTT	1	mobile_only	3	0.7915965403182769	1
NEG_ICCTX005_004	0	ASP000068	ICCTX005	matched_random_locus	ACG	0	mobile_only	3	0.10889881234712837	0
NEG_ICCTX005_005	0	ASP000068	ICCTX005	matched_random_locus	GGT	0	mobile_only	3	0.10889881234712837	0
NEG_ICCTX005_006	0	ASP000068	ICCTX005	matched_random_locus	TGG	0	mobile_only	3	0.10889881234712837	0
NEG_ICCTX005_007	0	ASP000068	ICCTX005	matched_random_locus	AAT	0	mobile_only	3	0.10889881234712837	0
NEG_ICCTX005_008	0	ASP000068	ICCTX005	matched_random_locus	TCT	0	mobile_only	3	0.10889881234712837	0
NEG_ICCTX005_009	0	ASP000068	ICCTX005	matched_random_locus	AGC	1	mobile_only	3	0.7915965403182769	1
NEG_ICCTX005_010	0	ASP000068	ICCTX005	matched_random_locus	CAG	0	mobile_only	3	0.10889881234712837	0
NEG_ICCTX005_011	0	ASP000068	ICCTX005	matched_random_locus	CTT	0	mobile_only	3	0.10889881234712837	0
NEG_ICCTX005_012	0	ASP000068	ICCTX005	matched_random_locus	ATA	0	mobile_only	3	0.10889881234712837	0
NEG_ICCTX005_013	0	ASP000068	ICCTX005	matched_random_locus	TGT	0	mobile_only	3	0.10889881234712837	0
NEG_ICCTX005_014	0	ASP000068	ICCTX005	matched_random_locus	TTG	1	mobile_only	3	0.7915965403182769	1
NEG_ICCTX005_015	0	ASP000068	ICCTX005	matched_random_locus	ACG	0	mobile_only	3	0.10889881234712837	0
NEG_ICCTX005_016	0	ASP000068	ICCTX005	matched_random_locus	TAG	0	mobile_only	3	0.10889881234712837	0
NEG_ICCTX005_017	0	ASP000068	ICCTX005	matched_random_locus	GAG	0	mobile_only	3	0.10889881234712837	0
NEG_ICCTX005_018	0	ASP000068	ICCTX005	matched_random_locus	CCG	0	mobile_only	3	0.10889881234712837	0
NEG_ICCTX005_019	0	ASP000068	ICCTX005	matched_random_locus	AAA	1	mobile_only	3	0.7915965403182769	1
NEG_ICCTX005_020	0	ASP000068	ICCTX005	matched_random_locus	TGC	0	mobile_only	3	0.10889881234712837	0
NEG_ICCTX005_021	0	ASP000068	ICCTX005	matched_random_locus	ACC	0	mobile_only	3	0.10889881234712837	0
NEG_ICCTX005_022	0	ASP000068	ICCTX005	matched_random_locus	TTA	0	mobile_only	3	0.10889881234712837	0
NEG_ICCTX005_023	0	ASP000068	ICCTX005	matched_random_locus	CAG	0	mobile_only	3	0.10889881234712837	0
NEG_ICCTX005_024	0	ASP000068	ICCTX005	matched_random_locus	ATA	0	mobile_only	3	0.10889881234712837	0
NEG_ICCTX005_025	0	ASP000068	ICCTX005	matched_random_locus	ATA	0	mobile_only	3	0.10889881234712837	0
NEG_ICCTX005_026	0	ASP000068	ICCTX005	matched_random_locus	CAA	0	mobile_only	3	0.10889881234712837	0
NEG_ICCTX005_027	0	ASP000068	ICCTX005	matched_random_locus	GAT	0	mobile_only	3	0.10889881234712837	0
NEG_ICCTX005_028	0	ASP000068	ICCTX005	matched_random_locus	TGT	0	mobile_only	3	0.10889881234712837	0
NEG_ICCTX005_029	0	ASP000068	ICCTX005	matched_random_locus	GAA	0	mobile_only	3	0.10889881234712837	0
NEG_ICCTX005_030	0	ASP000068	ICCTX005	matched_random_locus	TCC	0	mobile_only	3	0.10889881234712837	0
NEG_ICCTX005_031	0	ASP000068	ICCTX005	matched_random_locus	CAG	0	mobile_only	3	0.10889881234712837	0
NEG_ICCTX005_032	0	ASP000068	ICCTX005	matched_random_locus	TGC	1	mobile_only	3	0.7915965403182769	1
NEG_ICCTX005_033	0	ASP000068	ICCTX005	matched_random_locus	TTA	1	mobile_only	3	0.7915965403182769	1
NEG_ICCTX005_034	0	ASP000068	ICCTX005	matched_random_locus	CCA	0	mobile_only	3	0.10889881234712837	0
NEG_ICCTX005_035	0	ASP000068	ICCTX005	matched_random_locus	AAG	0	mobile_only	3	0.10889881234712837	0
NEG_ICCTX005_036	0	ASP000068	ICCTX005	matched_random_locus	AGC	0	mobile_only	3	0.10889881234712837	0
NEG_ICCTX005_037	0	ASP000068	ICCTX005	matched_random_locus	AAA	1	mobile_only	3	0.7915965403182769	1
NEG_ICCTX005_038	0	ASP000068	ICCTX005	matched_random_locus	GTA	0	mobile_only	3	0.10889881234712837	0
NEG_ICCTX005_039	0	ASP000068	ICCTX005	matched_random_locus	TTG	0	mobile_only	3	0.10889881234712837	0
NEG_ICCTX005_040	0	ASP000068	ICCTX005	matched_random_locus	TGT	0	mobile_only	3	0.10889881234712837	0
NEG_ICCTX005_041	0	ASP000068	ICCTX005	matched_random_locus	TTG	0	mobile_only	3	0.10889881234712837	0
NEG_ICCTX005_042	0	ASP000068	ICCTX005	matched_random_locus	TGT	0	mobile_only	3	0.10889881234712837	0
NEG_ICCTX005_043	0	ASP000068	ICCTX005	matched_random_locus	ATT	0	mobile_only	3	0.10889881234712837	0
NEG_ICCTX005_044	0	ASP000068	ICCTX005	matched_random_locus	CGG	0	mobile_only	3	0.10889881234712837	0
NEG_ICCTX005_045	0	ASP000068	ICCTX005	matched_random_locus	CAC	0	mobile_only	3	0.10889881234712837	0
NEG_ICCTX005_046	0	ASP000068	ICCTX005	matched_random_locus	GAA	0	mobile_only	3	0.10889881234712837	0
NEG_ICCTX005_047	0	ASP000068	ICCTX005	matched_random_locus	AGC	0	mobile_only	3	0.10889881234712837	0
NEG_ICCTX005_048	0	ASP000068	ICCTX005	matched_random_locus	ATC	0	mobile_only	3	0.10889881234712837	0
NEG_ICCTX005_049	0	ASP000068	ICCTX005	matched_random_locus	AGC	0	mobile_only	3	0.10889881234712837	0
NEG_ICCTX005_050	0	ASP000068	ICCTX005	matched_random_locus	TGT	1	mobile_only	3	0.7915965403182769	1
NEG_ICCTX005_051	0	ASP000068	ICCTX005	matched_random_locus	GTC	0	mobile_only	3	0.10889881234712837	0
NEG_ICCTX005_052	0	ASP000068	ICCTX005	matched_random_locus	TTG	0	mobile_only	3	0.10889881234712837	0
NEG_ICCTX005_053	0	ASP000068	ICCTX005	matched_random_locus	AAC	0	mobile_only	3	0.10889881234712837	0
NEG_ICCTX005_054	0	ASP000068	ICCTX005	matched_random_locus	TAC	0	mobile_only	3	0.10889881234712837	0
NEG_ICCTX005_055	0	ASP000068	ICCTX005	matched_random_locus	TAG	0	mobile_only	3	0.10889881234712837	0
NEG_ICCTX005_056	0	ASP000068	ICCTX005	matched_random_locus	GCA	0	mobile_only	3	0.10889881234712837	0
NEG_ICCTX005_057	0	ASP000068	ICCTX005	matched_random_locus	GGG	0	mobile_only	3	0.10889881234712837	0
NEG_ICCTX005_058	0	ASP000068	ICCTX005	matched_random_locus	TGA	0	mobile_only	3	0.10889881234712837	0
NEG_ICCTX005_059	0	ASP000068	ICCTX005	matched_random_locus	AAA	0	mobile_only	3	0.10889881234712837	0
NEG_ICCTX005_060	0	ASP000068	ICCTX005	matched_random_locus	TGG	0	mobile_only	3	0.10889881234712837	0
NEG_ICCTX005_061	0	ASP000068	ICCTX005	matched_random_locus	CTT	0	mobile_only	3	0.10889881234712837	0
NEG_ICCTX005_062	0	ASP000068	ICCTX005	matched_random_locus	AAT	0	mobile_only	3	0.10889881234712837	0
NEG_ICCTX005_063	0	ASP000068	ICCTX005	matched_random_locus	TTG	0	mobile_only	3	0.10889881234712837	0
NEG_ICCTX005_064	0	ASP000068	ICCTX005	matched_random_locus	CGG	0	mobile_only	3	0.10889881234712837	0
NEG_ICCTX005_065	0	ASP000068	ICCTX005	matched_random_locus	ATC	0	mobile_only	3	0.10889881234712837	0
NEG_ICCTX005_066	0	ASP000068	ICCTX005	matched_random_locus	TAT	0	mobile_only	3	0.10889881234712837	0
NEG_ICCTX005_067	0	ASP000068	ICCTX005	matched_random_locus	TTC	0	mobile_only	3	0.10889881234712837	0
NEG_ICCTX005_068	0	ASP000068	ICCTX005	matched_random_locus	AAT	0	mobile_only	3	0.10889881234712837	0
NEG_ICCTX005_069	0	ASP000068	ICCTX005	matched_random_locus	TTT	0	mobile_only	3	0.10889881234712837	0
NEG_ICCTX005_070	0	ASP000068	ICCTX005	matched_random_locus	CGA	0	mobile_only	3	0.10889881234712837	0
NEG_ICCTX005_071	0	ASP000068	ICCTX005	matched_random_locus	AAA	0	mobile_only	3	0.10889881234712837	0
NEG_ICCTX005_072	0	ASP000068	ICCTX005	matched_random_locus	TAT	0	mobile_only	3	0.10889881234712837	0
NEG_ICCTX005_073	0	ASP000068	ICCTX005	matched_random_locus	GAC	0	mobile_only	3	0.10889881234712837	0
NEG_ICCTX005_074	0	ASP000068	ICCTX005	matched_random_locus	TAC	0	mobile_only	3	0.10889881234712837	0
NEG_ICCTX005_075	0	ASP000068	ICCTX005	matched_random_locus	TAT	0	mobile_only	3	0.10889881234712837	0
NEG_ICCTX005_076	0	ASP000068	ICCTX005	matched_random_locus	GGC	1	mobile_only	3	0.7915965403182769	1
NEG_ICCTX005_077	0	ASP000068	ICCTX005	matched_random_locus	CGG	0	mobile_only	3	0.10889881234712837	0
NEG_ICCTX005_078	0	ASP000068	ICCTX005	matched_random_locus	TTA	1	mobile_only	3	0.7915965403182769	1
NEG_ICCTX005_079	0	ASP000068	ICCTX005	matched_random_locus	GAC	0	mobile_only	3	0.10889881234712837	0
NEG_ICCTX005_080	0	ASP000068	ICCTX005	matched_random_locus	AAT	0	mobile_only	3	0.10889881234712837	0
NEG_ICCTX005_081	0	ASP000068	ICCTX005	matched_random_locus	TAT	1	mobile_only	3	0.7915965403182769	1
NEG_ICCTX005_082	0	ASP000068	ICCTX005	matched_random_locus	TAA	0	mobile_only	3	0.10889881234712837	0
NEG_ICCTX005_083	0	ASP000068	ICCTX005	matched_random_locus	ACG	0	mobile_only	3	0.10889881234712837	0
NEG_ICCTX005_084	0	ASP000068	ICCTX005	matched_random_locus	TGA	0	mobile_only	3	0.10889881234712837	0
NEG_ICCTX005_085	0	ASP000068	ICCTX005	matched_random_locus	CCG	0	mobile_only	3	0.10889881234712837	0
NEG_ICCTX005_086	0	ASP000068	ICCTX005	matched_random_locus	TCA	0	mobile_only	3	0.10889881234712837	0
NEG_ICCTX005_087	0	ASP000068	ICCTX005	matched_random_locus	CGA	1	mobile_only	3	0.7915965403182769	1
NEG_ICCTX005_088	0	ASP000068	ICCTX005	matched_random_locus	GAT	0	mobile_only	3	0.10889881234712837	0
NEG_ICCTX005_089	0	ASP000068	ICCTX005	matched_random_locus	CCA	0	mobile_only	3	0.10889881234712837	0
NEG_ICCTX005_090	0	ASP000068	ICCTX005	matched_random_locus	GCA	0	mobile_only	3	0.10889881234712837	0
NEG_ICCTX005_091	0	ASP000068	ICCTX005	matched_random_locus	ATT	0	mobile_only	3	0.10889881234712837	0
NEG_ICCTX005_092	0	ASP000068	ICCTX005	matched_random_locus	AAG	0	mobile_only	3	0.10889881234712837	0
NEG_ICCTX005_093	0	ASP000068	ICCTX005	matched_random_locus	ACA	0	mobile_only	3	0.10889881234712837	0
NEG_ICCTX005_094	0	ASP000068	ICCTX005	matched_random_locus	ATT	0	mobile_only	3	0.10889881234712837	0
NEG_ICCTX005_095	0	ASP000068	ICCTX005	matched_random_locus	GCG	0	mobile_only	3	0.10889881234712837	0
NEG_ICCTX005_096	0	ASP000068	ICCTX005	matched_random_locus	TTC	0	mobile_only	3	0.10889881234712837	0
NEG_ICCTX005_097	0	ASP000068	ICCTX005	matched_random_locus	AGC	0	mobile_only	3	0.10889881234712837	0
NEG_ICCTX005_098	0	ASP000068	ICCTX005	matched_random_locus	TTA	0	mobile_only	3	0.10889881234712837	0
NEG_ICCTX005_099	0	ASP000068	ICCTX005	matched_random_locus	ACT	1	mobile_only	3	0.7915965403182769	1
NEG_ICCTX005_100	0	ASP000068	ICCTX005	matched_random_locus	AAG	0	mobile_only	3	0.10889881234712837	0
POS_ICCTX006	1	ASP000068	ICCTX006	observed_target	TTC	1	mobile_only	3	0.7915965403182769	1
NEG_ICCTX006_001	0	ASP000068	ICCTX006	matched_random_locus	CAT	0	mobile_only	3	0.10889881234712837	0
NEG_ICCTX006_002	0	ASP000068	ICCTX006	matched_random_locus	AAC	0	mobile_only	3	0.10889881234712837	0
NEG_ICCTX006_003	0	ASP000068	ICCTX006	matched_random_locus	AAG	0	mobile_only	3	0.10889881234712837	0
NEG_ICCTX006_004	0	ASP000068	ICCTX006	matched_random_locus	CGC	0	mobile_only	3	0.10889881234712837	0
NEG_ICCTX006_005	0	ASP000068	ICCTX006	matched_random_locus	TAA	0	mobile_only	3	0.10889881234712837	0
NEG_ICCTX006_006	0	ASP000068	ICCTX006	matched_random_locus	TTA	0	mobile_only	3	0.10889881234712837	0
NEG_ICCTX006_007	0	ASP000068	ICCTX006	matched_random_locus	GAA	1	mobile_only	3	0.7915965403182769	1
NEG_ICCTX006_008	0	ASP000068	ICCTX006	matched_random_locus	TGG	0	mobile_only	3	0.10889881234712837	0
NEG_ICCTX006_009	0	ASP000068	ICCTX006	matched_random_locus	GTT	0	mobile_only	3	0.10889881234712837	0
NEG_ICCTX006_010	0	ASP000068	ICCTX006	matched_random_locus	GCA	0	mobile_only	3	0.10889881234712837	0
NEG_ICCTX006_011	0	ASP000068	ICCTX006	matched_random_locus	GGG	0	mobile_only	3	0.10889881234712837	0
NEG_ICCTX006_012	0	ASP000068	ICCTX006	matched_random_locus	CCG	0	mobile_only	3	0.10889881234712837	0
NEG_ICCTX006_013	0	ASP000068	ICCTX006	matched_random_locus	ATG	1	mobile_only	3	0.7915965403182769	1
NEG_ICCTX006_014	0	ASP000068	ICCTX006	matched_random_locus	GCT	0	mobile_only	3	0.10889881234712837	0
NEG_ICCTX006_015	0	ASP000068	ICCTX006	matched_random_locus	CTT	0	mobile_only	3	0.10889881234712837	0
NEG_ICCTX006_016	0	ASP000068	ICCTX006	matched_random_locus	CAA	0	mobile_only	3	0.10889881234712837	0
NEG_ICCTX006_017	0	ASP000068	ICCTX006	matched_random_locus	GGA	0	mobile_only	3	0.10889881234712837	0
NEG_ICCTX006_018	0	ASP000068	ICCTX006	matched_random_locus	TGC	0	mobile_only	3	0.10889881234712837	0
NEG_ICCTX006_019	0	ASP000068	ICCTX006	matched_random_locus	AGT	0	mobile_only	3	0.10889881234712837	0
NEG_ICCTX006_020	0	ASP000068	ICCTX006	matched_random_locus	ACT	0	mobile_only	3	0.10889881234712837	0
NEG_ICCTX006_021	0	ASP000068	ICCTX006	matched_random_locus	AAG	0	mobile_only	3	0.10889881234712837	0
NEG_ICCTX006_022	0	ASP000068	ICCTX006	matched_random_locus	GCC	0	mobile_only	3	0.10889881234712837	0
NEG_ICCTX006_023	0	ASP000068	ICCTX006	matched_random_locus	TGA	0	mobile_only	3	0.10889881234712837	0
NEG_ICCTX006_024	0	ASP000068	ICCTX006	matched_random_locus	CAG	0	mobile_only	3	0.10889881234712837	0
NEG_ICCTX006_025	0	ASP000068	ICCTX006	matched_random_locus	TCA	0	mobile_only	3	0.10889881234712837	0
NEG_ICCTX006_026	0	ASP000068	ICCTX006	matched_random_locus	TTG	0	mobile_only	3	0.10889881234712837	0
NEG_ICCTX006_027	0	ASP000068	ICCTX006	matched_random_locus	ATT	1	mobile_only	3	0.7915965403182769	1
NEG_ICCTX006_028	0	ASP000068	ICCTX006	matched_random_locus	TGG	0	mobile_only	3	0.10889881234712837	0
NEG_ICCTX006_029	0	ASP000068	ICCTX006	matched_random_locus	GTA	0	mobile_only	3	0.10889881234712837	0
NEG_ICCTX006_030	0	ASP000068	ICCTX006	matched_random_locus	CAC	1	mobile_only	3	0.7915965403182769	1
NEG_ICCTX006_031	0	ASP000068	ICCTX006	matched_random_locus	CTC	0	mobile_only	3	0.10889881234712837	0
NEG_ICCTX006_032	0	ASP000068	ICCTX006	matched_random_locus	GGT	0	mobile_only	3	0.10889881234712837	0
NEG_ICCTX006_033	0	ASP000068	ICCTX006	matched_random_locus	CTC	0	mobile_only	3	0.10889881234712837	0
NEG_ICCTX006_034	0	ASP000068	ICCTX006	matched_random_locus	CAG	0	mobile_only	3	0.10889881234712837	0
NEG_ICCTX006_035	0	ASP000068	ICCTX006	matched_random_locus	TTT	1	mobile_only	3	0.7915965403182769	1
NEG_ICCTX006_036	0	ASP000068	ICCTX006	matched_random_locus	TTC	0	mobile_only	3	0.10889881234712837	0
NEG_ICCTX006_037	0	ASP000068	ICCTX006	matched_random_locus	CAC	0	mobile_only	3	0.10889881234712837	0
NEG_ICCTX006_038	0	ASP000068	ICCTX006	matched_random_locus	GCA	1	mobile_only	3	0.7915965403182769	1
NEG_ICCTX006_039	0	ASP000068	ICCTX006	matched_random_locus	GCC	0	mobile_only	3	0.10889881234712837	0
NEG_ICCTX006_040	0	ASP000068	ICCTX006	matched_random_locus	TTT	1	mobile_only	3	0.7915965403182769	1
NEG_ICCTX006_041	0	ASP000068	ICCTX006	matched_random_locus	AGG	0	mobile_only	3	0.10889881234712837	0
NEG_ICCTX006_042	0	ASP000068	ICCTX006	matched_random_locus	TAG	0	mobile_only	3	0.10889881234712837	0
NEG_ICCTX006_043	0	ASP000068	ICCTX006	matched_random_locus	GGC	0	mobile_only	3	0.10889881234712837	0
NEG_ICCTX006_044	0	ASP000068	ICCTX006	matched_random_locus	GAG	0	mobile_only	3	0.10889881234712837	0
NEG_ICCTX006_045	0	ASP000068	ICCTX006	matched_random_locus	CGG	0	mobile_only	3	0.10889881234712837	0
NEG_ICCTX006_046	0	ASP000068	ICCTX006	matched_random_locus	ATC	0	mobile_only	3	0.10889881234712837	0
NEG_ICCTX006_047	0	ASP000068	ICCTX006	matched_random_locus	TAT	1	mobile_only	3	0.7915965403182769	1
NEG_ICCTX006_048	0	ASP000068	ICCTX006	matched_random_locus	ACA	0	mobile_only	3	0.10889881234712837	0
NEG_ICCTX006_049	0	ASP000068	ICCTX006	matched_random_locus	ATA	0	mobile_only	3	0.10889881234712837	0
NEG_ICCTX006_050	0	ASP000068	ICCTX006	matched_random_locus	TTT	0	mobile_only	3	0.10889881234712837	0
NEG_ICCTX006_051	0	ASP000068	ICCTX006	matched_random_locus	ACC	0	mobile_only	3	0.10889881234712837	0
NEG_ICCTX006_052	0	ASP000068	ICCTX006	matched_random_locus	GTA	0	mobile_only	3	0.10889881234712837	0
NEG_ICCTX006_053	0	ASP000068	ICCTX006	matched_random_locus	AAC	0	mobile_only	3	0.10889881234712837	0
NEG_ICCTX006_054	0	ASP000068	ICCTX006	matched_random_locus	CAT	1	mobile_only	3	0.7915965403182769	1
NEG_ICCTX006_055	0	ASP000068	ICCTX006	matched_random_locus	ACA	0	mobile_only	3	0.10889881234712837	0
NEG_ICCTX006_056	0	ASP000068	ICCTX006	matched_random_locus	TCG	0	mobile_only	3	0.10889881234712837	0
NEG_ICCTX006_057	0	ASP000068	ICCTX006	matched_random_locus	CCT	0	mobile_only	3	0.10889881234712837	0
NEG_ICCTX006_058	0	ASP000068	ICCTX006	matched_random_locus	GAC	0	mobile_only	3	0.10889881234712837	0
NEG_ICCTX006_059	0	ASP000068	ICCTX006	matched_random_locus	ACA	0	mobile_only	3	0.10889881234712837	0
NEG_ICCTX006_060	0	ASP000068	ICCTX006	matched_random_locus	GGA	0	mobile_only	3	0.10889881234712837	0
NEG_ICCTX006_061	0	ASP000068	ICCTX006	matched_random_locus	TCG	0	mobile_only	3	0.10889881234712837	0
NEG_ICCTX006_062	0	ASP000068	ICCTX006	matched_random_locus	ATT	0	mobile_only	3	0.10889881234712837	0
NEG_ICCTX006_063	0	ASP000068	ICCTX006	matched_random_locus	ATC	0	mobile_only	3	0.10889881234712837	0
NEG_ICCTX006_064	0	ASP000068	ICCTX006	matched_random_locus	CAA	0	mobile_only	3	0.10889881234712837	0
NEG_ICCTX006_065	0	ASP000068	ICCTX006	matched_random_locus	CCG	1	mobile_only	3	0.7915965403182769	1
NEG_ICCTX006_066	0	ASP000068	ICCTX006	matched_random_locus	TTA	0	mobile_only	3	0.10889881234712837	0
NEG_ICCTX006_067	0	ASP000068	ICCTX006	matched_random_locus	GGG	0	mobile_only	3	0.10889881234712837	0
NEG_ICCTX006_068	0	ASP000068	ICCTX006	matched_random_locus	TCT	0	mobile_only	3	0.10889881234712837	0
NEG_ICCTX006_069	0	ASP000068	ICCTX006	matched_random_locus	GAA	0	mobile_only	3	0.10889881234712837	0
NEG_ICCTX006_070	0	ASP000068	ICCTX006	matched_random_locus	CAT	1	mobile_only	3	0.7915965403182769	1
NEG_ICCTX006_071	0	ASP000068	ICCTX006	matched_random_locus	CGA	0	mobile_only	3	0.10889881234712837	0
NEG_ICCTX006_072	0	ASP000068	ICCTX006	matched_random_locus	GCA	1	mobile_only	3	0.7915965403182769	1
NEG_ICCTX006_073	0	ASP000068	ICCTX006	matched_random_locus	CAC	0	mobile_only	3	0.10889881234712837	0
NEG_ICCTX006_074	0	ASP000068	ICCTX006	matched_random_locus	TCT	0	mobile_only	3	0.10889881234712837	0
NEG_ICCTX006_075	0	ASP000068	ICCTX006	matched_random_locus	TAA	0	mobile_only	3	0.10889881234712837	0
NEG_ICCTX006_076	0	ASP000068	ICCTX006	matched_random_locus	AAT	0	mobile_only	3	0.10889881234712837	0
NEG_ICCTX006_077	0	ASP000068	ICCTX006	matched_random_locus	GCT	0	mobile_only	3	0.10889881234712837	0
NEG_ICCTX006_078	0	ASP000068	ICCTX006	matched_random_locus	ATT	0	mobile_only	3	0.10889881234712837	0
NEG_ICCTX006_079	0	ASP000068	ICCTX006	matched_random_locus	GAT	0	mobile_only	3	0.10889881234712837	0
NEG_ICCTX006_080	0	ASP000068	ICCTX006	matched_random_locus	CGG	0	mobile_only	3	0.10889881234712837	0
NEG_ICCTX006_081	0	ASP000068	ICCTX006	matched_random_locus	TCT	0	mobile_only	3	0.10889881234712837	0
NEG_ICCTX006_082	0	ASP000068	ICCTX006	matched_random_locus	AGC	0	mobile_only	3	0.10889881234712837	0
NEG_ICCTX006_083	0	ASP000068	ICCTX006	matched_random_locus	AGG	0	mobile_only	3	0.10889881234712837	0
NEG_ICCTX006_084	0	ASP000068	ICCTX006	matched_random_locus	AGG	0	mobile_only	3	0.10889881234712837	0
NEG_ICCTX006_085	0	ASP000068	ICCTX006	matched_random_locus	TTC	0	mobile_only	3	0.10889881234712837	0
NEG_ICCTX006_086	0	ASP000068	ICCTX006	matched_random_locus	TCA	0	mobile_only	3	0.10889881234712837	0
NEG_ICCTX006_087	0	ASP000068	ICCTX006	matched_random_locus	GTC	1	mobile_only	3	0.7915965403182769	1
NEG_ICCTX006_088	0	ASP000068	ICCTX006	matched_random_locus	TAC	0	mobile_only	3	0.10889881234712837	0
NEG_ICCTX006_089	0	ASP000068	ICCTX006	matched_random_locus	ATA	0	mobile_only	3	0.10889881234712837	0
NEG_ICCTX006_090	0	ASP000068	ICCTX006	matched_random_locus	TAC	0	mobile_only	3	0.10889881234712837	0
NEG_ICCTX006_091	0	ASP000068	ICCTX006	matched_random_locus	TAT	0	mobile_only	3	0.10889881234712837	0
NEG_ICCTX006_092	0	ASP000068	ICCTX006	matched_random_locus	CAG	1	mobile_only	3	0.7915965403182769	1
NEG_ICCTX006_093	0	ASP000068	ICCTX006	matched_random_locus	GCT	0	mobile_only	3	0.10889881234712837	0
NEG_ICCTX006_094	0	ASP000068	ICCTX006	matched_random_locus	GAC	0	mobile_only	3	0.10889881234712837	0
NEG_ICCTX006_095	0	ASP000068	ICCTX006	matched_random_locus	ACG	0	mobile_only	3	0.10889881234712837	0
NEG_ICCTX006_096	0	ASP000068	ICCTX006	matched_random_locus	GTG	1	mobile_only	3	0.7915965403182769	1
NEG_ICCTX006_097	0	ASP000068	ICCTX006	matched_random_locus	AAA	0	mobile_only	3	0.10889881234712837	0
NEG_ICCTX006_098	0	ASP000068	ICCTX006	matched_random_locus	GCA	0	mobile_only	3	0.10889881234712837	0
NEG_ICCTX006_099	0	ASP000068	ICCTX006	matched_random_locus	TCC	0	mobile_only	3	0.10889881234712837	0
NEG_ICCTX006_100	0	ASP000068	ICCTX006	matched_random_locus	TCC	0	mobile_only	3	0.10889881234712837	0
POS_ICCTX007	1	ASP000074	ICCTX007	observed_target	TTC	1	mobile_only	4	0.7451596719603985	1
NEG_ICCTX007_001	0	ASP000074	ICCTX007	matched_random_locus	CTT	1	mobile_only	4	0.7451596719603985	1
NEG_ICCTX007_002	0	ASP000074	ICCTX007	matched_random_locus	CTC	0	mobile_only	4	0.11811869649998824	0
NEG_ICCTX007_003	0	ASP000074	ICCTX007	matched_random_locus	CTT	0	mobile_only	4	0.11811869649998824	0
NEG_ICCTX007_004	0	ASP000074	ICCTX007	matched_random_locus	TGA	0	mobile_only	4	0.11811869649998824	0
NEG_ICCTX007_005	0	ASP000074	ICCTX007	matched_random_locus	CCA	0	mobile_only	4	0.11811869649998824	0
NEG_ICCTX007_006	0	ASP000074	ICCTX007	matched_random_locus	AGT	0	mobile_only	4	0.11811869649998824	0
NEG_ICCTX007_007	0	ASP000074	ICCTX007	matched_random_locus	ATT	1	mobile_only	4	0.7451596719603985	1
NEG_ICCTX007_008	0	ASP000074	ICCTX007	matched_random_locus	GTA	0	mobile_only	4	0.11811869649998824	0
NEG_ICCTX007_009	0	ASP000074	ICCTX007	matched_random_locus	GAC	0	mobile_only	4	0.11811869649998824	0
NEG_ICCTX007_010	0	ASP000074	ICCTX007	matched_random_locus	GTT	1	mobile_only	4	0.7451596719603985	1
NEG_ICCTX007_011	0	ASP000074	ICCTX007	matched_random_locus	CTA	0	mobile_only	4	0.11811869649998824	0
NEG_ICCTX007_012	0	ASP000074	ICCTX007	matched_random_locus	GCT	1	mobile_only	4	0.7451596719603985	1
NEG_ICCTX007_013	0	ASP000074	ICCTX007	matched_random_locus	GAT	0	mobile_only	4	0.11811869649998824	0
NEG_ICCTX007_014	0	ASP000074	ICCTX007	matched_random_locus	CTA	0	mobile_only	4	0.11811869649998824	0
NEG_ICCTX007_015	0	ASP000074	ICCTX007	matched_random_locus	CAA	0	mobile_only	4	0.11811869649998824	0
NEG_ICCTX007_016	0	ASP000074	ICCTX007	matched_random_locus	GTA	0	mobile_only	4	0.11811869649998824	0
NEG_ICCTX007_017	0	ASP000074	ICCTX007	matched_random_locus	ACC	0	mobile_only	4	0.11811869649998824	0
NEG_ICCTX007_018	0	ASP000074	ICCTX007	matched_random_locus	TTG	1	mobile_only	4	0.7451596719603985	1
NEG_ICCTX007_019	0	ASP000074	ICCTX007	matched_random_locus	GCC	0	mobile_only	4	0.11811869649998824	0
NEG_ICCTX007_020	0	ASP000074	ICCTX007	matched_random_locus	GCT	0	mobile_only	4	0.11811869649998824	0
NEG_ICCTX007_021	0	ASP000074	ICCTX007	matched_random_locus	TAG	1	mobile_only	4	0.7451596719603985	1
NEG_ICCTX007_022	0	ASP000074	ICCTX007	matched_random_locus	TTC	0	mobile_only	4	0.11811869649998824	0
NEG_ICCTX007_023	0	ASP000074	ICCTX007	matched_random_locus	TGA	0	mobile_only	4	0.11811869649998824	0
NEG_ICCTX007_024	0	ASP000074	ICCTX007	matched_random_locus	AAT	1	mobile_only	4	0.7451596719603985	1
NEG_ICCTX007_025	0	ASP000074	ICCTX007	matched_random_locus	GGT	1	mobile_only	4	0.7451596719603985	1
NEG_ICCTX007_026	0	ASP000074	ICCTX007	matched_random_locus	AGC	0	mobile_only	4	0.11811869649998824	0
NEG_ICCTX007_027	0	ASP000074	ICCTX007	matched_random_locus	GGC	0	mobile_only	4	0.11811869649998824	0
NEG_ICCTX007_028	0	ASP000074	ICCTX007	matched_random_locus	TGT	0	mobile_only	4	0.11811869649998824	0
NEG_ICCTX007_029	0	ASP000074	ICCTX007	matched_random_locus	CAA	0	mobile_only	4	0.11811869649998824	0
NEG_ICCTX007_030	0	ASP000074	ICCTX007	matched_random_locus	ATC	0	mobile_only	4	0.11811869649998824	0
NEG_ICCTX007_031	0	ASP000074	ICCTX007	matched_random_locus	CTG	0	mobile_only	4	0.11811869649998824	0
NEG_ICCTX007_032	0	ASP000074	ICCTX007	matched_random_locus	CTT	0	mobile_only	4	0.11811869649998824	0
NEG_ICCTX007_033	0	ASP000074	ICCTX007	matched_random_locus	CCT	0	mobile_only	4	0.11811869649998824	0
NEG_ICCTX007_034	0	ASP000074	ICCTX007	matched_random_locus	GCT	0	mobile_only	4	0.11811869649998824	0
NEG_ICCTX007_035	0	ASP000074	ICCTX007	matched_random_locus	GAG	0	mobile_only	4	0.11811869649998824	0
NEG_ICCTX007_036	0	ASP000074	ICCTX007	matched_random_locus	GAT	0	mobile_only	4	0.11811869649998824	0
NEG_ICCTX007_037	0	ASP000074	ICCTX007	matched_random_locus	CCG	0	mobile_only	4	0.11811869649998824	0
NEG_ICCTX007_038	0	ASP000074	ICCTX007	matched_random_locus	GCT	0	mobile_only	4	0.11811869649998824	0
NEG_ICCTX007_039	0	ASP000074	ICCTX007	matched_random_locus	TTG	0	mobile_only	4	0.11811869649998824	0
NEG_ICCTX007_040	0	ASP000074	ICCTX007	matched_random_locus	TAC	0	mobile_only	4	0.11811869649998824	0
NEG_ICCTX007_041	0	ASP000074	ICCTX007	matched_random_locus	TGC	0	mobile_only	4	0.11811869649998824	0
NEG_ICCTX007_042	0	ASP000074	ICCTX007	matched_random_locus	TTA	0	mobile_only	4	0.11811869649998824	0
NEG_ICCTX007_043	0	ASP000074	ICCTX007	matched_random_locus	GCT	0	mobile_only	4	0.11811869649998824	0
NEG_ICCTX007_044	0	ASP000074	ICCTX007	matched_random_locus	CAG	0	mobile_only	4	0.11811869649998824	0
NEG_ICCTX007_045	0	ASP000074	ICCTX007	matched_random_locus	AAT	0	mobile_only	4	0.11811869649998824	0
NEG_ICCTX007_046	0	ASP000074	ICCTX007	matched_random_locus	TGC	1	mobile_only	4	0.7451596719603985	1
NEG_ICCTX007_047	0	ASP000074	ICCTX007	matched_random_locus	GAT	0	mobile_only	4	0.11811869649998824	0
NEG_ICCTX007_048	0	ASP000074	ICCTX007	matched_random_locus	TGA	0	mobile_only	4	0.11811869649998824	0
NEG_ICCTX007_049	0	ASP000074	ICCTX007	matched_random_locus	TAA	1	mobile_only	4	0.7451596719603985	1
NEG_ICCTX007_050	0	ASP000074	ICCTX007	matched_random_locus	TCG	0	mobile_only	4	0.11811869649998824	0
NEG_ICCTX007_051	0	ASP000074	ICCTX007	matched_random_locus	CAA	0	mobile_only	4	0.11811869649998824	0
NEG_ICCTX007_052	0	ASP000074	ICCTX007	matched_random_locus	GTA	0	mobile_only	4	0.11811869649998824	0
NEG_ICCTX007_053	0	ASP000074	ICCTX007	matched_random_locus	GAC	0	mobile_only	4	0.11811869649998824	0
NEG_ICCTX007_054	0	ASP000074	ICCTX007	matched_random_locus	GGT	1	mobile_only	4	0.7451596719603985	1
NEG_ICCTX007_055	0	ASP000074	ICCTX007	matched_random_locus	TTT	0	mobile_only	4	0.11811869649998824	0
NEG_ICCTX007_056	0	ASP000074	ICCTX007	matched_random_locus	TAT	0	mobile_only	4	0.11811869649998824	0
NEG_ICCTX007_057	0	ASP000074	ICCTX007	matched_random_locus	AAC	0	mobile_only	4	0.11811869649998824	0
NEG_ICCTX007_058	0	ASP000074	ICCTX007	matched_random_locus	ATG	0	mobile_only	4	0.11811869649998824	0
NEG_ICCTX007_059	0	ASP000074	ICCTX007	matched_random_locus	TAC	0	mobile_only	4	0.11811869649998824	0
NEG_ICCTX007_060	0	ASP000074	ICCTX007	matched_random_locus	GCA	0	mobile_only	4	0.11811869649998824	0
NEG_ICCTX007_061	0	ASP000074	ICCTX007	matched_random_locus	ACG	1	mobile_only	4	0.7451596719603985	1
NEG_ICCTX007_062	0	ASP000074	ICCTX007	matched_random_locus	CGG	0	mobile_only	4	0.11811869649998824	0
NEG_ICCTX007_063	0	ASP000074	ICCTX007	matched_random_locus	CCT	0	mobile_only	4	0.11811869649998824	0
NEG_ICCTX007_064	0	ASP000074	ICCTX007	matched_random_locus	TTC	0	mobile_only	4	0.11811869649998824	0
NEG_ICCTX007_065	0	ASP000074	ICCTX007	matched_random_locus	AAT	0	mobile_only	4	0.11811869649998824	0
NEG_ICCTX007_066	0	ASP000074	ICCTX007	matched_random_locus	ATT	0	mobile_only	4	0.11811869649998824	0
NEG_ICCTX007_067	0	ASP000074	ICCTX007	matched_random_locus	GAC	0	mobile_only	4	0.11811869649998824	0
NEG_ICCTX007_068	0	ASP000074	ICCTX007	matched_random_locus	CGC	0	mobile_only	4	0.11811869649998824	0
NEG_ICCTX007_069	0	ASP000074	ICCTX007	matched_random_locus	CAT	0	mobile_only	4	0.11811869649998824	0
NEG_ICCTX007_070	0	ASP000074	ICCTX007	matched_random_locus	CTG	1	mobile_only	4	0.7451596719603985	1
NEG_ICCTX007_071	0	ASP000074	ICCTX007	matched_random_locus	AAT	0	mobile_only	4	0.11811869649998824	0
NEG_ICCTX007_072	0	ASP000074	ICCTX007	matched_random_locus	TTG	0	mobile_only	4	0.11811869649998824	0
NEG_ICCTX007_073	0	ASP000074	ICCTX007	matched_random_locus	AAA	0	mobile_only	4	0.11811869649998824	0
NEG_ICCTX007_074	0	ASP000074	ICCTX007	matched_random_locus	GAA	0	mobile_only	4	0.11811869649998824	0
NEG_ICCTX007_075	0	ASP000074	ICCTX007	matched_random_locus	CAG	0	mobile_only	4	0.11811869649998824	0
NEG_ICCTX007_076	0	ASP000074	ICCTX007	matched_random_locus	TCT	0	mobile_only	4	0.11811869649998824	0
NEG_ICCTX007_077	0	ASP000074	ICCTX007	matched_random_locus	GTG	1	mobile_only	4	0.7451596719603985	1
NEG_ICCTX007_078	0	ASP000074	ICCTX007	matched_random_locus	GCA	1	mobile_only	4	0.7451596719603985	1
NEG_ICCTX007_079	0	ASP000074	ICCTX007	matched_random_locus	TGA	0	mobile_only	4	0.11811869649998824	0
NEG_ICCTX007_080	0	ASP000074	ICCTX007	matched_random_locus	TCA	1	mobile_only	4	0.7451596719603985	1
NEG_ICCTX007_081	0	ASP000074	ICCTX007	matched_random_locus	ATC	0	mobile_only	4	0.11811869649998824	0
NEG_ICCTX007_082	0	ASP000074	ICCTX007	matched_random_locus	CCC	0	mobile_only	4	0.11811869649998824	0
NEG_ICCTX007_083	0	ASP000074	ICCTX007	matched_random_locus	GTC	0	mobile_only	4	0.11811869649998824	0
NEG_ICCTX007_084	0	ASP000074	ICCTX007	matched_random_locus	AGT	0	mobile_only	4	0.11811869649998824	0
NEG_ICCTX007_085	0	ASP000074	ICCTX007	matched_random_locus	TCC	0	mobile_only	4	0.11811869649998824	0
NEG_ICCTX007_086	0	ASP000074	ICCTX007	matched_random_locus	CGA	0	mobile_only	4	0.11811869649998824	0
NEG_ICCTX007_087	0	ASP000074	ICCTX007	matched_random_locus	AAT	1	mobile_only	4	0.7451596719603985	1
NEG_ICCTX007_088	0	ASP000074	ICCTX007	matched_random_locus	AAT	0	mobile_only	4	0.11811869649998824	0
NEG_ICCTX007_089	0	ASP000074	ICCTX007	matched_random_locus	GCT	0	mobile_only	4	0.11811869649998824	0
NEG_ICCTX007_090	0	ASP000074	ICCTX007	matched_random_locus	CTT	0	mobile_only	4	0.11811869649998824	0
NEG_ICCTX007_091	0	ASP000074	ICCTX007	matched_random_locus	GCT	0	mobile_only	4	0.11811869649998824	0
NEG_ICCTX007_092	0	ASP000074	ICCTX007	matched_random_locus	TCA	0	mobile_only	4	0.11811869649998824	0
NEG_ICCTX007_093	0	ASP000074	ICCTX007	matched_random_locus	TAT	1	mobile_only	4	0.7451596719603985	1
NEG_ICCTX007_094	0	ASP000074	ICCTX007	matched_random_locus	TTT	0	mobile_only	4	0.11811869649998824	0
NEG_ICCTX007_095	0	ASP000074	ICCTX007	matched_random_locus	TCC	0	mobile_only	4	0.11811869649998824	0
NEG_ICCTX007_096	0	ASP000074	ICCTX007	matched_random_locus	TAA	0	mobile_only	4	0.11811869649998824	0
NEG_ICCTX007_097	0	ASP000074	ICCTX007	matched_random_locus	CTT	0	mobile_only	4	0.11811869649998824	0
NEG_ICCTX007_098	0	ASP000074	ICCTX007	matched_random_locus	GGG	0	mobile_only	4	0.11811869649998824	0
NEG_ICCTX007_099	0	ASP000074	ICCTX007	matched_random_locus	AAT	0	mobile_only	4	0.11811869649998824	0
NEG_ICCTX007_100	0	ASP000074	ICCTX007	matched_random_locus	GAG	0	mobile_only	4	0.11811869649998824	0
POS_ICCTX008	1	ASP000086	ICCTX008	observed_target	TTC	1	mobile_only	2	0.77277883647846	1
NEG_ICCTX008_001	0	ASP000086	ICCTX008	matched_random_locus	TAT	0	mobile_only	2	0.11229662404093711	0
NEG_ICCTX008_002	0	ASP000086	ICCTX008	matched_random_locus	TTA	0	mobile_only	2	0.11229662404093711	0
NEG_ICCTX008_003	0	ASP000086	ICCTX008	matched_random_locus	AGA	0	mobile_only	2	0.11229662404093711	0
NEG_ICCTX008_004	0	ASP000086	ICCTX008	matched_random_locus	CTG	0	mobile_only	2	0.11229662404093711	0
NEG_ICCTX008_005	0	ASP000086	ICCTX008	matched_random_locus	CGC	0	mobile_only	2	0.11229662404093711	0
NEG_ICCTX008_006	0	ASP000086	ICCTX008	matched_random_locus	GAA	0	mobile_only	2	0.11229662404093711	0
NEG_ICCTX008_007	0	ASP000086	ICCTX008	matched_random_locus	CCG	0	mobile_only	2	0.11229662404093711	0
NEG_ICCTX008_008	0	ASP000086	ICCTX008	matched_random_locus	TAT	0	mobile_only	2	0.11229662404093711	0
NEG_ICCTX008_009	0	ASP000086	ICCTX008	matched_random_locus	TCT	0	mobile_only	2	0.11229662404093711	0
NEG_ICCTX008_010	0	ASP000086	ICCTX008	matched_random_locus	TAA	1	mobile_only	2	0.77277883647846	1
NEG_ICCTX008_011	0	ASP000086	ICCTX008	matched_random_locus	GTC	0	mobile_only	2	0.11229662404093711	0
NEG_ICCTX008_012	0	ASP000086	ICCTX008	matched_random_locus	GGA	0	mobile_only	2	0.11229662404093711	0
NEG_ICCTX008_013	0	ASP000086	ICCTX008	matched_random_locus	GCT	1	mobile_only	2	0.77277883647846	1
NEG_ICCTX008_014	0	ASP000086	ICCTX008	matched_random_locus	CCC	0	mobile_only	2	0.11229662404093711	0
NEG_ICCTX008_015	0	ASP000086	ICCTX008	matched_random_locus	AAG	0	mobile_only	2	0.11229662404093711	0
NEG_ICCTX008_016	0	ASP000086	ICCTX008	matched_random_locus	TTG	1	mobile_only	2	0.77277883647846	1
NEG_ICCTX008_017	0	ASP000086	ICCTX008	matched_random_locus	GGT	0	mobile_only	2	0.11229662404093711	0
NEG_ICCTX008_018	0	ASP000086	ICCTX008	matched_random_locus	ATC	1	mobile_only	2	0.77277883647846	1
NEG_ICCTX008_019	0	ASP000086	ICCTX008	matched_random_locus	GCG	0	mobile_only	2	0.11229662404093711	0
NEG_ICCTX008_020	0	ASP000086	ICCTX008	matched_random_locus	TGA	0	mobile_only	2	0.11229662404093711	0
NEG_ICCTX008_021	0	ASP000086	ICCTX008	matched_random_locus	ATT	0	mobile_only	2	0.11229662404093711	0
NEG_ICCTX008_022	0	ASP000086	ICCTX008	matched_random_locus	GCA	1	mobile_only	2	0.77277883647846	1
NEG_ICCTX008_023	0	ASP000086	ICCTX008	matched_random_locus	ACA	0	mobile_only	2	0.11229662404093711	0
NEG_ICCTX008_024	0	ASP000086	ICCTX008	matched_random_locus	ACC	0	mobile_only	2	0.11229662404093711	0
NEG_ICCTX008_025	0	ASP000086	ICCTX008	matched_random_locus	AGC	1	mobile_only	2	0.77277883647846	1
NEG_ICCTX008_026	0	ASP000086	ICCTX008	matched_random_locus	TCG	0	mobile_only	2	0.11229662404093711	0
NEG_ICCTX008_027	0	ASP000086	ICCTX008	matched_random_locus	AGA	0	mobile_only	2	0.11229662404093711	0
NEG_ICCTX008_028	0	ASP000086	ICCTX008	matched_random_locus	AAA	0	mobile_only	2	0.11229662404093711	0
NEG_ICCTX008_029	0	ASP000086	ICCTX008	matched_random_locus	CTG	0	mobile_only	2	0.11229662404093711	0
NEG_ICCTX008_030	0	ASP000086	ICCTX008	matched_random_locus	TTG	0	mobile_only	2	0.11229662404093711	0
NEG_ICCTX008_031	0	ASP000086	ICCTX008	matched_random_locus	ATC	0	mobile_only	2	0.11229662404093711	0
NEG_ICCTX008_032	0	ASP000086	ICCTX008	matched_random_locus	GTG	0	mobile_only	2	0.11229662404093711	0
NEG_ICCTX008_033	0	ASP000086	ICCTX008	matched_random_locus	AAT	0	mobile_only	2	0.11229662404093711	0
NEG_ICCTX008_034	0	ASP000086	ICCTX008	matched_random_locus	TAT	0	mobile_only	2	0.11229662404093711	0
NEG_ICCTX008_035	0	ASP000086	ICCTX008	matched_random_locus	TTC	0	mobile_only	2	0.11229662404093711	0
NEG_ICCTX008_036	0	ASP000086	ICCTX008	matched_random_locus	TCG	0	mobile_only	2	0.11229662404093711	0
NEG_ICCTX008_037	0	ASP000086	ICCTX008	matched_random_locus	CCG	1	mobile_only	2	0.77277883647846	1
NEG_ICCTX008_038	0	ASP000086	ICCTX008	matched_random_locus	TAA	0	mobile_only	2	0.11229662404093711	0
NEG_ICCTX008_039	0	ASP000086	ICCTX008	matched_random_locus	CAA	0	mobile_only	2	0.11229662404093711	0
NEG_ICCTX008_040	0	ASP000086	ICCTX008	matched_random_locus	ACA	0	mobile_only	2	0.11229662404093711	0
NEG_ICCTX008_041	0	ASP000086	ICCTX008	matched_random_locus	CGC	0	mobile_only	2	0.11229662404093711	0
NEG_ICCTX008_042	0	ASP000086	ICCTX008	matched_random_locus	GCG	0	mobile_only	2	0.11229662404093711	0
NEG_ICCTX008_043	0	ASP000086	ICCTX008	matched_random_locus	CCA	0	mobile_only	2	0.11229662404093711	0
NEG_ICCTX008_044	0	ASP000086	ICCTX008	matched_random_locus	CCG	0	mobile_only	2	0.11229662404093711	0
NEG_ICCTX008_045	0	ASP000086	ICCTX008	matched_random_locus	AAG	0	mobile_only	2	0.11229662404093711	0
NEG_ICCTX008_046	0	ASP000086	ICCTX008	matched_random_locus	AAT	0	mobile_only	2	0.11229662404093711	0
NEG_ICCTX008_047	0	ASP000086	ICCTX008	matched_random_locus	AGA	0	mobile_only	2	0.11229662404093711	0
NEG_ICCTX008_048	0	ASP000086	ICCTX008	matched_random_locus	TCA	0	mobile_only	2	0.11229662404093711	0
NEG_ICCTX008_049	0	ASP000086	ICCTX008	matched_random_locus	CGG	0	mobile_only	2	0.11229662404093711	0
NEG_ICCTX008_050	0	ASP000086	ICCTX008	matched_random_locus	CAC	0	mobile_only	2	0.11229662404093711	0
NEG_ICCTX008_051	0	ASP000086	ICCTX008	matched_random_locus	AGT	0	mobile_only	2	0.11229662404093711	0
NEG_ICCTX008_052	0	ASP000086	ICCTX008	matched_random_locus	GAA	0	mobile_only	2	0.11229662404093711	0
NEG_ICCTX008_053	0	ASP000086	ICCTX008	matched_random_locus	ATG	0	mobile_only	2	0.11229662404093711	0
NEG_ICCTX008_054	0	ASP000086	ICCTX008	matched_random_locus	GTT	0	mobile_only	2	0.11229662404093711	0
NEG_ICCTX008_055	0	ASP000086	ICCTX008	matched_random_locus	AGG	0	mobile_only	2	0.11229662404093711	0
NEG_ICCTX008_056	0	ASP000086	ICCTX008	matched_random_locus	ATT	0	mobile_only	2	0.11229662404093711	0
NEG_ICCTX008_057	0	ASP000086	ICCTX008	matched_random_locus	ATC	1	mobile_only	2	0.77277883647846	1
NEG_ICCTX008_058	0	ASP000086	ICCTX008	matched_random_locus	ATA	0	mobile_only	2	0.11229662404093711	0
NEG_ICCTX008_059	0	ASP000086	ICCTX008	matched_random_locus	TGC	0	mobile_only	2	0.11229662404093711	0
NEG_ICCTX008_060	0	ASP000086	ICCTX008	matched_random_locus	GGA	1	mobile_only	2	0.77277883647846	1
NEG_ICCTX008_061	0	ASP000086	ICCTX008	matched_random_locus	TGC	0	mobile_only	2	0.11229662404093711	0
NEG_ICCTX008_062	0	ASP000086	ICCTX008	matched_random_locus	GCT	0	mobile_only	2	0.11229662404093711	0
NEG_ICCTX008_063	0	ASP000086	ICCTX008	matched_random_locus	TCC	0	mobile_only	2	0.11229662404093711	0
NEG_ICCTX008_064	0	ASP000086	ICCTX008	matched_random_locus	TGC	1	mobile_only	2	0.77277883647846	1
NEG_ICCTX008_065	0	ASP000086	ICCTX008	matched_random_locus	ACC	0	mobile_only	2	0.11229662404093711	0
NEG_ICCTX008_066	0	ASP000086	ICCTX008	matched_random_locus	ATC	0	mobile_only	2	0.11229662404093711	0
NEG_ICCTX008_067	0	ASP000086	ICCTX008	matched_random_locus	GGG	0	mobile_only	2	0.11229662404093711	0
NEG_ICCTX008_068	0	ASP000086	ICCTX008	matched_random_locus	CTT	0	mobile_only	2	0.11229662404093711	0
NEG_ICCTX008_069	0	ASP000086	ICCTX008	matched_random_locus	CGC	0	mobile_only	2	0.11229662404093711	0
NEG_ICCTX008_070	0	ASP000086	ICCTX008	matched_random_locus	GTC	0	mobile_only	2	0.11229662404093711	0
NEG_ICCTX008_071	0	ASP000086	ICCTX008	matched_random_locus	AAA	1	mobile_only	2	0.77277883647846	1
NEG_ICCTX008_072	0	ASP000086	ICCTX008	matched_random_locus	TAA	0	mobile_only	2	0.11229662404093711	0
NEG_ICCTX008_073	0	ASP000086	ICCTX008	matched_random_locus	GCG	0	mobile_only	2	0.11229662404093711	0
NEG_ICCTX008_074	0	ASP000086	ICCTX008	matched_random_locus	CCG	1	mobile_only	2	0.77277883647846	1
NEG_ICCTX008_075	0	ASP000086	ICCTX008	matched_random_locus	CTC	0	mobile_only	2	0.11229662404093711	0
NEG_ICCTX008_076	0	ASP000086	ICCTX008	matched_random_locus	CAA	0	mobile_only	2	0.11229662404093711	0
NEG_ICCTX008_077	0	ASP000086	ICCTX008	matched_random_locus	CGG	1	mobile_only	2	0.77277883647846	1
NEG_ICCTX008_078	0	ASP000086	ICCTX008	matched_random_locus	TTG	0	mobile_only	2	0.11229662404093711	0
NEG_ICCTX008_079	0	ASP000086	ICCTX008	matched_random_locus	GAA	0	mobile_only	2	0.11229662404093711	0
NEG_ICCTX008_080	0	ASP000086	ICCTX008	matched_random_locus	ATC	0	mobile_only	2	0.11229662404093711	0
NEG_ICCTX008_081	0	ASP000086	ICCTX008	matched_random_locus	AGC	0	mobile_only	2	0.11229662404093711	0
NEG_ICCTX008_082	0	ASP000086	ICCTX008	matched_random_locus	CTG	0	mobile_only	2	0.11229662404093711	0
NEG_ICCTX008_083	0	ASP000086	ICCTX008	matched_random_locus	AGA	0	mobile_only	2	0.11229662404093711	0
NEG_ICCTX008_084	0	ASP000086	ICCTX008	matched_random_locus	CAA	0	mobile_only	2	0.11229662404093711	0
NEG_ICCTX008_085	0	ASP000086	ICCTX008	matched_random_locus	TCC	0	mobile_only	2	0.11229662404093711	0
NEG_ICCTX008_086	0	ASP000086	ICCTX008	matched_random_locus	GTT	0	mobile_only	2	0.11229662404093711	0
NEG_ICCTX008_087	0	ASP000086	ICCTX008	matched_random_locus	CCA	0	mobile_only	2	0.11229662404093711	0
NEG_ICCTX008_088	0	ASP000086	ICCTX008	matched_random_locus	GCA	0	mobile_only	2	0.11229662404093711	0
NEG_ICCTX008_089	0	ASP000086	ICCTX008	matched_random_locus	AGG	0	mobile_only	2	0.11229662404093711	0
NEG_ICCTX008_090	0	ASP000086	ICCTX008	matched_random_locus	TTG	0	mobile_only	2	0.11229662404093711	0
NEG_ICCTX008_091	0	ASP000086	ICCTX008	matched_random_locus	TTA	0	mobile_only	2	0.11229662404093711	0
NEG_ICCTX008_092	0	ASP000086	ICCTX008	matched_random_locus	AAT	0	mobile_only	2	0.11229662404093711	0
NEG_ICCTX008_093	0	ASP000086	ICCTX008	matched_random_locus	GCT	0	mobile_only	2	0.11229662404093711	0
NEG_ICCTX008_094	0	ASP000086	ICCTX008	matched_random_locus	TCA	0	mobile_only	2	0.11229662404093711	0
NEG_ICCTX008_095	0	ASP000086	ICCTX008	matched_random_locus	CAC	1	mobile_only	2	0.77277883647846	1
NEG_ICCTX008_096	0	ASP000086	ICCTX008	matched_random_locus	TGA	0	mobile_only	2	0.11229662404093711	0
NEG_ICCTX008_097	0	ASP000086	ICCTX008	matched_random_locus	TCC	0	mobile_only	2	0.11229662404093711	0
NEG_ICCTX008_098	0	ASP000086	ICCTX008	matched_random_locus	GAA	0	mobile_only	2	0.11229662404093711	0
NEG_ICCTX008_099	0	ASP000086	ICCTX008	matched_random_locus	GCG	0	mobile_only	2	0.11229662404093711	0
NEG_ICCTX008_100	0	ASP000086	ICCTX008	matched_random_locus	CTT	0	mobile_only	2	0.11229662404093711	0
POS_ICCTX009	1	ASP000086	ICCTX009	observed_target	TTC	1	mobile_only	2	0.77277883647846	1
NEG_ICCTX009_001	0	ASP000086	ICCTX009	matched_random_locus	TGG	1	mobile_only	2	0.77277883647846	1
NEG_ICCTX009_002	0	ASP000086	ICCTX009	matched_random_locus	TTG	1	mobile_only	2	0.77277883647846	1
NEG_ICCTX009_003	0	ASP000086	ICCTX009	matched_random_locus	ACA	1	mobile_only	2	0.77277883647846	1
NEG_ICCTX009_004	0	ASP000086	ICCTX009	matched_random_locus	TTC	1	mobile_only	2	0.77277883647846	1
NEG_ICCTX009_005	0	ASP000086	ICCTX009	matched_random_locus	ACT	1	mobile_only	2	0.77277883647846	1
NEG_ICCTX009_006	0	ASP000086	ICCTX009	matched_random_locus	CTT	1	mobile_only	2	0.77277883647846	1
NEG_ICCTX009_007	0	ASP000086	ICCTX009	matched_random_locus	CTT	1	mobile_only	2	0.77277883647846	1
NEG_ICCTX009_008	0	ASP000086	ICCTX009	matched_random_locus	CCT	1	mobile_only	2	0.77277883647846	1
NEG_ICCTX009_009	0	ASP000086	ICCTX009	matched_random_locus	TGG	0	mobile_only	2	0.11229662404093711	0
NEG_ICCTX009_010	0	ASP000086	ICCTX009	matched_random_locus	TAA	0	mobile_only	2	0.11229662404093711	0
NEG_ICCTX009_011	0	ASP000086	ICCTX009	matched_random_locus	TAT	1	mobile_only	2	0.77277883647846	1
NEG_ICCTX009_012	0	ASP000086	ICCTX009	matched_random_locus	GGA	0	mobile_only	2	0.11229662404093711	0
NEG_ICCTX009_013	0	ASP000086	ICCTX009	matched_random_locus	CGT	0	mobile_only	2	0.11229662404093711	0
NEG_ICCTX009_014	0	ASP000086	ICCTX009	matched_random_locus	AGG	0	mobile_only	2	0.11229662404093711	0
NEG_ICCTX009_015	0	ASP000086	ICCTX009	matched_random_locus	AAT	0	mobile_only	2	0.11229662404093711	0
NEG_ICCTX009_016	0	ASP000086	ICCTX009	matched_random_locus	GCG	0	mobile_only	2	0.11229662404093711	0
NEG_ICCTX009_017	0	ASP000086	ICCTX009	matched_random_locus	AGA	0	mobile_only	2	0.11229662404093711	0
NEG_ICCTX009_018	0	ASP000086	ICCTX009	matched_random_locus	TGT	1	mobile_only	2	0.77277883647846	1
NEG_ICCTX009_019	0	ASP000086	ICCTX009	matched_random_locus	AAT	1	mobile_only	2	0.77277883647846	1
NEG_ICCTX009_020	0	ASP000086	ICCTX009	matched_random_locus	CTT	1	mobile_only	2	0.77277883647846	1
NEG_ICCTX009_021	0	ASP000086	ICCTX009	matched_random_locus	TGG	1	mobile_only	2	0.77277883647846	1
NEG_ICCTX009_022	0	ASP000086	ICCTX009	matched_random_locus	TCG	0	mobile_only	2	0.11229662404093711	0
NEG_ICCTX009_023	0	ASP000086	ICCTX009	matched_random_locus	TTC	0	mobile_only	2	0.11229662404093711	0
NEG_ICCTX009_024	0	ASP000086	ICCTX009	matched_random_locus	CGT	0	mobile_only	2	0.11229662404093711	0
NEG_ICCTX009_025	0	ASP000086	ICCTX009	matched_random_locus	CTT	1	mobile_only	2	0.77277883647846	1
NEG_ICCTX009_026	0	ASP000086	ICCTX009	matched_random_locus	ATT	1	mobile_only	2	0.77277883647846	1
NEG_ICCTX009_027	0	ASP000086	ICCTX009	matched_random_locus	TGG	0	mobile_only	2	0.11229662404093711	0
NEG_ICCTX009_028	0	ASP000086	ICCTX009	matched_random_locus	TCT	0	mobile_only	2	0.11229662404093711	0
NEG_ICCTX009_029	0	ASP000086	ICCTX009	matched_random_locus	TTT	0	mobile_only	2	0.11229662404093711	0
NEG_ICCTX009_030	0	ASP000086	ICCTX009	matched_random_locus	GAG	1	mobile_only	2	0.77277883647846	1
NEG_ICCTX009_031	0	ASP000086	ICCTX009	matched_random_locus	GTA	1	mobile_only	2	0.77277883647846	1
NEG_ICCTX009_032	0	ASP000086	ICCTX009	matched_random_locus	AAT	1	mobile_only	2	0.77277883647846	1
NEG_ICCTX009_033	0	ASP000086	ICCTX009	matched_random_locus	TAA	0	mobile_only	2	0.11229662404093711	0
NEG_ICCTX009_034	0	ASP000086	ICCTX009	matched_random_locus	GAG	1	mobile_only	2	0.77277883647846	1
NEG_ICCTX009_035	0	ASP000086	ICCTX009	matched_random_locus	AAA	1	mobile_only	2	0.77277883647846	1
NEG_ICCTX009_036	0	ASP000086	ICCTX009	matched_random_locus	GTC	0	mobile_only	2	0.11229662404093711	0
NEG_ICCTX009_037	0	ASP000086	ICCTX009	matched_random_locus	ACA	1	mobile_only	2	0.77277883647846	1
NEG_ICCTX009_038	0	ASP000086	ICCTX009	matched_random_locus	CTC	0	mobile_only	2	0.11229662404093711	0
NEG_ICCTX009_039	0	ASP000086	ICCTX009	matched_random_locus	TTA	1	mobile_only	2	0.77277883647846	1
NEG_ICCTX009_040	0	ASP000086	ICCTX009	matched_random_locus	AAA	1	mobile_only	2	0.77277883647846	1
NEG_ICCTX009_041	0	ASP000086	ICCTX009	matched_random_locus	GGA	0	mobile_only	2	0.11229662404093711	0
NEG_ICCTX009_042	0	ASP000086	ICCTX009	matched_random_locus	TGC	1	mobile_only	2	0.77277883647846	1
NEG_ICCTX009_043	0	ASP000086	ICCTX009	matched_random_locus	ATG	1	mobile_only	2	0.77277883647846	1
NEG_ICCTX009_044	0	ASP000086	ICCTX009	matched_random_locus	GGC	0	mobile_only	2	0.11229662404093711	0
NEG_ICCTX009_045	0	ASP000086	ICCTX009	matched_random_locus	CGT	1	mobile_only	2	0.77277883647846	1
NEG_ICCTX009_046	0	ASP000086	ICCTX009	matched_random_locus	CCA	1	mobile_only	2	0.77277883647846	1
NEG_ICCTX009_047	0	ASP000086	ICCTX009	matched_random_locus	CCT	0	mobile_only	2	0.11229662404093711	0
NEG_ICCTX009_048	0	ASP000086	ICCTX009	matched_random_locus	ATT	1	mobile_only	2	0.77277883647846	1
NEG_ICCTX009_049	0	ASP000086	ICCTX009	matched_random_locus	CCT	0	mobile_only	2	0.11229662404093711	0
NEG_ICCTX009_050	0	ASP000086	ICCTX009	matched_random_locus	TGG	1	mobile_only	2	0.77277883647846	1
NEG_ICCTX009_051	0	ASP000086	ICCTX009	matched_random_locus	ATA	0	mobile_only	2	0.11229662404093711	0
NEG_ICCTX009_052	0	ASP000086	ICCTX009	matched_random_locus	GTG	1	mobile_only	2	0.77277883647846	1
NEG_ICCTX009_053	0	ASP000086	ICCTX009	matched_random_locus	GGT	1	mobile_only	2	0.77277883647846	1
NEG_ICCTX009_054	0	ASP000086	ICCTX009	matched_random_locus	GCG	1	mobile_only	2	0.77277883647846	1
NEG_ICCTX009_055	0	ASP000086	ICCTX009	matched_random_locus	CGC	0	mobile_only	2	0.11229662404093711	0
NEG_ICCTX009_056	0	ASP000086	ICCTX009	matched_random_locus	TTT	1	mobile_only	2	0.77277883647846	1
NEG_ICCTX009_057	0	ASP000086	ICCTX009	matched_random_locus	CTT	1	mobile_only	2	0.77277883647846	1
NEG_ICCTX009_058	0	ASP000086	ICCTX009	matched_random_locus	CAC	1	mobile_only	2	0.77277883647846	1
NEG_ICCTX009_059	0	ASP000086	ICCTX009	matched_random_locus	TTG	0	mobile_only	2	0.11229662404093711	0
NEG_ICCTX009_060	0	ASP000086	ICCTX009	matched_random_locus	GTG	0	mobile_only	2	0.11229662404093711	0
NEG_ICCTX009_061	0	ASP000086	ICCTX009	matched_random_locus	GAT	1	mobile_only	2	0.77277883647846	1
NEG_ICCTX009_062	0	ASP000086	ICCTX009	matched_random_locus	CAC	1	mobile_only	2	0.77277883647846	1
NEG_ICCTX009_063	0	ASP000086	ICCTX009	matched_random_locus	TAT	0	mobile_only	2	0.11229662404093711	0
NEG_ICCTX009_064	0	ASP000086	ICCTX009	matched_random_locus	ATA	1	mobile_only	2	0.77277883647846	1
NEG_ICCTX009_065	0	ASP000086	ICCTX009	matched_random_locus	AAT	1	mobile_only	2	0.77277883647846	1
NEG_ICCTX009_066	0	ASP000086	ICCTX009	matched_random_locus	TTT	0	mobile_only	2	0.11229662404093711	0
NEG_ICCTX009_067	0	ASP000086	ICCTX009	matched_random_locus	ACG	1	mobile_only	2	0.77277883647846	1
NEG_ICCTX009_068	0	ASP000086	ICCTX009	matched_random_locus	GTA	0	mobile_only	2	0.11229662404093711	0
NEG_ICCTX009_069	0	ASP000086	ICCTX009	matched_random_locus	TGA	1	mobile_only	2	0.77277883647846	1
NEG_ICCTX009_070	0	ASP000086	ICCTX009	matched_random_locus	GAT	1	mobile_only	2	0.77277883647846	1
NEG_ICCTX009_071	0	ASP000086	ICCTX009	matched_random_locus	ATT	1	mobile_only	2	0.77277883647846	1
NEG_ICCTX009_072	0	ASP000086	ICCTX009	matched_random_locus	ACC	0	mobile_only	2	0.11229662404093711	0
NEG_ICCTX009_073	0	ASP000086	ICCTX009	matched_random_locus	GCT	1	mobile_only	2	0.77277883647846	1
NEG_ICCTX009_074	0	ASP000086	ICCTX009	matched_random_locus	GGT	1	mobile_only	2	0.77277883647846	1
NEG_ICCTX009_075	0	ASP000086	ICCTX009	matched_random_locus	ATG	0	mobile_only	2	0.11229662404093711	0
NEG_ICCTX009_076	0	ASP000086	ICCTX009	matched_random_locus	CGT	1	mobile_only	2	0.77277883647846	1
NEG_ICCTX009_077	0	ASP000086	ICCTX009	matched_random_locus	TGG	1	mobile_only	2	0.77277883647846	1
NEG_ICCTX009_078	0	ASP000086	ICCTX009	matched_random_locus	TTA	1	mobile_only	2	0.77277883647846	1
NEG_ICCTX009_079	0	ASP000086	ICCTX009	matched_random_locus	ACT	1	mobile_only	2	0.77277883647846	1
NEG_ICCTX009_080	0	ASP000086	ICCTX009	matched_random_locus	CGT	0	mobile_only	2	0.11229662404093711	0
NEG_ICCTX009_081	0	ASP000086	ICCTX009	matched_random_locus	GAT	0	mobile_only	2	0.11229662404093711	0
NEG_ICCTX009_082	0	ASP000086	ICCTX009	matched_random_locus	GGG	0	mobile_only	2	0.11229662404093711	0
NEG_ICCTX009_083	0	ASP000086	ICCTX009	matched_random_locus	GTT	1	mobile_only	2	0.77277883647846	1
NEG_ICCTX009_084	0	ASP000086	ICCTX009	matched_random_locus	TAA	1	mobile_only	2	0.77277883647846	1
NEG_ICCTX009_085	0	ASP000086	ICCTX009	matched_random_locus	TGA	1	mobile_only	2	0.77277883647846	1
NEG_ICCTX009_086	0	ASP000086	ICCTX009	matched_random_locus	CTG	0	mobile_only	2	0.11229662404093711	0
NEG_ICCTX009_087	0	ASP000086	ICCTX009	matched_random_locus	GCT	1	mobile_only	2	0.77277883647846	1
NEG_ICCTX009_088	0	ASP000086	ICCTX009	matched_random_locus	ACG	1	mobile_only	2	0.77277883647846	1
NEG_ICCTX009_089	0	ASP000086	ICCTX009	matched_random_locus	TAA	1	mobile_only	2	0.77277883647846	1
NEG_ICCTX009_090	0	ASP000086	ICCTX009	matched_random_locus	ACG	1	mobile_only	2	0.77277883647846	1
NEG_ICCTX009_091	0	ASP000086	ICCTX009	matched_random_locus	TCA	1	mobile_only	2	0.77277883647846	1
NEG_ICCTX009_092	0	ASP000086	ICCTX009	matched_random_locus	TAT	0	mobile_only	2	0.11229662404093711	0
NEG_ICCTX009_093	0	ASP000086	ICCTX009	matched_random_locus	ATT	0	mobile_only	2	0.11229662404093711	0
NEG_ICCTX009_094	0	ASP000086	ICCTX009	matched_random_locus	TTA	1	mobile_only	2	0.77277883647846	1
NEG_ICCTX009_095	0	ASP000086	ICCTX009	matched_random_locus	AAC	1	mobile_only	2	0.77277883647846	1
NEG_ICCTX009_096	0	ASP000086	ICCTX009	matched_random_locus	TGG	1	mobile_only	2	0.77277883647846	1
NEG_ICCTX009_097	0	ASP000086	ICCTX009	matched_random_locus	GAT	1	mobile_only	2	0.77277883647846	1
NEG_ICCTX009_098	0	ASP000086	ICCTX009	matched_random_locus	CTA	1	mobile_only	2	0.77277883647846	1
NEG_ICCTX009_099	0	ASP000086	ICCTX009	matched_random_locus	TAC	0	mobile_only	2	0.11229662404093711	0
NEG_ICCTX009_100	0	ASP000086	ICCTX009	matched_random_locus	ACA	0	mobile_only	2	0.11229662404093711	0
POS_ICCTX010	1	ASP000190	ICCTX010	observed_target	TTC	1	mobile_only	3	0.7915965403182769	1
NEG_ICCTX010_001	0	ASP000190	ICCTX010	matched_random_locus	AAT	1	mobile_only	3	0.7915965403182769	1
NEG_ICCTX010_002	0	ASP000190	ICCTX010	matched_random_locus	GTC	1	mobile_only	3	0.7915965403182769	1
NEG_ICCTX010_003	0	ASP000190	ICCTX010	matched_random_locus	TAA	1	mobile_only	3	0.7915965403182769	1
NEG_ICCTX010_004	0	ASP000190	ICCTX010	matched_random_locus	GCG	1	mobile_only	3	0.7915965403182769	1
NEG_ICCTX010_005	0	ASP000190	ICCTX010	matched_random_locus	ACG	1	mobile_only	3	0.7915965403182769	1
NEG_ICCTX010_006	0	ASP000190	ICCTX010	matched_random_locus	AGA	1	mobile_only	3	0.7915965403182769	1
NEG_ICCTX010_007	0	ASP000190	ICCTX010	matched_random_locus	CCG	1	mobile_only	3	0.7915965403182769	1
NEG_ICCTX010_008	0	ASP000190	ICCTX010	matched_random_locus	CCA	1	mobile_only	3	0.7915965403182769	1
NEG_ICCTX010_009	0	ASP000190	ICCTX010	matched_random_locus	GCG	1	mobile_only	3	0.7915965403182769	1
NEG_ICCTX010_010	0	ASP000190	ICCTX010	matched_random_locus	AGC	1	mobile_only	3	0.7915965403182769	1
NEG_ICCTX010_011	0	ASP000190	ICCTX010	matched_random_locus	CGT	1	mobile_only	3	0.7915965403182769	1
NEG_ICCTX010_012	0	ASP000190	ICCTX010	matched_random_locus	AGC	1	mobile_only	3	0.7915965403182769	1
NEG_ICCTX010_013	0	ASP000190	ICCTX010	matched_random_locus	ATT	1	mobile_only	3	0.7915965403182769	1
NEG_ICCTX010_014	0	ASP000190	ICCTX010	matched_random_locus	GAT	1	mobile_only	3	0.7915965403182769	1
NEG_ICCTX010_015	0	ASP000190	ICCTX010	matched_random_locus	TCA	1	mobile_only	3	0.7915965403182769	1
NEG_ICCTX010_016	0	ASP000190	ICCTX010	matched_random_locus	CCT	1	mobile_only	3	0.7915965403182769	1
NEG_ICCTX010_017	0	ASP000190	ICCTX010	matched_random_locus	ATA	1	mobile_only	3	0.7915965403182769	1
NEG_ICCTX010_018	0	ASP000190	ICCTX010	matched_random_locus	CCA	1	mobile_only	3	0.7915965403182769	1
NEG_ICCTX010_019	0	ASP000190	ICCTX010	matched_random_locus	GGT	1	mobile_only	3	0.7915965403182769	1
NEG_ICCTX010_020	0	ASP000190	ICCTX010	matched_random_locus	CGT	1	mobile_only	3	0.7915965403182769	1
NEG_ICCTX010_021	0	ASP000190	ICCTX010	matched_random_locus	GGG	1	mobile_only	3	0.7915965403182769	1
NEG_ICCTX010_022	0	ASP000190	ICCTX010	matched_random_locus	GGA	1	mobile_only	3	0.7915965403182769	1
NEG_ICCTX010_023	0	ASP000190	ICCTX010	matched_random_locus	TAT	1	mobile_only	3	0.7915965403182769	1
NEG_ICCTX010_024	0	ASP000190	ICCTX010	matched_random_locus	GAC	1	mobile_only	3	0.7915965403182769	1
NEG_ICCTX010_025	0	ASP000190	ICCTX010	matched_random_locus	GTA	1	mobile_only	3	0.7915965403182769	1
NEG_ICCTX010_026	0	ASP000190	ICCTX010	matched_random_locus	CAC	1	mobile_only	3	0.7915965403182769	1
NEG_ICCTX010_027	0	ASP000190	ICCTX010	matched_random_locus	AGG	1	mobile_only	3	0.7915965403182769	1
NEG_ICCTX010_028	0	ASP000190	ICCTX010	matched_random_locus	TAC	1	mobile_only	3	0.7915965403182769	1
NEG_ICCTX010_029	0	ASP000190	ICCTX010	matched_random_locus	TAA	1	mobile_only	3	0.7915965403182769	1
NEG_ICCTX010_030	0	ASP000190	ICCTX010	matched_random_locus	GAG	1	mobile_only	3	0.7915965403182769	1
NEG_ICCTX010_031	0	ASP000190	ICCTX010	matched_random_locus	CTT	1	mobile_only	3	0.7915965403182769	1
NEG_ICCTX010_032	0	ASP000190	ICCTX010	matched_random_locus	GGG	1	mobile_only	3	0.7915965403182769	1
NEG_ICCTX010_033	0	ASP000190	ICCTX010	matched_random_locus	TCT	1	mobile_only	3	0.7915965403182769	1
NEG_ICCTX010_034	0	ASP000190	ICCTX010	matched_random_locus	CTA	1	mobile_only	3	0.7915965403182769	1
NEG_ICCTX010_035	0	ASP000190	ICCTX010	matched_random_locus	GAA	1	mobile_only	3	0.7915965403182769	1
NEG_ICCTX010_036	0	ASP000190	ICCTX010	matched_random_locus	ACT	1	mobile_only	3	0.7915965403182769	1
NEG_ICCTX010_037	0	ASP000190	ICCTX010	matched_random_locus	CTT	1	mobile_only	3	0.7915965403182769	1
NEG_ICCTX010_038	0	ASP000190	ICCTX010	matched_random_locus	GCC	1	mobile_only	3	0.7915965403182769	1
NEG_ICCTX010_039	0	ASP000190	ICCTX010	matched_random_locus	TGG	1	mobile_only	3	0.7915965403182769	1
NEG_ICCTX010_040	0	ASP000190	ICCTX010	matched_random_locus	GGC	1	mobile_only	3	0.7915965403182769	1
NEG_ICCTX010_041	0	ASP000190	ICCTX010	matched_random_locus	ATG	1	mobile_only	3	0.7915965403182769	1
NEG_ICCTX010_042	0	ASP000190	ICCTX010	matched_random_locus	TCT	1	mobile_only	3	0.7915965403182769	1
NEG_ICCTX010_043	0	ASP000190	ICCTX010	matched_random_locus	TTG	1	mobile_only	3	0.7915965403182769	1
NEG_ICCTX010_044	0	ASP000190	ICCTX010	matched_random_locus	CTT	1	mobile_only	3	0.7915965403182769	1
NEG_ICCTX010_045	0	ASP000190	ICCTX010	matched_random_locus	AAT	1	mobile_only	3	0.7915965403182769	1
NEG_ICCTX010_046	0	ASP000190	ICCTX010	matched_random_locus	TAT	1	mobile_only	3	0.7915965403182769	1
NEG_ICCTX010_047	0	ASP000190	ICCTX010	matched_random_locus	CGA	1	mobile_only	3	0.7915965403182769	1
NEG_ICCTX010_048	0	ASP000190	ICCTX010	matched_random_locus	TTT	1	mobile_only	3	0.7915965403182769	1
NEG_ICCTX010_049	0	ASP000190	ICCTX010	matched_random_locus	AAG	1	mobile_only	3	0.7915965403182769	1
NEG_ICCTX010_050	0	ASP000190	ICCTX010	matched_random_locus	AAC	1	mobile_only	3	0.7915965403182769	1
NEG_ICCTX010_051	0	ASP000190	ICCTX010	matched_random_locus	ACA	1	mobile_only	3	0.7915965403182769	1
NEG_ICCTX010_052	0	ASP000190	ICCTX010	matched_random_locus	ATT	1	mobile_only	3	0.7915965403182769	1
NEG_ICCTX010_053	0	ASP000190	ICCTX010	matched_random_locus	AAT	1	mobile_only	3	0.7915965403182769	1
NEG_ICCTX010_054	0	ASP000190	ICCTX010	matched_random_locus	ACC	1	mobile_only	3	0.7915965403182769	1
NEG_ICCTX010_055	0	ASP000190	ICCTX010	matched_random_locus	GTA	1	mobile_only	3	0.7915965403182769	1
NEG_ICCTX010_056	0	ASP000190	ICCTX010	matched_random_locus	AAA	1	mobile_only	3	0.7915965403182769	1
NEG_ICCTX010_057	0	ASP000190	ICCTX010	matched_random_locus	CAT	1	mobile_only	3	0.7915965403182769	1
NEG_ICCTX010_058	0	ASP000190	ICCTX010	matched_random_locus	TTT	1	mobile_only	3	0.7915965403182769	1
NEG_ICCTX010_059	0	ASP000190	ICCTX010	matched_random_locus	ACC	1	mobile_only	3	0.7915965403182769	1
NEG_ICCTX010_060	0	ASP000190	ICCTX010	matched_random_locus	GCT	1	mobile_only	3	0.7915965403182769	1
NEG_ICCTX010_061	0	ASP000190	ICCTX010	matched_random_locus	AAA	1	mobile_only	3	0.7915965403182769	1
NEG_ICCTX010_062	0	ASP000190	ICCTX010	matched_random_locus	CCA	1	mobile_only	3	0.7915965403182769	1
NEG_ICCTX010_063	0	ASP000190	ICCTX010	matched_random_locus	CCG	1	mobile_only	3	0.7915965403182769	1
NEG_ICCTX010_064	0	ASP000190	ICCTX010	matched_random_locus	TTG	1	mobile_only	3	0.7915965403182769	1
NEG_ICCTX010_065	0	ASP000190	ICCTX010	matched_random_locus	GGG	1	mobile_only	3	0.7915965403182769	1
NEG_ICCTX010_066	0	ASP000190	ICCTX010	matched_random_locus	CGG	1	mobile_only	3	0.7915965403182769	1
NEG_ICCTX010_067	0	ASP000190	ICCTX010	matched_random_locus	AAA	1	mobile_only	3	0.7915965403182769	1
NEG_ICCTX010_068	0	ASP000190	ICCTX010	matched_random_locus	GGC	1	mobile_only	3	0.7915965403182769	1
NEG_ICCTX010_069	0	ASP000190	ICCTX010	matched_random_locus	ATG	1	mobile_only	3	0.7915965403182769	1
NEG_ICCTX010_070	0	ASP000190	ICCTX010	matched_random_locus	AGA	1	mobile_only	3	0.7915965403182769	1
NEG_ICCTX010_071	0	ASP000190	ICCTX010	matched_random_locus	TAA	1	mobile_only	3	0.7915965403182769	1
NEG_ICCTX010_072	0	ASP000190	ICCTX010	matched_random_locus	CCG	1	mobile_only	3	0.7915965403182769	1
NEG_ICCTX010_073	0	ASP000190	ICCTX010	matched_random_locus	TTC	1	mobile_only	3	0.7915965403182769	1
NEG_ICCTX010_074	0	ASP000190	ICCTX010	matched_random_locus	CGA	1	mobile_only	3	0.7915965403182769	1
NEG_ICCTX010_075	0	ASP000190	ICCTX010	matched_random_locus	ATT	1	mobile_only	3	0.7915965403182769	1
NEG_ICCTX010_076	0	ASP000190	ICCTX010	matched_random_locus	TTG	1	mobile_only	3	0.7915965403182769	1
NEG_ICCTX010_077	0	ASP000190	ICCTX010	matched_random_locus	CAT	1	mobile_only	3	0.7915965403182769	1
NEG_ICCTX010_078	0	ASP000190	ICCTX010	matched_random_locus	TTC	1	mobile_only	3	0.7915965403182769	1
NEG_ICCTX010_079	0	ASP000190	ICCTX010	matched_random_locus	AAG	1	mobile_only	3	0.7915965403182769	1
NEG_ICCTX010_080	0	ASP000190	ICCTX010	matched_random_locus	TCT	1	mobile_only	3	0.7915965403182769	1
NEG_ICCTX010_081	0	ASP000190	ICCTX010	matched_random_locus	AAA	1	mobile_only	3	0.7915965403182769	1
NEG_ICCTX010_082	0	ASP000190	ICCTX010	matched_random_locus	ACC	1	mobile_only	3	0.7915965403182769	1
NEG_ICCTX010_083	0	ASP000190	ICCTX010	matched_random_locus	AAC	1	mobile_only	3	0.7915965403182769	1
NEG_ICCTX010_084	0	ASP000190	ICCTX010	matched_random_locus	GGG	1	mobile_only	3	0.7915965403182769	1
NEG_ICCTX010_085	0	ASP000190	ICCTX010	matched_random_locus	TGC	1	mobile_only	3	0.7915965403182769	1
NEG_ICCTX010_086	0	ASP000190	ICCTX010	matched_random_locus	CCG	1	mobile_only	3	0.7915965403182769	1
NEG_ICCTX010_087	0	ASP000190	ICCTX010	matched_random_locus	TGA	1	mobile_only	3	0.7915965403182769	1
NEG_ICCTX010_088	0	ASP000190	ICCTX010	matched_random_locus	TGA	1	mobile_only	3	0.7915965403182769	1
NEG_ICCTX010_089	0	ASP000190	ICCTX010	matched_random_locus	TAT	1	mobile_only	3	0.7915965403182769	1
NEG_ICCTX010_090	0	ASP000190	ICCTX010	matched_random_locus	TTT	1	mobile_only	3	0.7915965403182769	1
NEG_ICCTX010_091	0	ASP000190	ICCTX010	matched_random_locus	TAT	1	mobile_only	3	0.7915965403182769	1
NEG_ICCTX010_092	0	ASP000190	ICCTX010	matched_random_locus	TGG	1	mobile_only	3	0.7915965403182769	1
NEG_ICCTX010_093	0	ASP000190	ICCTX010	matched_random_locus	GCC	1	mobile_only	3	0.7915965403182769	1
NEG_ICCTX010_094	0	ASP000190	ICCTX010	matched_random_locus	GGG	1	mobile_only	3	0.7915965403182769	1
NEG_ICCTX010_095	0	ASP000190	ICCTX010	matched_random_locus	ACG	1	mobile_only	3	0.7915965403182769	1
NEG_ICCTX010_096	0	ASP000190	ICCTX010	matched_random_locus	CGG	1	mobile_only	3	0.7915965403182769	1
NEG_ICCTX010_097	0	ASP000190	ICCTX010	matched_random_locus	ATT	1	mobile_only	3	0.7915965403182769	1
NEG_ICCTX010_098	0	ASP000190	ICCTX010	matched_random_locus	ACG	1	mobile_only	3	0.7915965403182769	1
NEG_ICCTX010_099	0	ASP000190	ICCTX010	matched_random_locus	AGG	1	mobile_only	3	0.7915965403182769	1
NEG_ICCTX010_100	0	ASP000190	ICCTX010	matched_random_locus	CAA	1	mobile_only	3	0.7915965403182769	1
POS_ICCTX011	1	ASP000212	ICCTX011	observed_target	TTC	1	mobile_only	2	0.77277883647846	1
NEG_ICCTX011_001	0	ASP000212	ICCTX011	matched_random_locus	ATT	0	mobile_only	2	0.11229662404093711	0
NEG_ICCTX011_002	0	ASP000212	ICCTX011	matched_random_locus	GGA	0	mobile_only	2	0.11229662404093711	0
NEG_ICCTX011_003	0	ASP000212	ICCTX011	matched_random_locus	TCT	1	mobile_only	2	0.77277883647846	1
NEG_ICCTX011_004	0	ASP000212	ICCTX011	matched_random_locus	CAT	0	mobile_only	2	0.11229662404093711	0
NEG_ICCTX011_005	0	ASP000212	ICCTX011	matched_random_locus	TAA	0	mobile_only	2	0.11229662404093711	0
NEG_ICCTX011_006	0	ASP000212	ICCTX011	matched_random_locus	CGA	0	mobile_only	2	0.11229662404093711	0
NEG_ICCTX011_007	0	ASP000212	ICCTX011	matched_random_locus	GTT	1	mobile_only	2	0.77277883647846	1
NEG_ICCTX011_008	0	ASP000212	ICCTX011	matched_random_locus	ATC	0	mobile_only	2	0.11229662404093711	0
NEG_ICCTX011_009	0	ASP000212	ICCTX011	matched_random_locus	ATG	1	mobile_only	2	0.77277883647846	1
NEG_ICCTX011_010	0	ASP000212	ICCTX011	matched_random_locus	CAA	0	mobile_only	2	0.11229662404093711	0
NEG_ICCTX011_011	0	ASP000212	ICCTX011	matched_random_locus	ATT	0	mobile_only	2	0.11229662404093711	0
NEG_ICCTX011_012	0	ASP000212	ICCTX011	matched_random_locus	TTA	0	mobile_only	2	0.11229662404093711	0
NEG_ICCTX011_013	0	ASP000212	ICCTX011	matched_random_locus	GCT	0	mobile_only	2	0.11229662404093711	0
NEG_ICCTX011_014	0	ASP000212	ICCTX011	matched_random_locus	TGC	0	mobile_only	2	0.11229662404093711	0
NEG_ICCTX011_015	0	ASP000212	ICCTX011	matched_random_locus	TCC	0	mobile_only	2	0.11229662404093711	0
NEG_ICCTX011_016	0	ASP000212	ICCTX011	matched_random_locus	GGA	1	mobile_only	2	0.77277883647846	1
NEG_ICCTX011_017	0	ASP000212	ICCTX011	matched_random_locus	TTT	0	mobile_only	2	0.11229662404093711	0
NEG_ICCTX011_018	0	ASP000212	ICCTX011	matched_random_locus	ATT	0	mobile_only	2	0.11229662404093711	0
NEG_ICCTX011_019	0	ASP000212	ICCTX011	matched_random_locus	CAT	0	mobile_only	2	0.11229662404093711	0
NEG_ICCTX011_020	0	ASP000212	ICCTX011	matched_random_locus	CTT	1	mobile_only	2	0.77277883647846	1
NEG_ICCTX011_021	0	ASP000212	ICCTX011	matched_random_locus	CCA	0	mobile_only	2	0.11229662404093711	0
NEG_ICCTX011_022	0	ASP000212	ICCTX011	matched_random_locus	AAC	0	mobile_only	2	0.11229662404093711	0
NEG_ICCTX011_023	0	ASP000212	ICCTX011	matched_random_locus	AAA	0	mobile_only	2	0.11229662404093711	0
NEG_ICCTX011_024	0	ASP000212	ICCTX011	matched_random_locus	CAG	0	mobile_only	2	0.11229662404093711	0
NEG_ICCTX011_025	0	ASP000212	ICCTX011	matched_random_locus	CGA	0	mobile_only	2	0.11229662404093711	0
NEG_ICCTX011_026	0	ASP000212	ICCTX011	matched_random_locus	TTA	0	mobile_only	2	0.11229662404093711	0
NEG_ICCTX011_027	0	ASP000212	ICCTX011	matched_random_locus	GAT	0	mobile_only	2	0.11229662404093711	0
NEG_ICCTX011_028	0	ASP000212	ICCTX011	matched_random_locus	CTT	0	mobile_only	2	0.11229662404093711	0
NEG_ICCTX011_029	0	ASP000212	ICCTX011	matched_random_locus	CCA	1	mobile_only	2	0.77277883647846	1
NEG_ICCTX011_030	0	ASP000212	ICCTX011	matched_random_locus	AGA	1	mobile_only	2	0.77277883647846	1
NEG_ICCTX011_031	0	ASP000212	ICCTX011	matched_random_locus	GCA	0	mobile_only	2	0.11229662404093711	0
NEG_ICCTX011_032	0	ASP000212	ICCTX011	matched_random_locus	TTG	0	mobile_only	2	0.11229662404093711	0
NEG_ICCTX011_033	0	ASP000212	ICCTX011	matched_random_locus	CGA	1	mobile_only	2	0.77277883647846	1
NEG_ICCTX011_034	0	ASP000212	ICCTX011	matched_random_locus	TCA	1	mobile_only	2	0.77277883647846	1
NEG_ICCTX011_035	0	ASP000212	ICCTX011	matched_random_locus	TAG	0	mobile_only	2	0.11229662404093711	0
NEG_ICCTX011_036	0	ASP000212	ICCTX011	matched_random_locus	GCT	0	mobile_only	2	0.11229662404093711	0
NEG_ICCTX011_037	0	ASP000212	ICCTX011	matched_random_locus	GGT	0	mobile_only	2	0.11229662404093711	0
NEG_ICCTX011_038	0	ASP000212	ICCTX011	matched_random_locus	ACA	0	mobile_only	2	0.11229662404093711	0
NEG_ICCTX011_039	0	ASP000212	ICCTX011	matched_random_locus	ATA	0	mobile_only	2	0.11229662404093711	0
NEG_ICCTX011_040	0	ASP000212	ICCTX011	matched_random_locus	TAA	0	mobile_only	2	0.11229662404093711	0
NEG_ICCTX011_041	0	ASP000212	ICCTX011	matched_random_locus	AAA	0	mobile_only	2	0.11229662404093711	0
NEG_ICCTX011_042	0	ASP000212	ICCTX011	matched_random_locus	AAG	0	mobile_only	2	0.11229662404093711	0
NEG_ICCTX011_043	0	ASP000212	ICCTX011	matched_random_locus	GAA	0	mobile_only	2	0.11229662404093711	0
NEG_ICCTX011_044	0	ASP000212	ICCTX011	matched_random_locus	TTG	0	mobile_only	2	0.11229662404093711	0
NEG_ICCTX011_045	0	ASP000212	ICCTX011	matched_random_locus	CGA	0	mobile_only	2	0.11229662404093711	0
NEG_ICCTX011_046	0	ASP000212	ICCTX011	matched_random_locus	TTT	0	mobile_only	2	0.11229662404093711	0
NEG_ICCTX011_047	0	ASP000212	ICCTX011	matched_random_locus	AAA	1	mobile_only	2	0.77277883647846	1
NEG_ICCTX011_048	0	ASP000212	ICCTX011	matched_random_locus	TAG	0	mobile_only	2	0.11229662404093711	0
NEG_ICCTX011_049	0	ASP000212	ICCTX011	matched_random_locus	GAG	0	mobile_only	2	0.11229662404093711	0
NEG_ICCTX011_050	0	ASP000212	ICCTX011	matched_random_locus	TTT	0	mobile_only	2	0.11229662404093711	0
NEG_ICCTX011_051	0	ASP000212	ICCTX011	matched_random_locus	TTT	0	mobile_only	2	0.11229662404093711	0
NEG_ICCTX011_052	0	ASP000212	ICCTX011	matched_random_locus	AAT	0	mobile_only	2	0.11229662404093711	0
NEG_ICCTX011_053	0	ASP000212	ICCTX011	matched_random_locus	CCA	1	mobile_only	2	0.77277883647846	1
NEG_ICCTX011_054	0	ASP000212	ICCTX011	matched_random_locus	TAT	0	mobile_only	2	0.11229662404093711	0
NEG_ICCTX011_055	0	ASP000212	ICCTX011	matched_random_locus	GCC	1	mobile_only	2	0.77277883647846	1
NEG_ICCTX011_056	0	ASP000212	ICCTX011	matched_random_locus	CGA	1	mobile_only	2	0.77277883647846	1
NEG_ICCTX011_057	0	ASP000212	ICCTX011	matched_random_locus	GAG	0	mobile_only	2	0.11229662404093711	0
NEG_ICCTX011_058	0	ASP000212	ICCTX011	matched_random_locus	GAG	1	mobile_only	2	0.77277883647846	1
NEG_ICCTX011_059	0	ASP000212	ICCTX011	matched_random_locus	TTG	1	mobile_only	2	0.77277883647846	1
NEG_ICCTX011_060	0	ASP000212	ICCTX011	matched_random_locus	TAA	1	mobile_only	2	0.77277883647846	1
NEG_ICCTX011_061	0	ASP000212	ICCTX011	matched_random_locus	AAC	0	mobile_only	2	0.11229662404093711	0
NEG_ICCTX011_062	0	ASP000212	ICCTX011	matched_random_locus	CTT	0	mobile_only	2	0.11229662404093711	0
NEG_ICCTX011_063	0	ASP000212	ICCTX011	matched_random_locus	GTC	0	mobile_only	2	0.11229662404093711	0
NEG_ICCTX011_064	0	ASP000212	ICCTX011	matched_random_locus	GCT	0	mobile_only	2	0.11229662404093711	0
NEG_ICCTX011_065	0	ASP000212	ICCTX011	matched_random_locus	CTT	0	mobile_only	2	0.11229662404093711	0
NEG_ICCTX011_066	0	ASP000212	ICCTX011	matched_random_locus	AGC	0	mobile_only	2	0.11229662404093711	0
NEG_ICCTX011_067	0	ASP000212	ICCTX011	matched_random_locus	CCG	0	mobile_only	2	0.11229662404093711	0
NEG_ICCTX011_068	0	ASP000212	ICCTX011	matched_random_locus	TCC	0	mobile_only	2	0.11229662404093711	0
NEG_ICCTX011_069	0	ASP000212	ICCTX011	matched_random_locus	TTC	1	mobile_only	2	0.77277883647846	1
NEG_ICCTX011_070	0	ASP000212	ICCTX011	matched_random_locus	AAT	0	mobile_only	2	0.11229662404093711	0
NEG_ICCTX011_071	0	ASP000212	ICCTX011	matched_random_locus	TCT	0	mobile_only	2	0.11229662404093711	0
NEG_ICCTX011_072	0	ASP000212	ICCTX011	matched_random_locus	TCG	0	mobile_only	2	0.11229662404093711	0
NEG_ICCTX011_073	0	ASP000212	ICCTX011	matched_random_locus	TCC	0	mobile_only	2	0.11229662404093711	0
NEG_ICCTX011_074	0	ASP000212	ICCTX011	matched_random_locus	CTC	0	mobile_only	2	0.11229662404093711	0
NEG_ICCTX011_075	0	ASP000212	ICCTX011	matched_random_locus	TAG	0	mobile_only	2	0.11229662404093711	0
NEG_ICCTX011_076	0	ASP000212	ICCTX011	matched_random_locus	AGA	0	mobile_only	2	0.11229662404093711	0
NEG_ICCTX011_077	0	ASP000212	ICCTX011	matched_random_locus	CCA	0	mobile_only	2	0.11229662404093711	0
NEG_ICCTX011_078	0	ASP000212	ICCTX011	matched_random_locus	GCG	0	mobile_only	2	0.11229662404093711	0
NEG_ICCTX011_079	0	ASP000212	ICCTX011	matched_random_locus	TGA	0	mobile_only	2	0.11229662404093711	0
NEG_ICCTX011_080	0	ASP000212	ICCTX011	matched_random_locus	ATA	0	mobile_only	2	0.11229662404093711	0
NEG_ICCTX011_081	0	ASP000212	ICCTX011	matched_random_locus	CAG	0	mobile_only	2	0.11229662404093711	0
NEG_ICCTX011_082	0	ASP000212	ICCTX011	matched_random_locus	TGC	0	mobile_only	2	0.11229662404093711	0
NEG_ICCTX011_083	0	ASP000212	ICCTX011	matched_random_locus	CCG	0	mobile_only	2	0.11229662404093711	0
NEG_ICCTX011_084	0	ASP000212	ICCTX011	matched_random_locus	CCC	0	mobile_only	2	0.11229662404093711	0
NEG_ICCTX011_085	0	ASP000212	ICCTX011	matched_random_locus	TTG	0	mobile_only	2	0.11229662404093711	0
NEG_ICCTX011_086	0	ASP000212	ICCTX011	matched_random_locus	TGA	0	mobile_only	2	0.11229662404093711	0
NEG_ICCTX011_087	0	ASP000212	ICCTX011	matched_random_locus	CTT	0	mobile_only	2	0.11229662404093711	0
NEG_ICCTX011_088	0	ASP000212	ICCTX011	matched_random_locus	ATC	0	mobile_only	2	0.11229662404093711	0
NEG_ICCTX011_089	0	ASP000212	ICCTX011	matched_random_locus	ATA	0	mobile_only	2	0.11229662404093711	0
NEG_ICCTX011_090	0	ASP000212	ICCTX011	matched_random_locus	ACG	0	mobile_only	2	0.11229662404093711	0
NEG_ICCTX011_091	0	ASP000212	ICCTX011	matched_random_locus	TAA	0	mobile_only	2	0.11229662404093711	0
NEG_ICCTX011_092	0	ASP000212	ICCTX011	matched_random_locus	GCG	0	mobile_only	2	0.11229662404093711	0
NEG_ICCTX011_093	0	ASP000212	ICCTX011	matched_random_locus	CCC	0	mobile_only	2	0.11229662404093711	0
NEG_ICCTX011_094	0	ASP000212	ICCTX011	matched_random_locus	CAA	0	mobile_only	2	0.11229662404093711	0
NEG_ICCTX011_095	0	ASP000212	ICCTX011	matched_random_locus	GCA	0	mobile_only	2	0.11229662404093711	0
NEG_ICCTX011_096	0	ASP000212	ICCTX011	matched_random_locus	ACC	1	mobile_only	2	0.77277883647846	1
NEG_ICCTX011_097	0	ASP000212	ICCTX011	matched_random_locus	GTC	0	mobile_only	2	0.11229662404093711	0
NEG_ICCTX011_098	0	ASP000212	ICCTX011	matched_random_locus	TTT	1	mobile_only	2	0.77277883647846	1
NEG_ICCTX011_099	0	ASP000212	ICCTX011	matched_random_locus	ATG	0	mobile_only	2	0.11229662404093711	0
NEG_ICCTX011_100	0	ASP000212	ICCTX011	matched_random_locus	ATT	0	mobile_only	2	0.11229662404093711	0
POS_ICCTX012	1	ASP000234	ICCTX012	observed_target	TTC	1	mobile_only	5	0.7611661854598204	1
NEG_ICCTX012_001	0	ASP000234	ICCTX012	matched_random_locus	CAT	0	mobile_only	5	0.1072557520292522	0
NEG_ICCTX012_002	0	ASP000234	ICCTX012	matched_random_locus	TCC	0	mobile_only	5	0.1072557520292522	0
NEG_ICCTX012_003	0	ASP000234	ICCTX012	matched_random_locus	GCC	0	mobile_only	5	0.1072557520292522	0
NEG_ICCTX012_004	0	ASP000234	ICCTX012	matched_random_locus	GTA	0	mobile_only	5	0.1072557520292522	0
NEG_ICCTX012_005	0	ASP000234	ICCTX012	matched_random_locus	ATC	0	mobile_only	5	0.1072557520292522	0
NEG_ICCTX012_006	0	ASP000234	ICCTX012	matched_random_locus	TTG	0	mobile_only	5	0.1072557520292522	0
NEG_ICCTX012_007	0	ASP000234	ICCTX012	matched_random_locus	CAG	0	mobile_only	5	0.1072557520292522	0
NEG_ICCTX012_008	0	ASP000234	ICCTX012	matched_random_locus	AGC	0	mobile_only	5	0.1072557520292522	0
NEG_ICCTX012_009	0	ASP000234	ICCTX012	matched_random_locus	GTA	0	mobile_only	5	0.1072557520292522	0
NEG_ICCTX012_010	0	ASP000234	ICCTX012	matched_random_locus	CAG	0	mobile_only	5	0.1072557520292522	0
NEG_ICCTX012_011	0	ASP000234	ICCTX012	matched_random_locus	TAT	1	mobile_only	5	0.7611661854598204	1
NEG_ICCTX012_012	0	ASP000234	ICCTX012	matched_random_locus	ACC	1	mobile_only	5	0.7611661854598204	1
NEG_ICCTX012_013	0	ASP000234	ICCTX012	matched_random_locus	ACG	0	mobile_only	5	0.1072557520292522	0
NEG_ICCTX012_014	0	ASP000234	ICCTX012	matched_random_locus	TTA	0	mobile_only	5	0.1072557520292522	0
NEG_ICCTX012_015	0	ASP000234	ICCTX012	matched_random_locus	AAT	0	mobile_only	5	0.1072557520292522	0
NEG_ICCTX012_016	0	ASP000234	ICCTX012	matched_random_locus	CTA	1	mobile_only	5	0.7611661854598204	1
NEG_ICCTX012_017	0	ASP000234	ICCTX012	matched_random_locus	TCT	0	mobile_only	5	0.1072557520292522	0
NEG_ICCTX012_018	0	ASP000234	ICCTX012	matched_random_locus	ATC	1	mobile_only	5	0.7611661854598204	1
NEG_ICCTX012_019	0	ASP000234	ICCTX012	matched_random_locus	CTC	0	mobile_only	5	0.1072557520292522	0
NEG_ICCTX012_020	0	ASP000234	ICCTX012	matched_random_locus	GGC	0	mobile_only	5	0.1072557520292522	0
NEG_ICCTX012_021	0	ASP000234	ICCTX012	matched_random_locus	ACT	0	mobile_only	5	0.1072557520292522	0
NEG_ICCTX012_022	0	ASP000234	ICCTX012	matched_random_locus	GTT	0	mobile_only	5	0.1072557520292522	0
NEG_ICCTX012_023	0	ASP000234	ICCTX012	matched_random_locus	CAC	0	mobile_only	5	0.1072557520292522	0
NEG_ICCTX012_024	0	ASP000234	ICCTX012	matched_random_locus	TGA	0	mobile_only	5	0.1072557520292522	0
NEG_ICCTX012_025	0	ASP000234	ICCTX012	matched_random_locus	GGC	1	mobile_only	5	0.7611661854598204	1
NEG_ICCTX012_026	0	ASP000234	ICCTX012	matched_random_locus	ACC	0	mobile_only	5	0.1072557520292522	0
NEG_ICCTX012_027	0	ASP000234	ICCTX012	matched_random_locus	GAA	1	mobile_only	5	0.7611661854598204	1
NEG_ICCTX012_028	0	ASP000234	ICCTX012	matched_random_locus	GTT	0	mobile_only	5	0.1072557520292522	0
NEG_ICCTX012_029	0	ASP000234	ICCTX012	matched_random_locus	AGG	1	mobile_only	5	0.7611661854598204	1
NEG_ICCTX012_030	0	ASP000234	ICCTX012	matched_random_locus	GAT	0	mobile_only	5	0.1072557520292522	0
NEG_ICCTX012_031	0	ASP000234	ICCTX012	matched_random_locus	TGG	0	mobile_only	5	0.1072557520292522	0
NEG_ICCTX012_032	0	ASP000234	ICCTX012	matched_random_locus	AGT	0	mobile_only	5	0.1072557520292522	0
NEG_ICCTX012_033	0	ASP000234	ICCTX012	matched_random_locus	AAT	0	mobile_only	5	0.1072557520292522	0
NEG_ICCTX012_034	0	ASP000234	ICCTX012	matched_random_locus	CTG	0	mobile_only	5	0.1072557520292522	0
NEG_ICCTX012_035	0	ASP000234	ICCTX012	matched_random_locus	ACA	0	mobile_only	5	0.1072557520292522	0
NEG_ICCTX012_036	0	ASP000234	ICCTX012	matched_random_locus	TCC	0	mobile_only	5	0.1072557520292522	0
NEG_ICCTX012_037	0	ASP000234	ICCTX012	matched_random_locus	GAC	0	mobile_only	5	0.1072557520292522	0
NEG_ICCTX012_038	0	ASP000234	ICCTX012	matched_random_locus	ACG	1	mobile_only	5	0.7611661854598204	1
NEG_ICCTX012_039	0	ASP000234	ICCTX012	matched_random_locus	TAC	0	mobile_only	5	0.1072557520292522	0
NEG_ICCTX012_040	0	ASP000234	ICCTX012	matched_random_locus	ACT	0	mobile_only	5	0.1072557520292522	0
NEG_ICCTX012_041	0	ASP000234	ICCTX012	matched_random_locus	CAA	0	mobile_only	5	0.1072557520292522	0
NEG_ICCTX012_042	0	ASP000234	ICCTX012	matched_random_locus	TAC	0	mobile_only	5	0.1072557520292522	0
NEG_ICCTX012_043	0	ASP000234	ICCTX012	matched_random_locus	AAA	0	mobile_only	5	0.1072557520292522	0
NEG_ICCTX012_044	0	ASP000234	ICCTX012	matched_random_locus	AGC	0	mobile_only	5	0.1072557520292522	0
NEG_ICCTX012_045	0	ASP000234	ICCTX012	matched_random_locus	ATG	0	mobile_only	5	0.1072557520292522	0
NEG_ICCTX012_046	0	ASP000234	ICCTX012	matched_random_locus	CCT	0	mobile_only	5	0.1072557520292522	0
NEG_ICCTX012_047	0	ASP000234	ICCTX012	matched_random_locus	AGC	0	mobile_only	5	0.1072557520292522	0
NEG_ICCTX012_048	0	ASP000234	ICCTX012	matched_random_locus	CCG	0	mobile_only	5	0.1072557520292522	0
NEG_ICCTX012_049	0	ASP000234	ICCTX012	matched_random_locus	GAG	0	mobile_only	5	0.1072557520292522	0
NEG_ICCTX012_050	0	ASP000234	ICCTX012	matched_random_locus	CGG	0	mobile_only	5	0.1072557520292522	0
NEG_ICCTX012_051	0	ASP000234	ICCTX012	matched_random_locus	GGA	0	mobile_only	5	0.1072557520292522	0
NEG_ICCTX012_052	0	ASP000234	ICCTX012	matched_random_locus	AGC	0	mobile_only	5	0.1072557520292522	0
NEG_ICCTX012_053	0	ASP000234	ICCTX012	matched_random_locus	GGC	1	mobile_only	5	0.7611661854598204	1
NEG_ICCTX012_054	0	ASP000234	ICCTX012	matched_random_locus	GTA	0	mobile_only	5	0.1072557520292522	0
NEG_ICCTX012_055	0	ASP000234	ICCTX012	matched_random_locus	CCA	0	mobile_only	5	0.1072557520292522	0
NEG_ICCTX012_056	0	ASP000234	ICCTX012	matched_random_locus	CCA	0	mobile_only	5	0.1072557520292522	0
NEG_ICCTX012_057	0	ASP000234	ICCTX012	matched_random_locus	ATG	1	mobile_only	5	0.7611661854598204	1
NEG_ICCTX012_058	0	ASP000234	ICCTX012	matched_random_locus	CCG	1	mobile_only	5	0.7611661854598204	1
NEG_ICCTX012_059	0	ASP000234	ICCTX012	matched_random_locus	GGA	1	mobile_only	5	0.7611661854598204	1
NEG_ICCTX012_060	0	ASP000234	ICCTX012	matched_random_locus	GGT	0	mobile_only	5	0.1072557520292522	0
NEG_ICCTX012_061	0	ASP000234	ICCTX012	matched_random_locus	TCC	0	mobile_only	5	0.1072557520292522	0
NEG_ICCTX012_062	0	ASP000234	ICCTX012	matched_random_locus	GCT	0	mobile_only	5	0.1072557520292522	0
NEG_ICCTX012_063	0	ASP000234	ICCTX012	matched_random_locus	TGA	0	mobile_only	5	0.1072557520292522	0
NEG_ICCTX012_064	0	ASP000234	ICCTX012	matched_random_locus	AAT	0	mobile_only	5	0.1072557520292522	0
NEG_ICCTX012_065	0	ASP000234	ICCTX012	matched_random_locus	CAC	1	mobile_only	5	0.7611661854598204	1
NEG_ICCTX012_066	0	ASP000234	ICCTX012	matched_random_locus	TGT	0	mobile_only	5	0.1072557520292522	0
NEG_ICCTX012_067	0	ASP000234	ICCTX012	matched_random_locus	GGA	0	mobile_only	5	0.1072557520292522	0
NEG_ICCTX012_068	0	ASP000234	ICCTX012	matched_random_locus	AAT	1	mobile_only	5	0.7611661854598204	1
NEG_ICCTX012_069	0	ASP000234	ICCTX012	matched_random_locus	GTC	0	mobile_only	5	0.1072557520292522	0
NEG_ICCTX012_070	0	ASP000234	ICCTX012	matched_random_locus	GCC	0	mobile_only	5	0.1072557520292522	0
NEG_ICCTX012_071	0	ASP000234	ICCTX012	matched_random_locus	AAG	1	mobile_only	5	0.7611661854598204	1
NEG_ICCTX012_072	0	ASP000234	ICCTX012	matched_random_locus	TCG	0	mobile_only	5	0.1072557520292522	0
NEG_ICCTX012_073	0	ASP000234	ICCTX012	matched_random_locus	GCA	0	mobile_only	5	0.1072557520292522	0
NEG_ICCTX012_074	0	ASP000234	ICCTX012	matched_random_locus	ATA	1	mobile_only	5	0.7611661854598204	1
NEG_ICCTX012_075	0	ASP000234	ICCTX012	matched_random_locus	AAC	0	mobile_only	5	0.1072557520292522	0
NEG_ICCTX012_076	0	ASP000234	ICCTX012	matched_random_locus	GCC	0	mobile_only	5	0.1072557520292522	0
NEG_ICCTX012_077	0	ASP000234	ICCTX012	matched_random_locus	AAA	0	mobile_only	5	0.1072557520292522	0
NEG_ICCTX012_078	0	ASP000234	ICCTX012	matched_random_locus	CAT	1	mobile_only	5	0.7611661854598204	1
NEG_ICCTX012_079	0	ASP000234	ICCTX012	matched_random_locus	TGA	1	mobile_only	5	0.7611661854598204	1
NEG_ICCTX012_080	0	ASP000234	ICCTX012	matched_random_locus	TTC	1	mobile_only	5	0.7611661854598204	1
NEG_ICCTX012_081	0	ASP000234	ICCTX012	matched_random_locus	AAA	0	mobile_only	5	0.1072557520292522	0
NEG_ICCTX012_082	0	ASP000234	ICCTX012	matched_random_locus	CTA	1	mobile_only	5	0.7611661854598204	1
NEG_ICCTX012_083	0	ASP000234	ICCTX012	matched_random_locus	TCG	0	mobile_only	5	0.1072557520292522	0
NEG_ICCTX012_084	0	ASP000234	ICCTX012	matched_random_locus	TTT	1	mobile_only	5	0.7611661854598204	1
NEG_ICCTX012_085	0	ASP000234	ICCTX012	matched_random_locus	TTA	1	mobile_only	5	0.7611661854598204	1
NEG_ICCTX012_086	0	ASP000234	ICCTX012	matched_random_locus	AGG	0	mobile_only	5	0.1072557520292522	0
NEG_ICCTX012_087	0	ASP000234	ICCTX012	matched_random_locus	CTT	0	mobile_only	5	0.1072557520292522	0
NEG_ICCTX012_088	0	ASP000234	ICCTX012	matched_random_locus	AGA	0	mobile_only	5	0.1072557520292522	0
NEG_ICCTX012_089	0	ASP000234	ICCTX012	matched_random_locus	AGC	0	mobile_only	5	0.1072557520292522	0
NEG_ICCTX012_090	0	ASP000234	ICCTX012	matched_random_locus	ATT	0	mobile_only	5	0.1072557520292522	0
NEG_ICCTX012_091	0	ASP000234	ICCTX012	matched_random_locus	TAA	0	mobile_only	5	0.1072557520292522	0
NEG_ICCTX012_092	0	ASP000234	ICCTX012	matched_random_locus	CAA	1	mobile_only	5	0.7611661854598204	1
NEG_ICCTX012_093	0	ASP000234	ICCTX012	matched_random_locus	TCA	1	mobile_only	5	0.7611661854598204	1
NEG_ICCTX012_094	0	ASP000234	ICCTX012	matched_random_locus	AAT	0	mobile_only	5	0.1072557520292522	0
NEG_ICCTX012_095	0	ASP000234	ICCTX012	matched_random_locus	TGC	1	mobile_only	5	0.7611661854598204	1
NEG_ICCTX012_096	0	ASP000234	ICCTX012	matched_random_locus	CTA	0	mobile_only	5	0.1072557520292522	0
NEG_ICCTX012_097	0	ASP000234	ICCTX012	matched_random_locus	GGG	0	mobile_only	5	0.1072557520292522	0
NEG_ICCTX012_098	0	ASP000234	ICCTX012	matched_random_locus	TGT	1	mobile_only	5	0.7611661854598204	1
NEG_ICCTX012_099	0	ASP000234	ICCTX012	matched_random_locus	TCG	0	mobile_only	5	0.1072557520292522	0
NEG_ICCTX012_100	0	ASP000234	ICCTX012	matched_random_locus	TTT	0	mobile_only	5	0.1072557520292522	0
POS_ICCTX013	1	ASP000235	ICCTX013	observed_target	TTC	1	mobile_only	4	0.7451596719603985	1
NEG_ICCTX013_001	0	ASP000235	ICCTX013	matched_random_locus	TTG	0	mobile_only	4	0.11811869649998824	0
NEG_ICCTX013_002	0	ASP000235	ICCTX013	matched_random_locus	AAC	0	mobile_only	4	0.11811869649998824	0
NEG_ICCTX013_003	0	ASP000235	ICCTX013	matched_random_locus	TTC	0	mobile_only	4	0.11811869649998824	0
NEG_ICCTX013_004	0	ASP000235	ICCTX013	matched_random_locus	GAA	0	mobile_only	4	0.11811869649998824	0
NEG_ICCTX013_005	0	ASP000235	ICCTX013	matched_random_locus	GCT	0	mobile_only	4	0.11811869649998824	0
NEG_ICCTX013_006	0	ASP000235	ICCTX013	matched_random_locus	GAA	0	mobile_only	4	0.11811869649998824	0
NEG_ICCTX013_007	0	ASP000235	ICCTX013	matched_random_locus	TTC	0	mobile_only	4	0.11811869649998824	0
NEG_ICCTX013_008	0	ASP000235	ICCTX013	matched_random_locus	GCT	1	mobile_only	4	0.7451596719603985	1
NEG_ICCTX013_009	0	ASP000235	ICCTX013	matched_random_locus	GTT	0	mobile_only	4	0.11811869649998824	0
NEG_ICCTX013_010	0	ASP000235	ICCTX013	matched_random_locus	ATA	0	mobile_only	4	0.11811869649998824	0
NEG_ICCTX013_011	0	ASP000235	ICCTX013	matched_random_locus	GGT	0	mobile_only	4	0.11811869649998824	0
NEG_ICCTX013_012	0	ASP000235	ICCTX013	matched_random_locus	TAA	0	mobile_only	4	0.11811869649998824	0
NEG_ICCTX013_013	0	ASP000235	ICCTX013	matched_random_locus	ATC	0	mobile_only	4	0.11811869649998824	0
NEG_ICCTX013_014	0	ASP000235	ICCTX013	matched_random_locus	ATT	0	mobile_only	4	0.11811869649998824	0
NEG_ICCTX013_015	0	ASP000235	ICCTX013	matched_random_locus	CAG	0	mobile_only	4	0.11811869649998824	0
NEG_ICCTX013_016	0	ASP000235	ICCTX013	matched_random_locus	TCG	0	mobile_only	4	0.11811869649998824	0
NEG_ICCTX013_017	0	ASP000235	ICCTX013	matched_random_locus	TAG	0	mobile_only	4	0.11811869649998824	0
NEG_ICCTX013_018	0	ASP000235	ICCTX013	matched_random_locus	CAG	0	mobile_only	4	0.11811869649998824	0
NEG_ICCTX013_019	0	ASP000235	ICCTX013	matched_random_locus	CTC	0	mobile_only	4	0.11811869649998824	0
NEG_ICCTX013_020	0	ASP000235	ICCTX013	matched_random_locus	TAA	0	mobile_only	4	0.11811869649998824	0
NEG_ICCTX013_021	0	ASP000235	ICCTX013	matched_random_locus	AGA	0	mobile_only	4	0.11811869649998824	0
NEG_ICCTX013_022	0	ASP000235	ICCTX013	matched_random_locus	TCA	0	mobile_only	4	0.11811869649998824	0
NEG_ICCTX013_023	0	ASP000235	ICCTX013	matched_random_locus	TAA	1	mobile_only	4	0.7451596719603985	1
NEG_ICCTX013_024	0	ASP000235	ICCTX013	matched_random_locus	TAT	0	mobile_only	4	0.11811869649998824	0
NEG_ICCTX013_025	0	ASP000235	ICCTX013	matched_random_locus	TAT	0	mobile_only	4	0.11811869649998824	0
NEG_ICCTX013_026	0	ASP000235	ICCTX013	matched_random_locus	TGC	0	mobile_only	4	0.11811869649998824	0
NEG_ICCTX013_027	0	ASP000235	ICCTX013	matched_random_locus	AAA	1	mobile_only	4	0.7451596719603985	1
NEG_ICCTX013_028	0	ASP000235	ICCTX013	matched_random_locus	ATT	0	mobile_only	4	0.11811869649998824	0
NEG_ICCTX013_029	0	ASP000235	ICCTX013	matched_random_locus	AAA	1	mobile_only	4	0.7451596719603985	1
NEG_ICCTX013_030	0	ASP000235	ICCTX013	matched_random_locus	TAC	0	mobile_only	4	0.11811869649998824	0
NEG_ICCTX013_031	0	ASP000235	ICCTX013	matched_random_locus	CCT	0	mobile_only	4	0.11811869649998824	0
NEG_ICCTX013_032	0	ASP000235	ICCTX013	matched_random_locus	CGG	0	mobile_only	4	0.11811869649998824	0
NEG_ICCTX013_033	0	ASP000235	ICCTX013	matched_random_locus	CAC	0	mobile_only	4	0.11811869649998824	0
NEG_ICCTX013_034	0	ASP000235	ICCTX013	matched_random_locus	AAA	0	mobile_only	4	0.11811869649998824	0
NEG_ICCTX013_035	0	ASP000235	ICCTX013	matched_random_locus	TTC	0	mobile_only	4	0.11811869649998824	0
NEG_ICCTX013_036	0	ASP000235	ICCTX013	matched_random_locus	GGC	0	mobile_only	4	0.11811869649998824	0
NEG_ICCTX013_037	0	ASP000235	ICCTX013	matched_random_locus	GAA	0	mobile_only	4	0.11811869649998824	0
NEG_ICCTX013_038	0	ASP000235	ICCTX013	matched_random_locus	ATT	0	mobile_only	4	0.11811869649998824	0
NEG_ICCTX013_039	0	ASP000235	ICCTX013	matched_random_locus	GGT	0	mobile_only	4	0.11811869649998824	0
NEG_ICCTX013_040	0	ASP000235	ICCTX013	matched_random_locus	GCA	1	mobile_only	4	0.7451596719603985	1
NEG_ICCTX013_041	0	ASP000235	ICCTX013	matched_random_locus	CCA	0	mobile_only	4	0.11811869649998824	0
NEG_ICCTX013_042	0	ASP000235	ICCTX013	matched_random_locus	GTT	0	mobile_only	4	0.11811869649998824	0
NEG_ICCTX013_043	0	ASP000235	ICCTX013	matched_random_locus	ATG	0	mobile_only	4	0.11811869649998824	0
NEG_ICCTX013_044	0	ASP000235	ICCTX013	matched_random_locus	CGT	0	mobile_only	4	0.11811869649998824	0
NEG_ICCTX013_045	0	ASP000235	ICCTX013	matched_random_locus	TTT	0	mobile_only	4	0.11811869649998824	0
NEG_ICCTX013_046	0	ASP000235	ICCTX013	matched_random_locus	TGT	0	mobile_only	4	0.11811869649998824	0
NEG_ICCTX013_047	0	ASP000235	ICCTX013	matched_random_locus	AGC	0	mobile_only	4	0.11811869649998824	0
NEG_ICCTX013_048	0	ASP000235	ICCTX013	matched_random_locus	CTG	0	mobile_only	4	0.11811869649998824	0
NEG_ICCTX013_049	0	ASP000235	ICCTX013	matched_random_locus	CAT	0	mobile_only	4	0.11811869649998824	0
NEG_ICCTX013_050	0	ASP000235	ICCTX013	matched_random_locus	ACG	0	mobile_only	4	0.11811869649998824	0
NEG_ICCTX013_051	0	ASP000235	ICCTX013	matched_random_locus	CAT	0	mobile_only	4	0.11811869649998824	0
NEG_ICCTX013_052	0	ASP000235	ICCTX013	matched_random_locus	TAT	0	mobile_only	4	0.11811869649998824	0
NEG_ICCTX013_053	0	ASP000235	ICCTX013	matched_random_locus	CTC	0	mobile_only	4	0.11811869649998824	0
NEG_ICCTX013_054	0	ASP000235	ICCTX013	matched_random_locus	CTC	0	mobile_only	4	0.11811869649998824	0
NEG_ICCTX013_055	0	ASP000235	ICCTX013	matched_random_locus	GAG	0	mobile_only	4	0.11811869649998824	0
NEG_ICCTX013_056	0	ASP000235	ICCTX013	matched_random_locus	TAT	1	mobile_only	4	0.7451596719603985	1
NEG_ICCTX013_057	0	ASP000235	ICCTX013	matched_random_locus	ACT	0	mobile_only	4	0.11811869649998824	0
NEG_ICCTX013_058	0	ASP000235	ICCTX013	matched_random_locus	AAT	0	mobile_only	4	0.11811869649998824	0
NEG_ICCTX013_059	0	ASP000235	ICCTX013	matched_random_locus	TTA	0	mobile_only	4	0.11811869649998824	0
NEG_ICCTX013_060	0	ASP000235	ICCTX013	matched_random_locus	GGG	0	mobile_only	4	0.11811869649998824	0
NEG_ICCTX013_061	0	ASP000235	ICCTX013	matched_random_locus	TTT	1	mobile_only	4	0.7451596719603985	1
NEG_ICCTX013_062	0	ASP000235	ICCTX013	matched_random_locus	ACC	0	mobile_only	4	0.11811869649998824	0
NEG_ICCTX013_063	0	ASP000235	ICCTX013	matched_random_locus	TGA	0	mobile_only	4	0.11811869649998824	0
NEG_ICCTX013_064	0	ASP000235	ICCTX013	matched_random_locus	CCA	0	mobile_only	4	0.11811869649998824	0
NEG_ICCTX013_065	0	ASP000235	ICCTX013	matched_random_locus	TTC	0	mobile_only	4	0.11811869649998824	0
NEG_ICCTX013_066	0	ASP000235	ICCTX013	matched_random_locus	CTG	0	mobile_only	4	0.11811869649998824	0
NEG_ICCTX013_067	0	ASP000235	ICCTX013	matched_random_locus	TTG	0	mobile_only	4	0.11811869649998824	0
NEG_ICCTX013_068	0	ASP000235	ICCTX013	matched_random_locus	TTG	0	mobile_only	4	0.11811869649998824	0
NEG_ICCTX013_069	0	ASP000235	ICCTX013	matched_random_locus	ACA	0	mobile_only	4	0.11811869649998824	0
NEG_ICCTX013_070	0	ASP000235	ICCTX013	matched_random_locus	CAA	0	mobile_only	4	0.11811869649998824	0
NEG_ICCTX013_071	0	ASP000235	ICCTX013	matched_random_locus	TCT	0	mobile_only	4	0.11811869649998824	0
NEG_ICCTX013_072	0	ASP000235	ICCTX013	matched_random_locus	CTG	0	mobile_only	4	0.11811869649998824	0
NEG_ICCTX013_073	0	ASP000235	ICCTX013	matched_random_locus	CTC	0	mobile_only	4	0.11811869649998824	0
NEG_ICCTX013_074	0	ASP000235	ICCTX013	matched_random_locus	GTG	0	mobile_only	4	0.11811869649998824	0
NEG_ICCTX013_075	0	ASP000235	ICCTX013	matched_random_locus	GGG	0	mobile_only	4	0.11811869649998824	0
NEG_ICCTX013_076	0	ASP000235	ICCTX013	matched_random_locus	GGC	0	mobile_only	4	0.11811869649998824	0
NEG_ICCTX013_077	0	ASP000235	ICCTX013	matched_random_locus	ATC	0	mobile_only	4	0.11811869649998824	0
NEG_ICCTX013_078	0	ASP000235	ICCTX013	matched_random_locus	TGG	0	mobile_only	4	0.11811869649998824	0
NEG_ICCTX013_079	0	ASP000235	ICCTX013	matched_random_locus	AAT	0	mobile_only	4	0.11811869649998824	0
NEG_ICCTX013_080	0	ASP000235	ICCTX013	matched_random_locus	ATC	0	mobile_only	4	0.11811869649998824	0
NEG_ICCTX013_081	0	ASP000235	ICCTX013	matched_random_locus	TGC	0	mobile_only	4	0.11811869649998824	0
NEG_ICCTX013_082	0	ASP000235	ICCTX013	matched_random_locus	GCT	0	mobile_only	4	0.11811869649998824	0
NEG_ICCTX013_083	0	ASP000235	ICCTX013	matched_random_locus	CAC	0	mobile_only	4	0.11811869649998824	0
NEG_ICCTX013_084	0	ASP000235	ICCTX013	matched_random_locus	AGT	0	mobile_only	4	0.11811869649998824	0
NEG_ICCTX013_085	0	ASP000235	ICCTX013	matched_random_locus	TAT	0	mobile_only	4	0.11811869649998824	0
NEG_ICCTX013_086	0	ASP000235	ICCTX013	matched_random_locus	AAC	0	mobile_only	4	0.11811869649998824	0
NEG_ICCTX013_087	0	ASP000235	ICCTX013	matched_random_locus	GTG	0	mobile_only	4	0.11811869649998824	0
NEG_ICCTX013_088	0	ASP000235	ICCTX013	matched_random_locus	TTG	0	mobile_only	4	0.11811869649998824	0
NEG_ICCTX013_089	0	ASP000235	ICCTX013	matched_random_locus	TGA	0	mobile_only	4	0.11811869649998824	0
NEG_ICCTX013_090	0	ASP000235	ICCTX013	matched_random_locus	ATC	0	mobile_only	4	0.11811869649998824	0
NEG_ICCTX013_091	0	ASP000235	ICCTX013	matched_random_locus	GGG	0	mobile_only	4	0.11811869649998824	0
NEG_ICCTX013_092	0	ASP000235	ICCTX013	matched_random_locus	GGC	0	mobile_only	4	0.11811869649998824	0
NEG_ICCTX013_093	0	ASP000235	ICCTX013	matched_random_locus	TCA	0	mobile_only	4	0.11811869649998824	0
NEG_ICCTX013_094	0	ASP000235	ICCTX013	matched_random_locus	CAT	0	mobile_only	4	0.11811869649998824	0
NEG_ICCTX013_095	0	ASP000235	ICCTX013	matched_random_locus	TGG	0	mobile_only	4	0.11811869649998824	0
NEG_ICCTX013_096	0	ASP000235	ICCTX013	matched_random_locus	TGG	0	mobile_only	4	0.11811869649998824	0
NEG_ICCTX013_097	0	ASP000235	ICCTX013	matched_random_locus	GAA	0	mobile_only	4	0.11811869649998824	0
NEG_ICCTX013_098	0	ASP000235	ICCTX013	matched_random_locus	AGC	0	mobile_only	4	0.11811869649998824	0
NEG_ICCTX013_099	0	ASP000235	ICCTX013	matched_random_locus	ACG	1	mobile_only	4	0.7451596719603985	1
NEG_ICCTX013_100	0	ASP000235	ICCTX013	matched_random_locus	CGT	0	mobile_only	4	0.11811869649998824	0
POS_ICCTX015	1	ASP000247	ICCTX015	observed_target	TTC	1	mobile_only	5	0.7611661854598204	1
NEG_ICCTX015_001	0	ASP000247	ICCTX015	matched_random_locus	TTC	1	mobile_only	5	0.7611661854598204	1
NEG_ICCTX015_002	0	ASP000247	ICCTX015	matched_random_locus	CCC	0	mobile_only	5	0.1072557520292522	0
NEG_ICCTX015_003	0	ASP000247	ICCTX015	matched_random_locus	AGA	0	mobile_only	5	0.1072557520292522	0
NEG_ICCTX015_004	0	ASP000247	ICCTX015	matched_random_locus	ATT	0	mobile_only	5	0.1072557520292522	0
NEG_ICCTX015_005	0	ASP000247	ICCTX015	matched_random_locus	CAA	1	mobile_only	5	0.7611661854598204	1
NEG_ICCTX015_006	0	ASP000247	ICCTX015	matched_random_locus	TCC	0	mobile_only	5	0.1072557520292522	0
NEG_ICCTX015_007	0	ASP000247	ICCTX015	matched_random_locus	TAG	1	mobile_only	5	0.7611661854598204	1
NEG_ICCTX015_008	0	ASP000247	ICCTX015	matched_random_locus	AAA	0	mobile_only	5	0.1072557520292522	0
NEG_ICCTX015_009	0	ASP000247	ICCTX015	matched_random_locus	TTT	0	mobile_only	5	0.1072557520292522	0
NEG_ICCTX015_010	0	ASP000247	ICCTX015	matched_random_locus	GAA	0	mobile_only	5	0.1072557520292522	0
NEG_ICCTX015_011	0	ASP000247	ICCTX015	matched_random_locus	ATA	0	mobile_only	5	0.1072557520292522	0
NEG_ICCTX015_012	0	ASP000247	ICCTX015	matched_random_locus	CTC	0	mobile_only	5	0.1072557520292522	0
NEG_ICCTX015_013	0	ASP000247	ICCTX015	matched_random_locus	TGT	1	mobile_only	5	0.7611661854598204	1
NEG_ICCTX015_014	0	ASP000247	ICCTX015	matched_random_locus	TAT	0	mobile_only	5	0.1072557520292522	0
NEG_ICCTX015_015	0	ASP000247	ICCTX015	matched_random_locus	CAC	0	mobile_only	5	0.1072557520292522	0
NEG_ICCTX015_016	0	ASP000247	ICCTX015	matched_random_locus	ATT	0	mobile_only	5	0.1072557520292522	0
NEG_ICCTX015_017	0	ASP000247	ICCTX015	matched_random_locus	GGC	0	mobile_only	5	0.1072557520292522	0
NEG_ICCTX015_018	0	ASP000247	ICCTX015	matched_random_locus	CAA	0	mobile_only	5	0.1072557520292522	0
NEG_ICCTX015_019	0	ASP000247	ICCTX015	matched_random_locus	TCT	1	mobile_only	5	0.7611661854598204	1
NEG_ICCTX015_020	0	ASP000247	ICCTX015	matched_random_locus	GGC	0	mobile_only	5	0.1072557520292522	0
NEG_ICCTX015_021	0	ASP000247	ICCTX015	matched_random_locus	AAA	0	mobile_only	5	0.1072557520292522	0
NEG_ICCTX015_022	0	ASP000247	ICCTX015	matched_random_locus	AGG	0	mobile_only	5	0.1072557520292522	0
NEG_ICCTX015_023	0	ASP000247	ICCTX015	matched_random_locus	TGC	0	mobile_only	5	0.1072557520292522	0
NEG_ICCTX015_024	0	ASP000247	ICCTX015	matched_random_locus	AAT	0	mobile_only	5	0.1072557520292522	0
NEG_ICCTX015_025	0	ASP000247	ICCTX015	matched_random_locus	GGA	0	mobile_only	5	0.1072557520292522	0
NEG_ICCTX015_026	0	ASP000247	ICCTX015	matched_random_locus	GGC	0	mobile_only	5	0.1072557520292522	0
NEG_ICCTX015_027	0	ASP000247	ICCTX015	matched_random_locus	ATG	0	mobile_only	5	0.1072557520292522	0
NEG_ICCTX015_028	0	ASP000247	ICCTX015	matched_random_locus	GGG	0	mobile_only	5	0.1072557520292522	0
NEG_ICCTX015_029	0	ASP000247	ICCTX015	matched_random_locus	ATT	1	mobile_only	5	0.7611661854598204	1
NEG_ICCTX015_030	0	ASP000247	ICCTX015	matched_random_locus	GCC	1	mobile_only	5	0.7611661854598204	1
NEG_ICCTX015_031	0	ASP000247	ICCTX015	matched_random_locus	ACT	0	mobile_only	5	0.1072557520292522	0
NEG_ICCTX015_032	0	ASP000247	ICCTX015	matched_random_locus	AAT	0	mobile_only	5	0.1072557520292522	0
NEG_ICCTX015_033	0	ASP000247	ICCTX015	matched_random_locus	CGG	0	mobile_only	5	0.1072557520292522	0
NEG_ICCTX015_034	0	ASP000247	ICCTX015	matched_random_locus	TGG	1	mobile_only	5	0.7611661854598204	1
NEG_ICCTX015_035	0	ASP000247	ICCTX015	matched_random_locus	AAG	0	mobile_only	5	0.1072557520292522	0
NEG_ICCTX015_036	0	ASP000247	ICCTX015	matched_random_locus	TTT	0	mobile_only	5	0.1072557520292522	0
NEG_ICCTX015_037	0	ASP000247	ICCTX015	matched_random_locus	TAC	1	mobile_only	5	0.7611661854598204	1
NEG_ICCTX015_038	0	ASP000247	ICCTX015	matched_random_locus	GGT	0	mobile_only	5	0.1072557520292522	0
NEG_ICCTX015_039	0	ASP000247	ICCTX015	matched_random_locus	ATT	0	mobile_only	5	0.1072557520292522	0
NEG_ICCTX015_040	0	ASP000247	ICCTX015	matched_random_locus	TCG	0	mobile_only	5	0.1072557520292522	0
NEG_ICCTX015_041	0	ASP000247	ICCTX015	matched_random_locus	TCG	0	mobile_only	5	0.1072557520292522	0
NEG_ICCTX015_042	0	ASP000247	ICCTX015	matched_random_locus	TTG	0	mobile_only	5	0.1072557520292522	0
NEG_ICCTX015_043	0	ASP000247	ICCTX015	matched_random_locus	CTA	0	mobile_only	5	0.1072557520292522	0
NEG_ICCTX015_044	0	ASP000247	ICCTX015	matched_random_locus	TTC	1	mobile_only	5	0.7611661854598204	1
NEG_ICCTX015_045	0	ASP000247	ICCTX015	matched_random_locus	CAT	0	mobile_only	5	0.1072557520292522	0
NEG_ICCTX015_046	0	ASP000247	ICCTX015	matched_random_locus	TAG	0	mobile_only	5	0.1072557520292522	0
NEG_ICCTX015_047	0	ASP000247	ICCTX015	matched_random_locus	ATG	0	mobile_only	5	0.1072557520292522	0
NEG_ICCTX015_048	0	ASP000247	ICCTX015	matched_random_locus	GGA	1	mobile_only	5	0.7611661854598204	1
NEG_ICCTX015_049	0	ASP000247	ICCTX015	matched_random_locus	CGG	0	mobile_only	5	0.1072557520292522	0
NEG_ICCTX015_050	0	ASP000247	ICCTX015	matched_random_locus	AAC	0	mobile_only	5	0.1072557520292522	0
NEG_ICCTX015_051	0	ASP000247	ICCTX015	matched_random_locus	TCT	0	mobile_only	5	0.1072557520292522	0
NEG_ICCTX015_052	0	ASP000247	ICCTX015	matched_random_locus	CAT	1	mobile_only	5	0.7611661854598204	1
NEG_ICCTX015_053	0	ASP000247	ICCTX015	matched_random_locus	TCA	0	mobile_only	5	0.1072557520292522	0
NEG_ICCTX015_054	0	ASP000247	ICCTX015	matched_random_locus	TGA	0	mobile_only	5	0.1072557520292522	0
NEG_ICCTX015_055	0	ASP000247	ICCTX015	matched_random_locus	CGG	0	mobile_only	5	0.1072557520292522	0
NEG_ICCTX015_056	0	ASP000247	ICCTX015	matched_random_locus	GAA	0	mobile_only	5	0.1072557520292522	0
NEG_ICCTX015_057	0	ASP000247	ICCTX015	matched_random_locus	GCC	0	mobile_only	5	0.1072557520292522	0
NEG_ICCTX015_058	0	ASP000247	ICCTX015	matched_random_locus	AAT	0	mobile_only	5	0.1072557520292522	0
NEG_ICCTX015_059	0	ASP000247	ICCTX015	matched_random_locus	ATT	0	mobile_only	5	0.1072557520292522	0
NEG_ICCTX015_060	0	ASP000247	ICCTX015	matched_random_locus	ATA	0	mobile_only	5	0.1072557520292522	0
NEG_ICCTX015_061	0	ASP000247	ICCTX015	matched_random_locus	CAA	0	mobile_only	5	0.1072557520292522	0
NEG_ICCTX015_062	0	ASP000247	ICCTX015	matched_random_locus	GTG	0	mobile_only	5	0.1072557520292522	0
NEG_ICCTX015_063	0	ASP000247	ICCTX015	matched_random_locus	TAT	0	mobile_only	5	0.1072557520292522	0
NEG_ICCTX015_064	0	ASP000247	ICCTX015	matched_random_locus	GAA	0	mobile_only	5	0.1072557520292522	0
NEG_ICCTX015_065	0	ASP000247	ICCTX015	matched_random_locus	CTT	0	mobile_only	5	0.1072557520292522	0
NEG_ICCTX015_066	0	ASP000247	ICCTX015	matched_random_locus	TCC	0	mobile_only	5	0.1072557520292522	0
NEG_ICCTX015_067	0	ASP000247	ICCTX015	matched_random_locus	GTA	0	mobile_only	5	0.1072557520292522	0
NEG_ICCTX015_068	0	ASP000247	ICCTX015	matched_random_locus	CCC	0	mobile_only	5	0.1072557520292522	0
NEG_ICCTX015_069	0	ASP000247	ICCTX015	matched_random_locus	TGA	0	mobile_only	5	0.1072557520292522	0
NEG_ICCTX015_070	0	ASP000247	ICCTX015	matched_random_locus	GAA	0	mobile_only	5	0.1072557520292522	0
NEG_ICCTX015_071	0	ASP000247	ICCTX015	matched_random_locus	TTA	0	mobile_only	5	0.1072557520292522	0
NEG_ICCTX015_072	0	ASP000247	ICCTX015	matched_random_locus	ATA	0	mobile_only	5	0.1072557520292522	0
NEG_ICCTX015_073	0	ASP000247	ICCTX015	matched_random_locus	CCA	0	mobile_only	5	0.1072557520292522	0
NEG_ICCTX015_074	0	ASP000247	ICCTX015	matched_random_locus	AAT	0	mobile_only	5	0.1072557520292522	0
NEG_ICCTX015_075	0	ASP000247	ICCTX015	matched_random_locus	AAT	0	mobile_only	5	0.1072557520292522	0
NEG_ICCTX015_076	0	ASP000247	ICCTX015	matched_random_locus	CGT	0	mobile_only	5	0.1072557520292522	0
NEG_ICCTX015_077	0	ASP000247	ICCTX015	matched_random_locus	AAA	0	mobile_only	5	0.1072557520292522	0
NEG_ICCTX015_078	0	ASP000247	ICCTX015	matched_random_locus	CCT	0	mobile_only	5	0.1072557520292522	0
NEG_ICCTX015_079	0	ASP000247	ICCTX015	matched_random_locus	TGG	0	mobile_only	5	0.1072557520292522	0
NEG_ICCTX015_080	0	ASP000247	ICCTX015	matched_random_locus	AAC	0	mobile_only	5	0.1072557520292522	0
NEG_ICCTX015_081	0	ASP000247	ICCTX015	matched_random_locus	TGC	0	mobile_only	5	0.1072557520292522	0
NEG_ICCTX015_082	0	ASP000247	ICCTX015	matched_random_locus	GCG	1	mobile_only	5	0.7611661854598204	1
NEG_ICCTX015_083	0	ASP000247	ICCTX015	matched_random_locus	CGT	0	mobile_only	5	0.1072557520292522	0
NEG_ICCTX015_084	0	ASP000247	ICCTX015	matched_random_locus	ATA	0	mobile_only	5	0.1072557520292522	0
NEG_ICCTX015_085	0	ASP000247	ICCTX015	matched_random_locus	ATG	0	mobile_only	5	0.1072557520292522	0
NEG_ICCTX015_086	0	ASP000247	ICCTX015	matched_random_locus	GTT	1	mobile_only	5	0.7611661854598204	1
NEG_ICCTX015_087	0	ASP000247	ICCTX015	matched_random_locus	CGA	0	mobile_only	5	0.1072557520292522	0
NEG_ICCTX015_088	0	ASP000247	ICCTX015	matched_random_locus	TTT	0	mobile_only	5	0.1072557520292522	0
NEG_ICCTX015_089	0	ASP000247	ICCTX015	matched_random_locus	CAG	0	mobile_only	5	0.1072557520292522	0
NEG_ICCTX015_090	0	ASP000247	ICCTX015	matched_random_locus	GAG	1	mobile_only	5	0.7611661854598204	1
NEG_ICCTX015_091	0	ASP000247	ICCTX015	matched_random_locus	ACA	0	mobile_only	5	0.1072557520292522	0
NEG_ICCTX015_092	0	ASP000247	ICCTX015	matched_random_locus	ATC	1	mobile_only	5	0.7611661854598204	1
NEG_ICCTX015_093	0	ASP000247	ICCTX015	matched_random_locus	ACG	0	mobile_only	5	0.1072557520292522	0
NEG_ICCTX015_094	0	ASP000247	ICCTX015	matched_random_locus	AAT	0	mobile_only	5	0.1072557520292522	0
NEG_ICCTX015_095	0	ASP000247	ICCTX015	matched_random_locus	GAG	0	mobile_only	5	0.1072557520292522	0
NEG_ICCTX015_096	0	ASP000247	ICCTX015	matched_random_locus	TAT	0	mobile_only	5	0.1072557520292522	0
NEG_ICCTX015_097	0	ASP000247	ICCTX015	matched_random_locus	ATG	0	mobile_only	5	0.1072557520292522	0
NEG_ICCTX015_098	0	ASP000247	ICCTX015	matched_random_locus	GAG	0	mobile_only	5	0.1072557520292522	0
NEG_ICCTX015_099	0	ASP000247	ICCTX015	matched_random_locus	CAT	0	mobile_only	5	0.1072557520292522	0
NEG_ICCTX015_100	0	ASP000247	ICCTX015	matched_random_locus	AGC	0	mobile_only	5	0.1072557520292522	0
POS_ICCTX016	1	ASP000248	ICCTX016	observed_target	TTC	1	mobile_only	4	0.7451596719603985	1
NEG_ICCTX016_001	0	ASP000248	ICCTX016	matched_random_locus	AAC	0	mobile_only	4	0.11811869649998824	0
NEG_ICCTX016_002	0	ASP000248	ICCTX016	matched_random_locus	GGC	0	mobile_only	4	0.11811869649998824	0
NEG_ICCTX016_003	0	ASP000248	ICCTX016	matched_random_locus	AAA	0	mobile_only	4	0.11811869649998824	0
NEG_ICCTX016_004	0	ASP000248	ICCTX016	matched_random_locus	TAT	1	mobile_only	4	0.7451596719603985	1
NEG_ICCTX016_005	0	ASP000248	ICCTX016	matched_random_locus	CAT	0	mobile_only	4	0.11811869649998824	0
NEG_ICCTX016_006	0	ASP000248	ICCTX016	matched_random_locus	AAA	0	mobile_only	4	0.11811869649998824	0
NEG_ICCTX016_007	0	ASP000248	ICCTX016	matched_random_locus	AGC	0	mobile_only	4	0.11811869649998824	0
NEG_ICCTX016_008	0	ASP000248	ICCTX016	matched_random_locus	AGG	1	mobile_only	4	0.7451596719603985	1
NEG_ICCTX016_009	0	ASP000248	ICCTX016	matched_random_locus	ATT	0	mobile_only	4	0.11811869649998824	0
NEG_ICCTX016_010	0	ASP000248	ICCTX016	matched_random_locus	GCT	0	mobile_only	4	0.11811869649998824	0
NEG_ICCTX016_011	0	ASP000248	ICCTX016	matched_random_locus	CGA	0	mobile_only	4	0.11811869649998824	0
NEG_ICCTX016_012	0	ASP000248	ICCTX016	matched_random_locus	CGA	0	mobile_only	4	0.11811869649998824	0
NEG_ICCTX016_013	0	ASP000248	ICCTX016	matched_random_locus	CGG	0	mobile_only	4	0.11811869649998824	0
NEG_ICCTX016_014	0	ASP000248	ICCTX016	matched_random_locus	GAA	1	mobile_only	4	0.7451596719603985	1
NEG_ICCTX016_015	0	ASP000248	ICCTX016	matched_random_locus	GCA	1	mobile_only	4	0.7451596719603985	1
NEG_ICCTX016_016	0	ASP000248	ICCTX016	matched_random_locus	CCT	0	mobile_only	4	0.11811869649998824	0
NEG_ICCTX016_017	0	ASP000248	ICCTX016	matched_random_locus	CGA	0	mobile_only	4	0.11811869649998824	0
NEG_ICCTX016_018	0	ASP000248	ICCTX016	matched_random_locus	GAT	0	mobile_only	4	0.11811869649998824	0
NEG_ICCTX016_019	0	ASP000248	ICCTX016	matched_random_locus	GAT	1	mobile_only	4	0.7451596719603985	1
NEG_ICCTX016_020	0	ASP000248	ICCTX016	matched_random_locus	TCT	1	mobile_only	4	0.7451596719603985	1
NEG_ICCTX016_021	0	ASP000248	ICCTX016	matched_random_locus	GCG	0	mobile_only	4	0.11811869649998824	0
NEG_ICCTX016_022	0	ASP000248	ICCTX016	matched_random_locus	GGT	0	mobile_only	4	0.11811869649998824	0
NEG_ICCTX016_023	0	ASP000248	ICCTX016	matched_random_locus	GGT	0	mobile_only	4	0.11811869649998824	0
NEG_ICCTX016_024	0	ASP000248	ICCTX016	matched_random_locus	AAC	0	mobile_only	4	0.11811869649998824	0
NEG_ICCTX016_025	0	ASP000248	ICCTX016	matched_random_locus	CGA	0	mobile_only	4	0.11811869649998824	0
NEG_ICCTX016_026	0	ASP000248	ICCTX016	matched_random_locus	GAC	0	mobile_only	4	0.11811869649998824	0
NEG_ICCTX016_027	0	ASP000248	ICCTX016	matched_random_locus	CAG	1	mobile_only	4	0.7451596719603985	1
NEG_ICCTX016_028	0	ASP000248	ICCTX016	matched_random_locus	TTC	1	mobile_only	4	0.7451596719603985	1
NEG_ICCTX016_029	0	ASP000248	ICCTX016	matched_random_locus	GTT	0	mobile_only	4	0.11811869649998824	0
NEG_ICCTX016_030	0	ASP000248	ICCTX016	matched_random_locus	TTG	0	mobile_only	4	0.11811869649998824	0
NEG_ICCTX016_031	0	ASP000248	ICCTX016	matched_random_locus	GAA	0	mobile_only	4	0.11811869649998824	0
NEG_ICCTX016_032	0	ASP000248	ICCTX016	matched_random_locus	ATC	1	mobile_only	4	0.7451596719603985	1
NEG_ICCTX016_033	0	ASP000248	ICCTX016	matched_random_locus	AGG	0	mobile_only	4	0.11811869649998824	0
NEG_ICCTX016_034	0	ASP000248	ICCTX016	matched_random_locus	TTT	0	mobile_only	4	0.11811869649998824	0
NEG_ICCTX016_035	0	ASP000248	ICCTX016	matched_random_locus	AAG	0	mobile_only	4	0.11811869649998824	0
NEG_ICCTX016_036	0	ASP000248	ICCTX016	matched_random_locus	CTG	1	mobile_only	4	0.7451596719603985	1
NEG_ICCTX016_037	0	ASP000248	ICCTX016	matched_random_locus	CCG	0	mobile_only	4	0.11811869649998824	0
NEG_ICCTX016_038	0	ASP000248	ICCTX016	matched_random_locus	CCT	0	mobile_only	4	0.11811869649998824	0
NEG_ICCTX016_039	0	ASP000248	ICCTX016	matched_random_locus	CAT	0	mobile_only	4	0.11811869649998824	0
NEG_ICCTX016_040	0	ASP000248	ICCTX016	matched_random_locus	GCC	0	mobile_only	4	0.11811869649998824	0
NEG_ICCTX016_041	0	ASP000248	ICCTX016	matched_random_locus	CTC	0	mobile_only	4	0.11811869649998824	0
NEG_ICCTX016_042	0	ASP000248	ICCTX016	matched_random_locus	ATA	0	mobile_only	4	0.11811869649998824	0
NEG_ICCTX016_043	0	ASP000248	ICCTX016	matched_random_locus	TTA	0	mobile_only	4	0.11811869649998824	0
NEG_ICCTX016_044	0	ASP000248	ICCTX016	matched_random_locus	TGT	1	mobile_only	4	0.7451596719603985	1
NEG_ICCTX016_045	0	ASP000248	ICCTX016	matched_random_locus	CGT	0	mobile_only	4	0.11811869649998824	0
NEG_ICCTX016_046	0	ASP000248	ICCTX016	matched_random_locus	GCC	0	mobile_only	4	0.11811869649998824	0
NEG_ICCTX016_047	0	ASP000248	ICCTX016	matched_random_locus	AAA	0	mobile_only	4	0.11811869649998824	0
NEG_ICCTX016_048	0	ASP000248	ICCTX016	matched_random_locus	ACA	0	mobile_only	4	0.11811869649998824	0
NEG_ICCTX016_049	0	ASP000248	ICCTX016	matched_random_locus	AAA	0	mobile_only	4	0.11811869649998824	0
NEG_ICCTX016_050	0	ASP000248	ICCTX016	matched_random_locus	CCC	0	mobile_only	4	0.11811869649998824	0
NEG_ICCTX016_051	0	ASP000248	ICCTX016	matched_random_locus	TAT	1	mobile_only	4	0.7451596719603985	1
NEG_ICCTX016_052	0	ASP000248	ICCTX016	matched_random_locus	ATC	0	mobile_only	4	0.11811869649998824	0
NEG_ICCTX016_053	0	ASP000248	ICCTX016	matched_random_locus	CTG	0	mobile_only	4	0.11811869649998824	0
NEG_ICCTX016_054	0	ASP000248	ICCTX016	matched_random_locus	AAA	0	mobile_only	4	0.11811869649998824	0
NEG_ICCTX016_055	0	ASP000248	ICCTX016	matched_random_locus	GAA	0	mobile_only	4	0.11811869649998824	0
NEG_ICCTX016_056	0	ASP000248	ICCTX016	matched_random_locus	CGC	0	mobile_only	4	0.11811869649998824	0
NEG_ICCTX016_057	0	ASP000248	ICCTX016	matched_random_locus	AAA	0	mobile_only	4	0.11811869649998824	0
NEG_ICCTX016_058	0	ASP000248	ICCTX016	matched_random_locus	CTG	0	mobile_only	4	0.11811869649998824	0
NEG_ICCTX016_059	0	ASP000248	ICCTX016	matched_random_locus	GAA	0	mobile_only	4	0.11811869649998824	0
NEG_ICCTX016_060	0	ASP000248	ICCTX016	matched_random_locus	TGG	0	mobile_only	4	0.11811869649998824	0
NEG_ICCTX016_061	0	ASP000248	ICCTX016	matched_random_locus	GCA	0	mobile_only	4	0.11811869649998824	0
NEG_ICCTX016_062	0	ASP000248	ICCTX016	matched_random_locus	ACT	1	mobile_only	4	0.7451596719603985	1
NEG_ICCTX016_063	0	ASP000248	ICCTX016	matched_random_locus	GTC	0	mobile_only	4	0.11811869649998824	0
NEG_ICCTX016_064	0	ASP000248	ICCTX016	matched_random_locus	TGC	0	mobile_only	4	0.11811869649998824	0
NEG_ICCTX016_065	0	ASP000248	ICCTX016	matched_random_locus	CCA	0	mobile_only	4	0.11811869649998824	0
NEG_ICCTX016_066	0	ASP000248	ICCTX016	matched_random_locus	CCT	0	mobile_only	4	0.11811869649998824	0
NEG_ICCTX016_067	0	ASP000248	ICCTX016	matched_random_locus	ATC	0	mobile_only	4	0.11811869649998824	0
NEG_ICCTX016_068	0	ASP000248	ICCTX016	matched_random_locus	GTG	0	mobile_only	4	0.11811869649998824	0
NEG_ICCTX016_069	0	ASP000248	ICCTX016	matched_random_locus	AGA	0	mobile_only	4	0.11811869649998824	0
NEG_ICCTX016_070	0	ASP000248	ICCTX016	matched_random_locus	AAT	0	mobile_only	4	0.11811869649998824	0
NEG_ICCTX016_071	0	ASP000248	ICCTX016	matched_random_locus	GCC	0	mobile_only	4	0.11811869649998824	0
NEG_ICCTX016_072	0	ASP000248	ICCTX016	matched_random_locus	TGC	1	mobile_only	4	0.7451596719603985	1
NEG_ICCTX016_073	0	ASP000248	ICCTX016	matched_random_locus	TCA	0	mobile_only	4	0.11811869649998824	0
NEG_ICCTX016_074	0	ASP000248	ICCTX016	matched_random_locus	CCA	0	mobile_only	4	0.11811869649998824	0
NEG_ICCTX016_075	0	ASP000248	ICCTX016	matched_random_locus	TAC	0	mobile_only	4	0.11811869649998824	0
NEG_ICCTX016_076	0	ASP000248	ICCTX016	matched_random_locus	ACT	1	mobile_only	4	0.7451596719603985	1
NEG_ICCTX016_077	0	ASP000248	ICCTX016	matched_random_locus	TGT	0	mobile_only	4	0.11811869649998824	0
NEG_ICCTX016_078	0	ASP000248	ICCTX016	matched_random_locus	ATT	0	mobile_only	4	0.11811869649998824	0
NEG_ICCTX016_079	0	ASP000248	ICCTX016	matched_random_locus	TTA	1	mobile_only	4	0.7451596719603985	1
NEG_ICCTX016_080	0	ASP000248	ICCTX016	matched_random_locus	CGG	0	mobile_only	4	0.11811869649998824	0
NEG_ICCTX016_081	0	ASP000248	ICCTX016	matched_random_locus	AAT	0	mobile_only	4	0.11811869649998824	0
NEG_ICCTX016_082	0	ASP000248	ICCTX016	matched_random_locus	GAC	0	mobile_only	4	0.11811869649998824	0
NEG_ICCTX016_083	0	ASP000248	ICCTX016	matched_random_locus	ATA	0	mobile_only	4	0.11811869649998824	0
NEG_ICCTX016_084	0	ASP000248	ICCTX016	matched_random_locus	GTT	0	mobile_only	4	0.11811869649998824	0
NEG_ICCTX016_085	0	ASP000248	ICCTX016	matched_random_locus	ACG	0	mobile_only	4	0.11811869649998824	0
NEG_ICCTX016_086	0	ASP000248	ICCTX016	matched_random_locus	AAT	0	mobile_only	4	0.11811869649998824	0
NEG_ICCTX016_087	0	ASP000248	ICCTX016	matched_random_locus	AGT	0	mobile_only	4	0.11811869649998824	0
NEG_ICCTX016_088	0	ASP000248	ICCTX016	matched_random_locus	CCA	0	mobile_only	4	0.11811869649998824	0
NEG_ICCTX016_089	0	ASP000248	ICCTX016	matched_random_locus	CTG	0	mobile_only	4	0.11811869649998824	0
NEG_ICCTX016_090	0	ASP000248	ICCTX016	matched_random_locus	TGT	0	mobile_only	4	0.11811869649998824	0
NEG_ICCTX016_091	0	ASP000248	ICCTX016	matched_random_locus	CGG	0	mobile_only	4	0.11811869649998824	0
NEG_ICCTX016_092	0	ASP000248	ICCTX016	matched_random_locus	TGG	0	mobile_only	4	0.11811869649998824	0
NEG_ICCTX016_093	0	ASP000248	ICCTX016	matched_random_locus	CAG	0	mobile_only	4	0.11811869649998824	0
NEG_ICCTX016_094	0	ASP000248	ICCTX016	matched_random_locus	TAG	0	mobile_only	4	0.11811869649998824	0
NEG_ICCTX016_095	0	ASP000248	ICCTX016	matched_random_locus	ATA	0	mobile_only	4	0.11811869649998824	0
NEG_ICCTX016_096	0	ASP000248	ICCTX016	matched_random_locus	TCT	0	mobile_only	4	0.11811869649998824	0
NEG_ICCTX016_097	0	ASP000248	ICCTX016	matched_random_locus	CCC	0	mobile_only	4	0.11811869649998824	0
NEG_ICCTX016_098	0	ASP000248	ICCTX016	matched_random_locus	CCT	0	mobile_only	4	0.11811869649998824	0
NEG_ICCTX016_099	0	ASP000248	ICCTX016	matched_random_locus	ATG	0	mobile_only	4	0.11811869649998824	0
NEG_ICCTX016_100	0	ASP000248	ICCTX016	matched_random_locus	GGG	0	mobile_only	4	0.11811869649998824	0
POS_ICCTX001	1	ASP000006	ICCTX001	observed_target	TTC	1	pam_plus_mobile	1	0.9631627991952915	1
NEG_ICCTX001_001	0	ASP000006	ICCTX001	matched_random_locus	CTA	1	pam_plus_mobile	1	0.07125836037604362	0
NEG_ICCTX001_002	0	ASP000006	ICCTX001	matched_random_locus	TCT	1	pam_plus_mobile	1	0.012171779320210133	0
NEG_ICCTX001_003	0	ASP000006	ICCTX001	matched_random_locus	TTA	1	pam_plus_mobile	1	0.6448139962298254	1
NEG_ICCTX001_004	0	ASP000006	ICCTX001	matched_random_locus	GAG	1	pam_plus_mobile	1	0.0020776114777907636	0
NEG_ICCTX001_005	0	ASP000006	ICCTX001	matched_random_locus	AAA	1	pam_plus_mobile	1	0.035141965698577964	0
NEG_ICCTX001_006	0	ASP000006	ICCTX001	matched_random_locus	TAT	0	pam_plus_mobile	1	0.002385459988223039	0
NEG_ICCTX001_007	0	ASP000006	ICCTX001	matched_random_locus	GGC	1	pam_plus_mobile	1	0.021787750111064378	0
NEG_ICCTX001_008	0	ASP000006	ICCTX001	matched_random_locus	ATC	0	pam_plus_mobile	1	0.16318931500333425	0
NEG_ICCTX001_009	0	ASP000006	ICCTX001	matched_random_locus	TGG	1	pam_plus_mobile	1	0.007835545843757162	0
NEG_ICCTX001_010	0	ASP000006	ICCTX001	matched_random_locus	CGA	1	pam_plus_mobile	1	0.0016820941213471696	0
NEG_ICCTX001_011	0	ASP000006	ICCTX001	matched_random_locus	TTA	0	pam_plus_mobile	1	0.09150893313545201	0
NEG_ICCTX001_012	0	ASP000006	ICCTX001	matched_random_locus	CTT	0	pam_plus_mobile	1	0.000676676149738377	0
NEG_ICCTX001_013	0	ASP000006	ICCTX001	matched_random_locus	AAA	0	pam_plus_mobile	1	0.0020167409106591422	0
NEG_ICCTX001_014	0	ASP000006	ICCTX001	matched_random_locus	ATT	1	pam_plus_mobile	1	0.03736766664171322	0
NEG_ICCTX001_015	0	ASP000006	ICCTX001	matched_random_locus	TAC	0	pam_plus_mobile	1	0.17797504672254374	0
NEG_ICCTX001_016	0	ASP000006	ICCTX001	matched_random_locus	AGC	0	pam_plus_mobile	1	0.004264313245107003	0
NEG_ICCTX001_017	0	ASP000006	ICCTX001	matched_random_locus	GTC	1	pam_plus_mobile	1	0.5035336978244593	1
NEG_ICCTX001_018	0	ASP000006	ICCTX001	matched_random_locus	CTG	0	pam_plus_mobile	1	0.0008425690568001245	0
NEG_ICCTX001_019	0	ASP000006	ICCTX001	matched_random_locus	TGC	1	pam_plus_mobile	1	0.36475158796204427	0
NEG_ICCTX001_020	0	ASP000006	ICCTX001	matched_random_locus	CAT	1	pam_plus_mobile	1	0.0018180973546352895	0
NEG_ICCTX001_021	0	ASP000006	ICCTX001	matched_random_locus	ATG	0	pam_plus_mobile	1	0.002675057810699141	0
NEG_ICCTX001_022	0	ASP000006	ICCTX001	matched_random_locus	CTA	0	pam_plus_mobile	1	0.004238969123069939	0
NEG_ICCTX001_023	0	ASP000006	ICCTX001	matched_random_locus	GCA	0	pam_plus_mobile	1	0.00016669417578894097	0
NEG_ICCTX001_024	0	ASP000006	ICCTX001	matched_random_locus	CGA	0	pam_plus_mobile	1	9.347706178538445e-05	0
NEG_ICCTX001_025	0	ASP000006	ICCTX001	matched_random_locus	CAT	0	pam_plus_mobile	1	0.00010104801242434531	0
NEG_ICCTX001_026	0	ASP000006	ICCTX001	matched_random_locus	AGC	1	pam_plus_mobile	1	0.07165556828532263	0
NEG_ICCTX001_027	0	ASP000006	ICCTX001	matched_random_locus	GTC	1	pam_plus_mobile	1	0.5035336978244593	1
NEG_ICCTX001_028	0	ASP000006	ICCTX001	matched_random_locus	AAT	1	pam_plus_mobile	1	0.005760014503031618	0
NEG_ICCTX001_029	0	ASP000006	ICCTX001	matched_random_locus	ATC	1	pam_plus_mobile	1	0.778506113368446	1
NEG_ICCTX001_030	0	ASP000006	ICCTX001	matched_random_locus	TAT	0	pam_plus_mobile	1	0.002385459988223039	0
NEG_ICCTX001_031	0	ASP000006	ICCTX001	matched_random_locus	AAA	0	pam_plus_mobile	1	0.0020167409106591422	0
NEG_ICCTX001_032	0	ASP000006	ICCTX001	matched_random_locus	GAA	1	pam_plus_mobile	1	0.010400650786291628	0
NEG_ICCTX001_033	0	ASP000006	ICCTX001	matched_random_locus	TGG	1	pam_plus_mobile	1	0.007835545843757162	0
NEG_ICCTX001_034	0	ASP000006	ICCTX001	matched_random_locus	CTG	0	pam_plus_mobile	1	0.0008425690568001245	0
NEG_ICCTX001_035	0	ASP000006	ICCTX001	matched_random_locus	AAA	0	pam_plus_mobile	1	0.0020167409106591422	0
NEG_ICCTX001_036	0	ASP000006	ICCTX001	matched_random_locus	ACA	1	pam_plus_mobile	1	0.010306021744763201	0
NEG_ICCTX001_037	0	ASP000006	ICCTX001	matched_random_locus	TCG	0	pam_plus_mobile	1	0.0008506756393923495	0
NEG_ICCTX001_038	0	ASP000006	ICCTX001	matched_random_locus	TGG	1	pam_plus_mobile	1	0.007835545843757162	0
NEG_ICCTX001_039	0	ASP000006	ICCTX001	matched_random_locus	CTT	0	pam_plus_mobile	1	0.000676676149738377	0
NEG_ICCTX001_040	0	ASP000006	ICCTX001	matched_random_locus	ATT	0	pam_plus_mobile	1	0.002149143371564621	0
NEG_ICCTX001_041	0	ASP000006	ICCTX001	matched_random_locus	CAA	0	pam_plus_mobile	1	0.0006349303824756181	0
NEG_ICCTX001_042	0	ASP000006	ICCTX001	matched_random_locus	ACT	1	pam_plus_mobile	1	0.0016536404380517705	0
NEG_ICCTX001_043	0	ASP000006	ICCTX001	matched_random_locus	ATG	1	pam_plus_mobile	1	0.04611358999255706	0
NEG_ICCTX001_044	0	ASP000006	ICCTX001	matched_random_locus	CTG	0	pam_plus_mobile	1	0.0008425690568001245	0
NEG_ICCTX001_045	0	ASP000006	ICCTX001	matched_random_locus	CAA	1	pam_plus_mobile	1	0.011321212463133706	0
NEG_ICCTX001_046	0	ASP000006	ICCTX001	matched_random_locus	CAC	0	pam_plus_mobile	1	0.009067353494907428	0
NEG_ICCTX001_047	0	ASP000006	ICCTX001	matched_random_locus	GCG	0	pam_plus_mobile	1	3.3025160703364e-05	0
NEG_ICCTX001_048	0	ASP000006	ICCTX001	matched_random_locus	TTT	1	pam_plus_mobile	1	0.22406485964388764	0
NEG_ICCTX001_049	0	ASP000006	ICCTX001	matched_random_locus	TTA	0	pam_plus_mobile	1	0.09150893313545201	0
NEG_ICCTX001_050	0	ASP000006	ICCTX001	matched_random_locus	ATG	1	pam_plus_mobile	1	0.04611358999255706	0
NEG_ICCTX001_051	0	ASP000006	ICCTX001	matched_random_locus	CGA	1	pam_plus_mobile	1	0.0016820941213471696	0
NEG_ICCTX001_052	0	ASP000006	ICCTX001	matched_random_locus	AGA	1	pam_plus_mobile	1	0.005330709920725243	0
NEG_ICCTX001_053	0	ASP000006	ICCTX001	matched_random_locus	TGC	0	pam_plus_mobile	1	0.030874356025864226	0
NEG_ICCTX001_054	0	ASP000006	ICCTX001	matched_random_locus	TTA	1	pam_plus_mobile	1	0.6448139962298254	1
NEG_ICCTX001_055	0	ASP000006	ICCTX001	matched_random_locus	CCT	1	pam_plus_mobile	1	0.0005204857381882743	0
NEG_ICCTX001_056	0	ASP000006	ICCTX001	matched_random_locus	CCC	1	pam_plus_mobile	1	0.04502875902413709	0
NEG_ICCTX001_057	0	ASP000006	ICCTX001	matched_random_locus	CCA	1	pam_plus_mobile	1	0.0032632151189630407	0
NEG_ICCTX001_058	0	ASP000006	ICCTX001	matched_random_locus	AGA	0	pam_plus_mobile	1	0.00029726340006381853	0
NEG_ICCTX001_059	0	ASP000006	ICCTX001	matched_random_locus	AGA	1	pam_plus_mobile	1	0.005330709920725243	0
NEG_ICCTX001_060	0	ASP000006	ICCTX001	matched_random_locus	AGC	1	pam_plus_mobile	1	0.07165556828532263	0
NEG_ICCTX001_061	0	ASP000006	ICCTX001	matched_random_locus	CGG	0	pam_plus_mobile	1	1.8518425766725158e-05	0
NEG_ICCTX001_062	0	ASP000006	ICCTX001	matched_random_locus	TGC	1	pam_plus_mobile	1	0.36475158796204427	0
NEG_ICCTX001_063	0	ASP000006	ICCTX001	matched_random_locus	CCT	0	pam_plus_mobile	1	2.8892598857480167e-05	0
NEG_ICCTX001_064	0	ASP000006	ICCTX001	matched_random_locus	TTA	1	pam_plus_mobile	1	0.6448139962298254	1
NEG_ICCTX001_065	0	ASP000006	ICCTX001	matched_random_locus	TTC	0	pam_plus_mobile	1	0.5919531452781956	1
NEG_ICCTX001_066	0	ASP000006	ICCTX001	matched_random_locus	ATT	1	pam_plus_mobile	1	0.03736766664171322	0
NEG_ICCTX001_067	0	ASP000006	ICCTX001	matched_random_locus	AAG	0	pam_plus_mobile	1	0.00040014693230339593	0
NEG_ICCTX001_068	0	ASP000006	ICCTX001	matched_random_locus	TGC	1	pam_plus_mobile	1	0.36475158796204427	0
NEG_ICCTX001_069	0	ASP000006	ICCTX001	matched_random_locus	GAA	0	pam_plus_mobile	1	0.000582790087674115	0
NEG_ICCTX001_070	0	ASP000006	ICCTX001	matched_random_locus	AAT	0	pam_plus_mobile	1	0.0003213342327021317	0
NEG_ICCTX001_071	0	ASP000006	ICCTX001	matched_random_locus	AGA	0	pam_plus_mobile	1	0.00029726340006381853	0
NEG_ICCTX001_072	0	ASP000006	ICCTX001	matched_random_locus	CGT	1	pam_plus_mobile	1	0.0002679382838177493	0
NEG_ICCTX001_073	0	ASP000006	ICCTX001	matched_random_locus	GAG	1	pam_plus_mobile	1	0.0020776114777907636	0
NEG_ICCTX001_074	0	ASP000006	ICCTX001	matched_random_locus	ATT	0	pam_plus_mobile	1	0.002149143371564621	0
NEG_ICCTX001_075	0	ASP000006	ICCTX001	matched_random_locus	AAT	1	pam_plus_mobile	1	0.005760014503031618	0
NEG_ICCTX001_076	0	ASP000006	ICCTX001	matched_random_locus	TAA	1	pam_plus_mobile	1	0.21318168435289564	0
NEG_ICCTX001_077	0	ASP000006	ICCTX001	matched_random_locus	GCC	1	pam_plus_mobile	1	0.041482335095768604	0
NEG_ICCTX001_078	0	ASP000006	ICCTX001	matched_random_locus	GTT	1	pam_plus_mobile	1	0.011077361649084846	0
NEG_ICCTX001_079	0	ASP000006	ICCTX001	matched_random_locus	CAA	1	pam_plus_mobile	1	0.011321212463133706	0
NEG_ICCTX001_080	0	ASP000006	ICCTX001	matched_random_locus	TCC	0	pam_plus_mobile	1	0.05829312644203303	0
NEG_ICCTX001_081	0	ASP000006	ICCTX001	matched_random_locus	GCT	0	pam_plus_mobile	1	2.651862659566922e-05	0
NEG_ICCTX001_082	0	ASP000006	ICCTX001	matched_random_locus	CCG	1	pam_plus_mobile	1	0.0006481120728121778	0
NEG_ICCTX001_083	0	ASP000006	ICCTX001	matched_random_locus	GGC	1	pam_plus_mobile	1	0.021787750111064378	0
NEG_ICCTX001_084	0	ASP000006	ICCTX001	matched_random_locus	TTT	1	pam_plus_mobile	1	0.22406485964388764	0
NEG_ICCTX001_085	0	ASP000006	ICCTX001	matched_random_locus	TTT	0	pam_plus_mobile	1	0.015769194271775314	0
NEG_ICCTX001_086	0	ASP000006	ICCTX001	matched_random_locus	GAA	1	pam_plus_mobile	1	0.010400650786291628	0
NEG_ICCTX001_087	0	ASP000006	ICCTX001	matched_random_locus	CAC	1	pam_plus_mobile	1	0.14157163593736205	0
NEG_ICCTX001_088	0	ASP000006	ICCTX001	matched_random_locus	CGA	0	pam_plus_mobile	1	9.347706178538445e-05	0
NEG_ICCTX001_089	0	ASP000006	ICCTX001	matched_random_locus	TTC	0	pam_plus_mobile	1	0.5919531452781956	1
NEG_ICCTX001_090	0	ASP000006	ICCTX001	matched_random_locus	CGT	1	pam_plus_mobile	1	0.0002679382838177493	0
NEG_ICCTX001_091	0	ASP000006	ICCTX001	matched_random_locus	CCC	0	pam_plus_mobile	1	0.002609331187488191	0
NEG_ICCTX001_092	0	ASP000006	ICCTX001	matched_random_locus	TTA	1	pam_plus_mobile	1	0.6448139962298254	1
NEG_ICCTX001_093	0	ASP000006	ICCTX001	matched_random_locus	AAA	1	pam_plus_mobile	1	0.035141965698577964	0
NEG_ICCTX001_094	0	ASP000006	ICCTX001	matched_random_locus	TAA	0	pam_plus_mobile	1	0.014810154002926712	0
NEG_ICCTX001_095	0	ASP000006	ICCTX001	matched_random_locus	AAC	1	pam_plus_mobile	1	0.3440740466313877	0
NEG_ICCTX001_096	0	ASP000006	ICCTX001	matched_random_locus	GTG	1	pam_plus_mobile	1	0.013757966925249852	0
NEG_ICCTX001_097	0	ASP000006	ICCTX001	matched_random_locus	AGA	0	pam_plus_mobile	1	0.00029726340006381853	0
NEG_ICCTX001_098	0	ASP000006	ICCTX001	matched_random_locus	GCT	1	pam_plus_mobile	1	0.00047773911093043186	0
NEG_ICCTX001_099	0	ASP000006	ICCTX001	matched_random_locus	CTG	0	pam_plus_mobile	1	0.0008425690568001245	0
NEG_ICCTX001_100	0	ASP000006	ICCTX001	matched_random_locus	GCG	1	pam_plus_mobile	1	0.0005948899458710949	0
POS_ICCTX002	1	ASP000006	ICCTX002	observed_target	TTC	1	pam_plus_mobile	1	0.9631627991952915	1
NEG_ICCTX002_001	0	ASP000006	ICCTX002	matched_random_locus	TTA	0	pam_plus_mobile	1	0.09150893313545201	0
NEG_ICCTX002_002	0	ASP000006	ICCTX002	matched_random_locus	ATT	0	pam_plus_mobile	1	0.002149143371564621	0
NEG_ICCTX002_003	0	ASP000006	ICCTX002	matched_random_locus	TGC	0	pam_plus_mobile	1	0.030874356025864226	0
NEG_ICCTX002_004	0	ASP000006	ICCTX002	matched_random_locus	ACT	0	pam_plus_mobile	1	9.189336474911163e-05	0
NEG_ICCTX002_005	0	ASP000006	ICCTX002	matched_random_locus	GGT	0	pam_plus_mobile	1	1.3648119989796894e-05	0
NEG_ICCTX002_006	0	ASP000006	ICCTX002	matched_random_locus	TTT	0	pam_plus_mobile	1	0.015769194271775314	0
NEG_ICCTX002_007	0	ASP000006	ICCTX002	matched_random_locus	CTG	1	pam_plus_mobile	1	0.014971189141681863	0
NEG_ICCTX002_008	0	ASP000006	ICCTX002	matched_random_locus	CTT	1	pam_plus_mobile	1	0.012057089251767234	0
NEG_ICCTX002_009	0	ASP000006	ICCTX002	matched_random_locus	GGG	0	pam_plus_mobile	1	1.6996837212865588e-05	0
NEG_ICCTX002_010	0	ASP000006	ICCTX002	matched_random_locus	CCC	0	pam_plus_mobile	1	0.002609331187488191	0
NEG_ICCTX002_011	0	ASP000006	ICCTX002	matched_random_locus	TCA	0	pam_plus_mobile	1	0.004279613414738131	0
NEG_ICCTX002_012	0	ASP000006	ICCTX002	matched_random_locus	TTG	1	pam_plus_mobile	1	0.2645009265446145	0
NEG_ICCTX002_013	0	ASP000006	ICCTX002	matched_random_locus	GGA	0	pam_plus_mobile	1	8.579693588274422e-05	0
NEG_ICCTX002_014	0	ASP000006	ICCTX002	matched_random_locus	TGC	1	pam_plus_mobile	1	0.36475158796204427	0
NEG_ICCTX002_015	0	ASP000006	ICCTX002	matched_random_locus	GCA	0	pam_plus_mobile	1	0.00016669417578894097	0
NEG_ICCTX002_016	0	ASP000006	ICCTX002	matched_random_locus	GAG	0	pam_plus_mobile	1	0.00011549990445646786	0
NEG_ICCTX002_017	0	ASP000006	ICCTX002	matched_random_locus	TAC	0	pam_plus_mobile	1	0.17797504672254374	0
NEG_ICCTX002_018	0	ASP000006	ICCTX002	matched_random_locus	GCT	1	pam_plus_mobile	1	0.00047773911093043186	0
NEG_ICCTX002_019	0	ASP000006	ICCTX002	matched_random_locus	CTT	0	pam_plus_mobile	1	0.000676676149738377	0
NEG_ICCTX002_020	0	ASP000006	ICCTX002	matched_random_locus	GGA	0	pam_plus_mobile	1	8.579693588274422e-05	0
NEG_ICCTX002_021	0	ASP000006	ICCTX002	matched_random_locus	GCT	0	pam_plus_mobile	1	2.651862659566922e-05	0
NEG_ICCTX002_022	0	ASP000006	ICCTX002	matched_random_locus	TCC	0	pam_plus_mobile	1	0.05829312644203303	0
NEG_ICCTX002_023	0	ASP000006	ICCTX002	matched_random_locus	TCC	0	pam_plus_mobile	1	0.05829312644203303	0
NEG_ICCTX002_024	0	ASP000006	ICCTX002	matched_random_locus	AGC	0	pam_plus_mobile	1	0.004264313245107003	0
NEG_ICCTX002_025	0	ASP000006	ICCTX002	matched_random_locus	TCT	0	pam_plus_mobile	1	0.0006831877235899991	0
NEG_ICCTX002_026	0	ASP000006	ICCTX002	matched_random_locus	CAC	0	pam_plus_mobile	1	0.009067353494907428	0
NEG_ICCTX002_027	0	ASP000006	ICCTX002	matched_random_locus	CTC	0	pam_plus_mobile	1	0.05776926732460876	0
NEG_ICCTX002_028	0	ASP000006	ICCTX002	matched_random_locus	GTG	0	pam_plus_mobile	1	0.0007733907312505397	0
NEG_ICCTX002_029	0	ASP000006	ICCTX002	matched_random_locus	TCA	0	pam_plus_mobile	1	0.004279613414738131	0
NEG_ICCTX002_030	0	ASP000006	ICCTX002	matched_random_locus	TAT	0	pam_plus_mobile	1	0.002385459988223039	0
NEG_ICCTX002_031	0	ASP000006	ICCTX002	matched_random_locus	CGA	0	pam_plus_mobile	1	9.347706178538445e-05	0
NEG_ICCTX002_032	0	ASP000006	ICCTX002	matched_random_locus	TTA	0	pam_plus_mobile	1	0.09150893313545201	0
NEG_ICCTX002_033	0	ASP000006	ICCTX002	matched_random_locus	ACG	0	pam_plus_mobile	1	0.0001144382213155788	0
NEG_ICCTX002_034	0	ASP000006	ICCTX002	matched_random_locus	GCT	0	pam_plus_mobile	1	2.651862659566922e-05	0
NEG_ICCTX002_035	0	ASP000006	ICCTX002	matched_random_locus	AGC	0	pam_plus_mobile	1	0.004264313245107003	0
NEG_ICCTX002_036	0	ASP000006	ICCTX002	matched_random_locus	ACT	0	pam_plus_mobile	1	9.189336474911163e-05	0
NEG_ICCTX002_037	0	ASP000006	ICCTX002	matched_random_locus	TTG	0	pam_plus_mobile	1	0.01956271401053984	0
NEG_ICCTX002_038	0	ASP000006	ICCTX002	matched_random_locus	CAA	0	pam_plus_mobile	1	0.0006349303824756181	0
NEG_ICCTX002_039	0	ASP000006	ICCTX002	matched_random_locus	TCT	0	pam_plus_mobile	1	0.0006831877235899991	0
NEG_ICCTX002_040	0	ASP000006	ICCTX002	matched_random_locus	CAA	0	pam_plus_mobile	1	0.0006349303824756181	0
NEG_ICCTX002_041	0	ASP000006	ICCTX002	matched_random_locus	TAT	0	pam_plus_mobile	1	0.002385459988223039	0
NEG_ICCTX002_042	0	ASP000006	ICCTX002	matched_random_locus	TCC	0	pam_plus_mobile	1	0.05829312644203303	0
NEG_ICCTX002_043	0	ASP000006	ICCTX002	matched_random_locus	AGC	0	pam_plus_mobile	1	0.004264313245107003	0
NEG_ICCTX002_044	0	ASP000006	ICCTX002	matched_random_locus	TTT	0	pam_plus_mobile	1	0.015769194271775314	0
NEG_ICCTX002_045	0	ASP000006	ICCTX002	matched_random_locus	TCG	0	pam_plus_mobile	1	0.0008506756393923495	0
NEG_ICCTX002_046	0	ASP000006	ICCTX002	matched_random_locus	TTC	0	pam_plus_mobile	1	0.5919531452781956	1
NEG_ICCTX002_047	0	ASP000006	ICCTX002	matched_random_locus	CTC	0	pam_plus_mobile	1	0.05776926732460876	0
NEG_ICCTX002_048	0	ASP000006	ICCTX002	matched_random_locus	TTC	0	pam_plus_mobile	1	0.5919531452781956	1
NEG_ICCTX002_049	0	ASP000006	ICCTX002	matched_random_locus	TTG	0	pam_plus_mobile	1	0.01956271401053984	0
NEG_ICCTX002_050	0	ASP000006	ICCTX002	matched_random_locus	CAA	1	pam_plus_mobile	1	0.011321212463133706	0
NEG_ICCTX002_051	0	ASP000006	ICCTX002	matched_random_locus	TTA	0	pam_plus_mobile	1	0.09150893313545201	0
NEG_ICCTX002_052	0	ASP000006	ICCTX002	matched_random_locus	GAC	0	pam_plus_mobile	1	0.008328516009330371	0
NEG_ICCTX002_053	0	ASP000006	ICCTX002	matched_random_locus	ATA	0	pam_plus_mobile	1	0.01335946266181198	0
NEG_ICCTX002_054	0	ASP000006	ICCTX002	matched_random_locus	ATT	0	pam_plus_mobile	1	0.002149143371564621	0
NEG_ICCTX002_055	0	ASP000006	ICCTX002	matched_random_locus	GGT	0	pam_plus_mobile	1	1.3648119989796894e-05	0
NEG_ICCTX002_056	0	ASP000006	ICCTX002	matched_random_locus	TCA	0	pam_plus_mobile	1	0.004279613414738131	0
NEG_ICCTX002_057	0	ASP000006	ICCTX002	matched_random_locus	GAT	1	pam_plus_mobile	1	0.0016689579999854584	0
NEG_ICCTX002_058	0	ASP000006	ICCTX002	matched_random_locus	TTT	0	pam_plus_mobile	1	0.015769194271775314	0
NEG_ICCTX002_059	0	ASP000006	ICCTX002	matched_random_locus	AAT	0	pam_plus_mobile	1	0.0003213342327021317	0
NEG_ICCTX002_060	0	ASP000006	ICCTX002	matched_random_locus	ATC	0	pam_plus_mobile	1	0.16318931500333425	0
NEG_ICCTX002_061	0	ASP000006	ICCTX002	matched_random_locus	GAT	0	pam_plus_mobile	1	9.274591082301409e-05	0
NEG_ICCTX002_062	0	ASP000006	ICCTX002	matched_random_locus	GAT	0	pam_plus_mobile	1	9.274591082301409e-05	0
NEG_ICCTX002_063	0	ASP000006	ICCTX002	matched_random_locus	AAA	0	pam_plus_mobile	1	0.0020167409106591422	0
NEG_ICCTX002_064	0	ASP000006	ICCTX002	matched_random_locus	TGA	0	pam_plus_mobile	1	0.002207108893452932	0
NEG_ICCTX002_065	0	ASP000006	ICCTX002	matched_random_locus	GAA	0	pam_plus_mobile	1	0.000582790087674115	0
NEG_ICCTX002_066	0	ASP000006	ICCTX002	matched_random_locus	CTG	0	pam_plus_mobile	1	0.0008425690568001245	0
NEG_ICCTX002_067	0	ASP000006	ICCTX002	matched_random_locus	ATG	0	pam_plus_mobile	1	0.002675057810699141	0
NEG_ICCTX002_068	0	ASP000006	ICCTX002	matched_random_locus	CGT	0	pam_plus_mobile	1	1.4869929592793832e-05	0
NEG_ICCTX002_069	0	ASP000006	ICCTX002	matched_random_locus	AGT	0	pam_plus_mobile	1	4.7295490948691335e-05	0
NEG_ICCTX002_070	0	ASP000006	ICCTX002	matched_random_locus	AGT	0	pam_plus_mobile	1	4.7295490948691335e-05	0
NEG_ICCTX002_071	0	ASP000006	ICCTX002	matched_random_locus	TAT	0	pam_plus_mobile	1	0.002385459988223039	0
NEG_ICCTX002_072	0	ASP000006	ICCTX002	matched_random_locus	AGC	0	pam_plus_mobile	1	0.004264313245107003	0
NEG_ICCTX002_073	0	ASP000006	ICCTX002	matched_random_locus	CCA	0	pam_plus_mobile	1	0.0001816145152761896	0
NEG_ICCTX002_074	0	ASP000006	ICCTX002	matched_random_locus	CAG	0	pam_plus_mobile	1	0.00012583856153981207	0
NEG_ICCTX002_075	0	ASP000006	ICCTX002	matched_random_locus	CCG	0	pam_plus_mobile	1	3.598158302676744e-05	0
NEG_ICCTX002_076	0	ASP000006	ICCTX002	matched_random_locus	CCA	0	pam_plus_mobile	1	0.0001816145152761896	0
NEG_ICCTX002_077	0	ASP000006	ICCTX002	matched_random_locus	TAG	0	pam_plus_mobile	1	0.002969031133619991	0
NEG_ICCTX002_078	0	ASP000006	ICCTX002	matched_random_locus	CTG	0	pam_plus_mobile	1	0.0008425690568001245	0
NEG_ICCTX002_079	0	ASP000006	ICCTX002	matched_random_locus	TAA	1	pam_plus_mobile	1	0.21318168435289564	0
NEG_ICCTX002_080	0	ASP000006	ICCTX002	matched_random_locus	TAA	0	pam_plus_mobile	1	0.014810154002926712	0
NEG_ICCTX002_081	0	ASP000006	ICCTX002	matched_random_locus	TGA	0	pam_plus_mobile	1	0.002207108893452932	0
NEG_ICCTX002_082	0	ASP000006	ICCTX002	matched_random_locus	TGA	0	pam_plus_mobile	1	0.002207108893452932	0
NEG_ICCTX002_083	0	ASP000006	ICCTX002	matched_random_locus	CAT	0	pam_plus_mobile	1	0.00010104801242434531	0
NEG_ICCTX002_084	0	ASP000006	ICCTX002	matched_random_locus	GTA	0	pam_plus_mobile	1	0.003892018859037195	0
NEG_ICCTX002_085	0	ASP000006	ICCTX002	matched_random_locus	CCT	1	pam_plus_mobile	1	0.0005204857381882743	0
NEG_ICCTX002_086	0	ASP000006	ICCTX002	matched_random_locus	TTT	0	pam_plus_mobile	1	0.015769194271775314	0
NEG_ICCTX002_087	0	ASP000006	ICCTX002	matched_random_locus	GTT	0	pam_plus_mobile	1	0.0006211098355141164	0
NEG_ICCTX002_088	0	ASP000006	ICCTX002	matched_random_locus	ATC	0	pam_plus_mobile	1	0.16318931500333425	0
NEG_ICCTX002_089	0	ASP000006	ICCTX002	matched_random_locus	GTC	0	pam_plus_mobile	1	0.05327539142600445	0
NEG_ICCTX002_090	0	ASP000006	ICCTX002	matched_random_locus	GCT	0	pam_plus_mobile	1	2.651862659566922e-05	0
NEG_ICCTX002_091	0	ASP000006	ICCTX002	matched_random_locus	CCC	1	pam_plus_mobile	1	0.04502875902413709	0
NEG_ICCTX002_092	0	ASP000006	ICCTX002	matched_random_locus	TGC	1	pam_plus_mobile	1	0.36475158796204427	0
NEG_ICCTX002_093	0	ASP000006	ICCTX002	matched_random_locus	GGC	0	pam_plus_mobile	1	0.0012342613900531124	0
NEG_ICCTX002_094	0	ASP000006	ICCTX002	matched_random_locus	TTG	0	pam_plus_mobile	1	0.01956271401053984	0
NEG_ICCTX002_095	0	ASP000006	ICCTX002	matched_random_locus	GAG	0	pam_plus_mobile	1	0.00011549990445646786	0
NEG_ICCTX002_096	0	ASP000006	ICCTX002	matched_random_locus	AAA	0	pam_plus_mobile	1	0.0020167409106591422	0
NEG_ICCTX002_097	0	ASP000006	ICCTX002	matched_random_locus	TTT	0	pam_plus_mobile	1	0.015769194271775314	0
NEG_ICCTX002_098	0	ASP000006	ICCTX002	matched_random_locus	AGA	0	pam_plus_mobile	1	0.00029726340006381853	0
NEG_ICCTX002_099	0	ASP000006	ICCTX002	matched_random_locus	ACA	1	pam_plus_mobile	1	0.010306021744763201	0
NEG_ICCTX002_100	0	ASP000006	ICCTX002	matched_random_locus	ATC	0	pam_plus_mobile	1	0.16318931500333425	0
POS_ICCTX003	1	ASP000006	ICCTX003	observed_target	TTC	0	pam_plus_mobile	1	0.5919531452781956	1
NEG_ICCTX003_001	0	ASP000006	ICCTX003	matched_random_locus	ATG	0	pam_plus_mobile	1	0.002675057810699141	0
NEG_ICCTX003_002	0	ASP000006	ICCTX003	matched_random_locus	AAG	0	pam_plus_mobile	1	0.00040014693230339593	0
NEG_ICCTX003_003	0	ASP000006	ICCTX003	matched_random_locus	AAC	0	pam_plus_mobile	1	0.028281458887300666	0
NEG_ICCTX003_004	0	ASP000006	ICCTX003	matched_random_locus	CAT	0	pam_plus_mobile	1	0.00010104801242434531	0
NEG_ICCTX003_005	0	ASP000006	ICCTX003	matched_random_locus	CTT	0	pam_plus_mobile	1	0.000676676149738377	0
NEG_ICCTX003_006	0	ASP000006	ICCTX003	matched_random_locus	ATT	0	pam_plus_mobile	1	0.002149143371564621	0
NEG_ICCTX003_007	0	ASP000006	ICCTX003	matched_random_locus	GTA	0	pam_plus_mobile	1	0.003892018859037195	0
NEG_ICCTX003_008	0	ASP000006	ICCTX003	matched_random_locus	TGG	0	pam_plus_mobile	1	0.00043798532061318075	0
NEG_ICCTX003_009	0	ASP000006	ICCTX003	matched_random_locus	AAC	0	pam_plus_mobile	1	0.028281458887300666	0
NEG_ICCTX003_010	0	ASP000006	ICCTX003	matched_random_locus	CAC	1	pam_plus_mobile	1	0.14157163593736205	0
NEG_ICCTX003_011	0	ASP000006	ICCTX003	matched_random_locus	ACG	0	pam_plus_mobile	1	0.0001144382213155788	0
NEG_ICCTX003_012	0	ASP000006	ICCTX003	matched_random_locus	ACA	0	pam_plus_mobile	1	0.0005774355213074127	0
NEG_ICCTX003_013	0	ASP000006	ICCTX003	matched_random_locus	TCG	1	pam_plus_mobile	1	0.015113174817240114	0
NEG_ICCTX003_014	0	ASP000006	ICCTX003	matched_random_locus	CTG	1	pam_plus_mobile	1	0.014971189141681863	0
NEG_ICCTX003_015	0	ASP000006	ICCTX003	matched_random_locus	ATT	0	pam_plus_mobile	1	0.002149143371564621	0
NEG_ICCTX003_016	0	ASP000006	ICCTX003	matched_random_locus	TTT	0	pam_plus_mobile	1	0.015769194271775314	0
NEG_ICCTX003_017	0	ASP000006	ICCTX003	matched_random_locus	ATA	0	pam_plus_mobile	1	0.01335946266181198	0
NEG_ICCTX003_018	0	ASP000006	ICCTX003	matched_random_locus	TGG	0	pam_plus_mobile	1	0.00043798532061318075	0
NEG_ICCTX003_019	0	ASP000006	ICCTX003	matched_random_locus	TCA	0	pam_plus_mobile	1	0.004279613414738131	0
NEG_ICCTX003_020	0	ASP000006	ICCTX003	matched_random_locus	TTT	0	pam_plus_mobile	1	0.015769194271775314	0
NEG_ICCTX003_021	0	ASP000006	ICCTX003	matched_random_locus	GAA	1	pam_plus_mobile	1	0.010400650786291628	0
NEG_ICCTX003_022	0	ASP000006	ICCTX003	matched_random_locus	CAG	0	pam_plus_mobile	1	0.00012583856153981207	0
NEG_ICCTX003_023	0	ASP000006	ICCTX003	matched_random_locus	AGG	0	pam_plus_mobile	1	5.88994765973676e-05	0
NEG_ICCTX003_024	0	ASP000006	ICCTX003	matched_random_locus	TGT	0	pam_plus_mobile	1	0.0003517226170691485	0
NEG_ICCTX003_025	0	ASP000006	ICCTX003	matched_random_locus	GAG	0	pam_plus_mobile	1	0.00011549990445646786	0
NEG_ICCTX003_026	0	ASP000006	ICCTX003	matched_random_locus	CAG	0	pam_plus_mobile	1	0.00012583856153981207	0
NEG_ICCTX003_027	0	ASP000006	ICCTX003	matched_random_locus	GAT	0	pam_plus_mobile	1	9.274591082301409e-05	0
NEG_ICCTX003_028	0	ASP000006	ICCTX003	matched_random_locus	ACC	0	pam_plus_mobile	1	0.008252582809449719	0
NEG_ICCTX003_029	0	ASP000006	ICCTX003	matched_random_locus	AAT	1	pam_plus_mobile	1	0.005760014503031618	0
NEG_ICCTX003_030	0	ASP000006	ICCTX003	matched_random_locus	TAG	0	pam_plus_mobile	1	0.002969031133619991	0
NEG_ICCTX003_031	0	ASP000006	ICCTX003	matched_random_locus	ATC	0	pam_plus_mobile	1	0.16318931500333425	0
NEG_ICCTX003_032	0	ASP000006	ICCTX003	matched_random_locus	ATT	0	pam_plus_mobile	1	0.002149143371564621	0
NEG_ICCTX003_033	0	ASP000006	ICCTX003	matched_random_locus	TTG	0	pam_plus_mobile	1	0.01956271401053984	0
NEG_ICCTX003_034	0	ASP000006	ICCTX003	matched_random_locus	CGA	0	pam_plus_mobile	1	9.347706178538445e-05	0
NEG_ICCTX003_035	0	ASP000006	ICCTX003	matched_random_locus	CAA	0	pam_plus_mobile	1	0.0006349303824756181	0
NEG_ICCTX003_036	0	ASP000006	ICCTX003	matched_random_locus	AGG	0	pam_plus_mobile	1	5.88994765973676e-05	0
NEG_ICCTX003_037	0	ASP000006	ICCTX003	matched_random_locus	TTA	0	pam_plus_mobile	1	0.09150893313545201	0
NEG_ICCTX003_038	0	ASP000006	ICCTX003	matched_random_locus	CTG	0	pam_plus_mobile	1	0.0008425690568001245	0
NEG_ICCTX003_039	0	ASP000006	ICCTX003	matched_random_locus	CTA	1	pam_plus_mobile	1	0.07125836037604362	0
NEG_ICCTX003_040	0	ASP000006	ICCTX003	matched_random_locus	GCA	0	pam_plus_mobile	1	0.00016669417578894097	0
NEG_ICCTX003_041	0	ASP000006	ICCTX003	matched_random_locus	TTG	0	pam_plus_mobile	1	0.01956271401053984	0
NEG_ICCTX003_042	0	ASP000006	ICCTX003	matched_random_locus	AAT	1	pam_plus_mobile	1	0.005760014503031618	0
NEG_ICCTX003_043	0	ASP000006	ICCTX003	matched_random_locus	GAG	1	pam_plus_mobile	1	0.0020776114777907636	0
NEG_ICCTX003_044	0	ASP000006	ICCTX003	matched_random_locus	TGG	0	pam_plus_mobile	1	0.00043798532061318075	0
NEG_ICCTX003_045	0	ASP000006	ICCTX003	matched_random_locus	GCT	0	pam_plus_mobile	1	2.651862659566922e-05	0
NEG_ICCTX003_046	0	ASP000006	ICCTX003	matched_random_locus	AAG	0	pam_plus_mobile	1	0.00040014693230339593	0
NEG_ICCTX003_047	0	ASP000006	ICCTX003	matched_random_locus	TCA	0	pam_plus_mobile	1	0.004279613414738131	0
NEG_ICCTX003_048	0	ASP000006	ICCTX003	matched_random_locus	TCG	0	pam_plus_mobile	1	0.0008506756393923495	0
NEG_ICCTX003_049	0	ASP000006	ICCTX003	matched_random_locus	AAA	0	pam_plus_mobile	1	0.0020167409106591422	0
NEG_ICCTX003_050	0	ASP000006	ICCTX003	matched_random_locus	AAT	0	pam_plus_mobile	1	0.0003213342327021317	0
NEG_ICCTX003_051	0	ASP000006	ICCTX003	matched_random_locus	CCA	0	pam_plus_mobile	1	0.0001816145152761896	0
NEG_ICCTX003_052	0	ASP000006	ICCTX003	matched_random_locus	CAC	0	pam_plus_mobile	1	0.009067353494907428	0
NEG_ICCTX003_053	0	ASP000006	ICCTX003	matched_random_locus	CCC	0	pam_plus_mobile	1	0.002609331187488191	0
NEG_ICCTX003_054	0	ASP000006	ICCTX003	matched_random_locus	CTG	0	pam_plus_mobile	1	0.0008425690568001245	0
NEG_ICCTX003_055	0	ASP000006	ICCTX003	matched_random_locus	AGC	0	pam_plus_mobile	1	0.004264313245107003	0
NEG_ICCTX003_056	0	ASP000006	ICCTX003	matched_random_locus	TTC	0	pam_plus_mobile	1	0.5919531452781956	1
NEG_ICCTX003_057	0	ASP000006	ICCTX003	matched_random_locus	CAT	0	pam_plus_mobile	1	0.00010104801242434531	0
NEG_ICCTX003_058	0	ASP000006	ICCTX003	matched_random_locus	GTA	0	pam_plus_mobile	1	0.003892018859037195	0
NEG_ICCTX003_059	0	ASP000006	ICCTX003	matched_random_locus	TAA	0	pam_plus_mobile	1	0.014810154002926712	0
NEG_ICCTX003_060	0	ASP000006	ICCTX003	matched_random_locus	GAG	1	pam_plus_mobile	1	0.0020776114777907636	0
NEG_ICCTX003_061	0	ASP000006	ICCTX003	matched_random_locus	GGA	0	pam_plus_mobile	1	8.579693588274422e-05	0
NEG_ICCTX003_062	0	ASP000006	ICCTX003	matched_random_locus	TGG	0	pam_plus_mobile	1	0.00043798532061318075	0
NEG_ICCTX003_063	0	ASP000006	ICCTX003	matched_random_locus	GAG	0	pam_plus_mobile	1	0.00011549990445646786	0
NEG_ICCTX003_064	0	ASP000006	ICCTX003	matched_random_locus	TTA	0	pam_plus_mobile	1	0.09150893313545201	0
NEG_ICCTX003_065	0	ASP000006	ICCTX003	matched_random_locus	ATG	0	pam_plus_mobile	1	0.002675057810699141	0
NEG_ICCTX003_066	0	ASP000006	ICCTX003	matched_random_locus	TGC	0	pam_plus_mobile	1	0.030874356025864226	0
NEG_ICCTX003_067	0	ASP000006	ICCTX003	matched_random_locus	TTT	0	pam_plus_mobile	1	0.015769194271775314	0
NEG_ICCTX003_068	0	ASP000006	ICCTX003	matched_random_locus	TTG	0	pam_plus_mobile	1	0.01956271401053984	0
NEG_ICCTX003_069	0	ASP000006	ICCTX003	matched_random_locus	CAT	0	pam_plus_mobile	1	0.00010104801242434531	0
NEG_ICCTX003_070	0	ASP000006	ICCTX003	matched_random_locus	CAA	1	pam_plus_mobile	1	0.011321212463133706	0
NEG_ICCTX003_071	0	ASP000006	ICCTX003	matched_random_locus	AGA	1	pam_plus_mobile	1	0.005330709920725243	0
NEG_ICCTX003_072	0	ASP000006	ICCTX003	matched_random_locus	ACG	0	pam_plus_mobile	1	0.0001144382213155788	0
NEG_ICCTX003_073	0	ASP000006	ICCTX003	matched_random_locus	ATC	0	pam_plus_mobile	1	0.16318931500333425	0
NEG_ICCTX003_074	0	ASP000006	ICCTX003	matched_random_locus	TGA	0	pam_plus_mobile	1	0.002207108893452932	0
NEG_ICCTX003_075	0	ASP000006	ICCTX003	matched_random_locus	TAT	0	pam_plus_mobile	1	0.002385459988223039	0
NEG_ICCTX003_076	0	ASP000006	ICCTX003	matched_random_locus	TAC	0	pam_plus_mobile	1	0.17797504672254374	0
NEG_ICCTX003_077	0	ASP000006	ICCTX003	matched_random_locus	GAT	0	pam_plus_mobile	1	9.274591082301409e-05	0
NEG_ICCTX003_078	0	ASP000006	ICCTX003	matched_random_locus	ACT	1	pam_plus_mobile	1	0.0016536404380517705	0
NEG_ICCTX003_079	0	ASP000006	ICCTX003	matched_random_locus	GAT	1	pam_plus_mobile	1	0.0016689579999854584	0
NEG_ICCTX003_080	0	ASP000006	ICCTX003	matched_random_locus	TTC	0	pam_plus_mobile	1	0.5919531452781956	1
NEG_ICCTX003_081	0	ASP000006	ICCTX003	matched_random_locus	CGG	0	pam_plus_mobile	1	1.8518425766725158e-05	0
NEG_ICCTX003_082	0	ASP000006	ICCTX003	matched_random_locus	AAA	0	pam_plus_mobile	1	0.0020167409106591422	0
NEG_ICCTX003_083	0	ASP000006	ICCTX003	matched_random_locus	ACA	0	pam_plus_mobile	1	0.0005774355213074127	0
NEG_ICCTX003_084	0	ASP000006	ICCTX003	matched_random_locus	GTC	0	pam_plus_mobile	1	0.05327539142600445	0
NEG_ICCTX003_085	0	ASP000006	ICCTX003	matched_random_locus	TTT	1	pam_plus_mobile	1	0.22406485964388764	0
NEG_ICCTX003_086	0	ASP000006	ICCTX003	matched_random_locus	ACA	0	pam_plus_mobile	1	0.0005774355213074127	0
NEG_ICCTX003_087	0	ASP000006	ICCTX003	matched_random_locus	TTG	0	pam_plus_mobile	1	0.01956271401053984	0
NEG_ICCTX003_088	0	ASP000006	ICCTX003	matched_random_locus	TGA	0	pam_plus_mobile	1	0.002207108893452932	0
NEG_ICCTX003_089	0	ASP000006	ICCTX003	matched_random_locus	AAC	0	pam_plus_mobile	1	0.028281458887300666	0
NEG_ICCTX003_090	0	ASP000006	ICCTX003	matched_random_locus	CAA	1	pam_plus_mobile	1	0.011321212463133706	0
NEG_ICCTX003_091	0	ASP000006	ICCTX003	matched_random_locus	CCT	0	pam_plus_mobile	1	2.8892598857480167e-05	0
NEG_ICCTX003_092	0	ASP000006	ICCTX003	matched_random_locus	TCG	1	pam_plus_mobile	1	0.015113174817240114	0
NEG_ICCTX003_093	0	ASP000006	ICCTX003	matched_random_locus	GCC	0	pam_plus_mobile	1	0.002395442320924453	0
NEG_ICCTX003_094	0	ASP000006	ICCTX003	matched_random_locus	ATA	0	pam_plus_mobile	1	0.01335946266181198	0
NEG_ICCTX003_095	0	ASP000006	ICCTX003	matched_random_locus	TGG	0	pam_plus_mobile	1	0.00043798532061318075	0
NEG_ICCTX003_096	0	ASP000006	ICCTX003	matched_random_locus	AAT	0	pam_plus_mobile	1	0.0003213342327021317	0
NEG_ICCTX003_097	0	ASP000006	ICCTX003	matched_random_locus	CAT	0	pam_plus_mobile	1	0.00010104801242434531	0
NEG_ICCTX003_098	0	ASP000006	ICCTX003	matched_random_locus	GGT	0	pam_plus_mobile	1	1.3648119989796894e-05	0
NEG_ICCTX003_099	0	ASP000006	ICCTX003	matched_random_locus	TAA	0	pam_plus_mobile	1	0.014810154002926712	0
NEG_ICCTX003_100	0	ASP000006	ICCTX003	matched_random_locus	GCT	0	pam_plus_mobile	1	2.651862659566922e-05	0
POS_ICCTX004	1	ASP000006	ICCTX004	observed_target	TTC	1	pam_plus_mobile	1	0.9631627991952915	1
NEG_ICCTX004_001	0	ASP000006	ICCTX004	matched_random_locus	GTA	0	pam_plus_mobile	1	0.003892018859037195	0
NEG_ICCTX004_002	0	ASP000006	ICCTX004	matched_random_locus	CTG	0	pam_plus_mobile	1	0.0008425690568001245	0
NEG_ICCTX004_003	0	ASP000006	ICCTX004	matched_random_locus	ATG	0	pam_plus_mobile	1	0.002675057810699141	0
NEG_ICCTX004_004	0	ASP000006	ICCTX004	matched_random_locus	GGG	0	pam_plus_mobile	1	1.6996837212865588e-05	0
NEG_ICCTX004_005	0	ASP000006	ICCTX004	matched_random_locus	ATC	0	pam_plus_mobile	1	0.16318931500333425	0
NEG_ICCTX004_006	0	ASP000006	ICCTX004	matched_random_locus	AAA	0	pam_plus_mobile	1	0.0020167409106591422	0
NEG_ICCTX004_007	0	ASP000006	ICCTX004	matched_random_locus	ACC	0	pam_plus_mobile	1	0.008252582809449719	0
NEG_ICCTX004_008	0	ASP000006	ICCTX004	matched_random_locus	AAT	0	pam_plus_mobile	1	0.0003213342327021317	0
NEG_ICCTX004_009	0	ASP000006	ICCTX004	matched_random_locus	TTT	0	pam_plus_mobile	1	0.015769194271775314	0
NEG_ICCTX004_010	0	ASP000006	ICCTX004	matched_random_locus	TGT	0	pam_plus_mobile	1	0.0003517226170691485	0
NEG_ICCTX004_011	0	ASP000006	ICCTX004	matched_random_locus	TCG	0	pam_plus_mobile	1	0.0008506756393923495	0
NEG_ICCTX004_012	0	ASP000006	ICCTX004	matched_random_locus	CGG	0	pam_plus_mobile	1	1.8518425766725158e-05	0
NEG_ICCTX004_013	0	ASP000006	ICCTX004	matched_random_locus	ATT	0	pam_plus_mobile	1	0.002149143371564621	0
NEG_ICCTX004_014	0	ASP000006	ICCTX004	matched_random_locus	AAT	0	pam_plus_mobile	1	0.0003213342327021317	0
NEG_ICCTX004_015	0	ASP000006	ICCTX004	matched_random_locus	AAA	0	pam_plus_mobile	1	0.0020167409106591422	0
NEG_ICCTX004_016	0	ASP000006	ICCTX004	matched_random_locus	ATC	0	pam_plus_mobile	1	0.16318931500333425	0
NEG_ICCTX004_017	0	ASP000006	ICCTX004	matched_random_locus	TCG	0	pam_plus_mobile	1	0.0008506756393923495	0
NEG_ICCTX004_018	0	ASP000006	ICCTX004	matched_random_locus	AGC	0	pam_plus_mobile	1	0.004264313245107003	0
NEG_ICCTX004_019	0	ASP000006	ICCTX004	matched_random_locus	GAA	1	pam_plus_mobile	1	0.010400650786291628	0
NEG_ICCTX004_020	0	ASP000006	ICCTX004	matched_random_locus	TCT	1	pam_plus_mobile	1	0.012171779320210133	0
NEG_ICCTX004_021	0	ASP000006	ICCTX004	matched_random_locus	TGC	0	pam_plus_mobile	1	0.030874356025864226	0
NEG_ICCTX004_022	0	ASP000006	ICCTX004	matched_random_locus	CCC	0	pam_plus_mobile	1	0.002609331187488191	0
NEG_ICCTX004_023	0	ASP000006	ICCTX004	matched_random_locus	CGC	0	pam_plus_mobile	1	0.0013446082438172617	0
NEG_ICCTX004_024	0	ASP000006	ICCTX004	matched_random_locus	CGC	0	pam_plus_mobile	1	0.0013446082438172617	0
NEG_ICCTX004_025	0	ASP000006	ICCTX004	matched_random_locus	GAC	0	pam_plus_mobile	1	0.008328516009330371	0
NEG_ICCTX004_026	0	ASP000006	ICCTX004	matched_random_locus	GCA	1	pam_plus_mobile	1	0.0029958878858553422	0
NEG_ICCTX004_027	0	ASP000006	ICCTX004	matched_random_locus	AAA	0	pam_plus_mobile	1	0.0020167409106591422	0
NEG_ICCTX004_028	0	ASP000006	ICCTX004	matched_random_locus	GCC	1	pam_plus_mobile	1	0.041482335095768604	0
NEG_ICCTX004_029	0	ASP000006	ICCTX004	matched_random_locus	CAG	1	pam_plus_mobile	1	0.0022631856334003587	0
NEG_ICCTX004_030	0	ASP000006	ICCTX004	matched_random_locus	GAA	0	pam_plus_mobile	1	0.000582790087674115	0
NEG_ICCTX004_031	0	ASP000006	ICCTX004	matched_random_locus	GTA	0	pam_plus_mobile	1	0.003892018859037195	0
NEG_ICCTX004_032	0	ASP000006	ICCTX004	matched_random_locus	AAA	0	pam_plus_mobile	1	0.0020167409106591422	0
NEG_ICCTX004_033	0	ASP000006	ICCTX004	matched_random_locus	TAT	0	pam_plus_mobile	1	0.002385459988223039	0
NEG_ICCTX004_034	0	ASP000006	ICCTX004	matched_random_locus	CCT	0	pam_plus_mobile	1	2.8892598857480167e-05	0
NEG_ICCTX004_035	0	ASP000006	ICCTX004	matched_random_locus	GTC	0	pam_plus_mobile	1	0.05327539142600445	0
NEG_ICCTX004_036	0	ASP000006	ICCTX004	matched_random_locus	GCT	0	pam_plus_mobile	1	2.651862659566922e-05	0
NEG_ICCTX004_037	0	ASP000006	ICCTX004	matched_random_locus	GGC	0	pam_plus_mobile	1	0.0012342613900531124	0
NEG_ICCTX004_038	0	ASP000006	ICCTX004	matched_random_locus	TTG	1	pam_plus_mobile	1	0.2645009265446145	0
NEG_ICCTX004_039	0	ASP000006	ICCTX004	matched_random_locus	CCC	0	pam_plus_mobile	1	0.002609331187488191	0
NEG_ICCTX004_040	0	ASP000006	ICCTX004	matched_random_locus	CTT	0	pam_plus_mobile	1	0.000676676149738377	0
NEG_ICCTX004_041	0	ASP000006	ICCTX004	matched_random_locus	TAT	0	pam_plus_mobile	1	0.002385459988223039	0
NEG_ICCTX004_042	0	ASP000006	ICCTX004	matched_random_locus	GAT	0	pam_plus_mobile	1	9.274591082301409e-05	0
NEG_ICCTX004_043	0	ASP000006	ICCTX004	matched_random_locus	ACC	0	pam_plus_mobile	1	0.008252582809449719	0
NEG_ICCTX004_044	0	ASP000006	ICCTX004	matched_random_locus	CTT	0	pam_plus_mobile	1	0.000676676149738377	0
NEG_ICCTX004_045	0	ASP000006	ICCTX004	matched_random_locus	AAT	0	pam_plus_mobile	1	0.0003213342327021317	0
NEG_ICCTX004_046	0	ASP000006	ICCTX004	matched_random_locus	TGG	0	pam_plus_mobile	1	0.00043798532061318075	0
NEG_ICCTX004_047	0	ASP000006	ICCTX004	matched_random_locus	TTG	0	pam_plus_mobile	1	0.01956271401053984	0
NEG_ICCTX004_048	0	ASP000006	ICCTX004	matched_random_locus	CGG	0	pam_plus_mobile	1	1.8518425766725158e-05	0
NEG_ICCTX004_049	0	ASP000006	ICCTX004	matched_random_locus	CTG	0	pam_plus_mobile	1	0.0008425690568001245	0
NEG_ICCTX004_050	0	ASP000006	ICCTX004	matched_random_locus	AAT	0	pam_plus_mobile	1	0.0003213342327021317	0
NEG_ICCTX004_051	0	ASP000006	ICCTX004	matched_random_locus	CAG	0	pam_plus_mobile	1	0.00012583856153981207	0
NEG_ICCTX004_052	0	ASP000006	ICCTX004	matched_random_locus	CAA	0	pam_plus_mobile	1	0.0006349303824756181	0
NEG_ICCTX004_053	0	ASP000006	ICCTX004	matched_random_locus	CTT	1	pam_plus_mobile	1	0.012057089251767234	0
NEG_ICCTX004_054	0	ASP000006	ICCTX004	matched_random_locus	TCC	0	pam_plus_mobile	1	0.05829312644203303	0
NEG_ICCTX004_055	0	ASP000006	ICCTX004	matched_random_locus	TAG	0	pam_plus_mobile	1	0.002969031133619991	0
NEG_ICCTX004_056	0	ASP000006	ICCTX004	matched_random_locus	GCG	0	pam_plus_mobile	1	3.3025160703364e-05	0
NEG_ICCTX004_057	0	ASP000006	ICCTX004	matched_random_locus	TTT	1	pam_plus_mobile	1	0.22406485964388764	0
NEG_ICCTX004_058	0	ASP000006	ICCTX004	matched_random_locus	CCA	1	pam_plus_mobile	1	0.0032632151189630407	0
NEG_ICCTX004_059	0	ASP000006	ICCTX004	matched_random_locus	TCT	0	pam_plus_mobile	1	0.0006831877235899991	0
NEG_ICCTX004_060	0	ASP000006	ICCTX004	matched_random_locus	GTA	0	pam_plus_mobile	1	0.003892018859037195	0
NEG_ICCTX004_061	0	ASP000006	ICCTX004	matched_random_locus	GGA	0	pam_plus_mobile	1	8.579693588274422e-05	0
NEG_ICCTX004_062	0	ASP000006	ICCTX004	matched_random_locus	ATA	0	pam_plus_mobile	1	0.01335946266181198	0
NEG_ICCTX004_063	0	ASP000006	ICCTX004	matched_random_locus	TTG	1	pam_plus_mobile	1	0.2645009265446145	0
NEG_ICCTX004_064	0	ASP000006	ICCTX004	matched_random_locus	ATA	1	pam_plus_mobile	1	0.19616906863107475	0
NEG_ICCTX004_065	0	ASP000006	ICCTX004	matched_random_locus	TGG	0	pam_plus_mobile	1	0.00043798532061318075	0
NEG_ICCTX004_066	0	ASP000006	ICCTX004	matched_random_locus	CCT	0	pam_plus_mobile	1	2.8892598857480167e-05	0
NEG_ICCTX004_067	0	ASP000006	ICCTX004	matched_random_locus	GTT	0	pam_plus_mobile	1	0.0006211098355141164	0
NEG_ICCTX004_068	0	ASP000006	ICCTX004	matched_random_locus	AGC	0	pam_plus_mobile	1	0.004264313245107003	0
NEG_ICCTX004_069	0	ASP000006	ICCTX004	matched_random_locus	TGA	0	pam_plus_mobile	1	0.002207108893452932	0
NEG_ICCTX004_070	0	ASP000006	ICCTX004	matched_random_locus	TCG	0	pam_plus_mobile	1	0.0008506756393923495	0
NEG_ICCTX004_071	0	ASP000006	ICCTX004	matched_random_locus	CTT	0	pam_plus_mobile	1	0.000676676149738377	0
NEG_ICCTX004_072	0	ASP000006	ICCTX004	matched_random_locus	AAG	0	pam_plus_mobile	1	0.00040014693230339593	0
NEG_ICCTX004_073	0	ASP000006	ICCTX004	matched_random_locus	GTA	0	pam_plus_mobile	1	0.003892018859037195	0
NEG_ICCTX004_074	0	ASP000006	ICCTX004	matched_random_locus	ATC	0	pam_plus_mobile	1	0.16318931500333425	0
NEG_ICCTX004_075	0	ASP000006	ICCTX004	matched_random_locus	ATT	0	pam_plus_mobile	1	0.002149143371564621	0
NEG_ICCTX004_076	0	ASP000006	ICCTX004	matched_random_locus	ATT	0	pam_plus_mobile	1	0.002149143371564621	0
NEG_ICCTX004_077	0	ASP000006	ICCTX004	matched_random_locus	GGG	0	pam_plus_mobile	1	1.6996837212865588e-05	0
NEG_ICCTX004_078	0	ASP000006	ICCTX004	matched_random_locus	TGG	0	pam_plus_mobile	1	0.00043798532061318075	0
NEG_ICCTX004_079	0	ASP000006	ICCTX004	matched_random_locus	TAC	1	pam_plus_mobile	1	0.796010093343134	1
NEG_ICCTX004_080	0	ASP000006	ICCTX004	matched_random_locus	AGA	0	pam_plus_mobile	1	0.00029726340006381853	0
NEG_ICCTX004_081	0	ASP000006	ICCTX004	matched_random_locus	CAA	1	pam_plus_mobile	1	0.011321212463133706	0
NEG_ICCTX004_082	0	ASP000006	ICCTX004	matched_random_locus	GGT	1	pam_plus_mobile	1	0.00024592785506741743	0
NEG_ICCTX004_083	0	ASP000006	ICCTX004	matched_random_locus	GGC	0	pam_plus_mobile	1	0.0012342613900531124	0
NEG_ICCTX004_084	0	ASP000006	ICCTX004	matched_random_locus	CCA	0	pam_plus_mobile	1	0.0001816145152761896	0
NEG_ICCTX004_085	0	ASP000006	ICCTX004	matched_random_locus	CGG	0	pam_plus_mobile	1	1.8518425766725158e-05	0
NEG_ICCTX004_086	0	ASP000006	ICCTX004	matched_random_locus	CTG	0	pam_plus_mobile	1	0.0008425690568001245	0
NEG_ICCTX004_087	0	ASP000006	ICCTX004	matched_random_locus	TCA	0	pam_plus_mobile	1	0.004279613414738131	0
NEG_ICCTX004_088	0	ASP000006	ICCTX004	matched_random_locus	GTT	1	pam_plus_mobile	1	0.011077361649084846	0
NEG_ICCTX004_089	0	ASP000006	ICCTX004	matched_random_locus	GGC	0	pam_plus_mobile	1	0.0012342613900531124	0
NEG_ICCTX004_090	0	ASP000006	ICCTX004	matched_random_locus	TCA	0	pam_plus_mobile	1	0.004279613414738131	0
NEG_ICCTX004_091	0	ASP000006	ICCTX004	matched_random_locus	CCA	0	pam_plus_mobile	1	0.0001816145152761896	0
NEG_ICCTX004_092	0	ASP000006	ICCTX004	matched_random_locus	TTG	0	pam_plus_mobile	1	0.01956271401053984	0
NEG_ICCTX004_093	0	ASP000006	ICCTX004	matched_random_locus	GTA	0	pam_plus_mobile	1	0.003892018859037195	0
NEG_ICCTX004_094	0	ASP000006	ICCTX004	matched_random_locus	GCT	1	pam_plus_mobile	1	0.00047773911093043186	0
NEG_ICCTX004_095	0	ASP000006	ICCTX004	matched_random_locus	CCG	1	pam_plus_mobile	1	0.0006481120728121778	0
NEG_ICCTX004_096	0	ASP000006	ICCTX004	matched_random_locus	GGT	1	pam_plus_mobile	1	0.00024592785506741743	0
NEG_ICCTX004_097	0	ASP000006	ICCTX004	matched_random_locus	CAG	0	pam_plus_mobile	1	0.00012583856153981207	0
NEG_ICCTX004_098	0	ASP000006	ICCTX004	matched_random_locus	AGT	0	pam_plus_mobile	1	4.7295490948691335e-05	0
NEG_ICCTX004_099	0	ASP000006	ICCTX004	matched_random_locus	GGG	0	pam_plus_mobile	1	1.6996837212865588e-05	0
NEG_ICCTX004_100	0	ASP000006	ICCTX004	matched_random_locus	CCT	0	pam_plus_mobile	1	2.8892598857480167e-05	0
POS_ICCTX005	1	ASP000068	ICCTX005	observed_target	TTC	1	pam_plus_mobile	3	0.9703233514825677	1
NEG_ICCTX005_001	0	ASP000068	ICCTX005	matched_random_locus	ACA	0	pam_plus_mobile	3	0.0004659722455984574	0
NEG_ICCTX005_002	0	ASP000068	ICCTX005	matched_random_locus	TAA	1	pam_plus_mobile	3	0.15880367534046982	0
NEG_ICCTX005_003	0	ASP000068	ICCTX005	matched_random_locus	CTT	1	pam_plus_mobile	3	0.006276394025646068	0
NEG_ICCTX005_004	0	ASP000068	ICCTX005	matched_random_locus	ACG	0	pam_plus_mobile	3	9.23452165377068e-05	0
NEG_ICCTX005_005	0	ASP000068	ICCTX005	matched_random_locus	GGT	0	pam_plus_mobile	3	1.1854969123723242e-05	0
NEG_ICCTX005_006	0	ASP000068	ICCTX005	matched_random_locus	TGG	0	pam_plus_mobile	3	0.0005998693322346389	0
NEG_ICCTX005_007	0	ASP000068	ICCTX005	matched_random_locus	AAT	0	pam_plus_mobile	3	0.000354356288726752	0
NEG_ICCTX005_008	0	ASP000068	ICCTX005	matched_random_locus	TCT	0	pam_plus_mobile	3	0.0011189822908480313	0
NEG_ICCTX005_009	0	ASP000068	ICCTX005	matched_random_locus	AGC	1	pam_plus_mobile	3	0.031324051657779975	0
NEG_ICCTX005_010	0	ASP000068	ICCTX005	matched_random_locus	CAG	0	pam_plus_mobile	3	0.00012228112525221292	0
NEG_ICCTX005_011	0	ASP000068	ICCTX005	matched_random_locus	CTT	0	pam_plus_mobile	3	0.0009079051060293195	0
NEG_ICCTX005_012	0	ASP000068	ICCTX005	matched_random_locus	ATA	0	pam_plus_mobile	3	0.016366443624716228	0
NEG_ICCTX005_013	0	ASP000068	ICCTX005	matched_random_locus	TGT	0	pam_plus_mobile	3	0.0005362731020507389	0
NEG_ICCTX005_014	0	ASP000068	ICCTX005	matched_random_locus	TTG	1	pam_plus_mobile	3	0.23714663818683424	0
NEG_ICCTX005_015	0	ASP000068	ICCTX005	matched_random_locus	ACG	0	pam_plus_mobile	3	9.23452165377068e-05	0
NEG_ICCTX005_016	0	ASP000068	ICCTX005	matched_random_locus	TAG	0	pam_plus_mobile	3	0.005351986256174525	0
NEG_ICCTX005_017	0	ASP000068	ICCTX005	matched_random_locus	GAG	0	pam_plus_mobile	3	0.00011887226544514154	0
NEG_ICCTX005_018	0	ASP000068	ICCTX005	matched_random_locus	CCG	0	pam_plus_mobile	3	2.848146537638756e-05	0
NEG_ICCTX005_019	0	ASP000068	ICCTX005	matched_random_locus	AAA	1	pam_plus_mobile	3	0.01372174730838859	0
NEG_ICCTX005_020	0	ASP000068	ICCTX005	matched_random_locus	TGC	0	pam_plus_mobile	3	0.059382185772715555	0
NEG_ICCTX005_021	0	ASP000068	ICCTX005	matched_random_locus	ACC	0	pam_plus_mobile	3	0.009620154057124814	0
NEG_ICCTX005_022	0	ASP000068	ICCTX005	matched_random_locus	TTA	0	pam_plus_mobile	3	0.18418902500251183	0
NEG_ICCTX005_023	0	ASP000068	ICCTX005	matched_random_locus	CAG	0	pam_plus_mobile	3	0.00012228112525221292	0
NEG_ICCTX005_024	0	ASP000068	ICCTX005	matched_random_locus	ATA	0	pam_plus_mobile	3	0.016366443624716228	0
NEG_ICCTX005_025	0	ASP000068	ICCTX005	matched_random_locus	ATA	0	pam_plus_mobile	3	0.016366443624716228	0
NEG_ICCTX005_026	0	ASP000068	ICCTX005	matched_random_locus	CAA	0	pam_plus_mobile	3	0.0006169535519531846	0
NEG_ICCTX005_027	0	ASP000068	ICCTX005	matched_random_locus	GAT	0	pam_plus_mobile	3	0.0001062643855528312	0
NEG_ICCTX005_028	0	ASP000068	ICCTX005	matched_random_locus	TGT	0	pam_plus_mobile	3	0.0005362731020507389	0
NEG_ICCTX005_029	0	ASP000068	ICCTX005	matched_random_locus	GAA	0	pam_plus_mobile	3	0.0005997628638844796	0
NEG_ICCTX005_030	0	ASP000068	ICCTX005	matched_random_locus	TCC	0	pam_plus_mobile	3	0.11645594519133463	0
NEG_ICCTX005_031	0	ASP000068	ICCTX005	matched_random_locus	CAG	0	pam_plus_mobile	3	0.00012228112525221292	0
NEG_ICCTX005_032	0	ASP000068	ICCTX005	matched_random_locus	TGC	1	pam_plus_mobile	3	0.30496954541280796	0
NEG_ICCTX005_033	0	ASP000068	ICCTX005	matched_random_locus	TTA	1	pam_plus_mobile	3	0.6107768273197008	1
NEG_ICCTX005_034	0	ASP000068	ICCTX005	matched_random_locus	CCA	0	pam_plus_mobile	3	0.00014375409298319477	0
NEG_ICCTX005_035	0	ASP000068	ICCTX005	matched_random_locus	AAG	0	pam_plus_mobile	3	0.0003963876946974093	0
NEG_ICCTX005_036	0	ASP000068	ICCTX005	matched_random_locus	AGC	0	pam_plus_mobile	3	0.0046309903086559565	0
NEG_ICCTX005_037	0	ASP000068	ICCTX005	matched_random_locus	AAA	1	pam_plus_mobile	3	0.01372174730838859	0
NEG_ICCTX005_038	0	ASP000068	ICCTX005	matched_random_locus	GTA	0	pam_plus_mobile	3	0.004963634072919007	0
NEG_ICCTX005_039	0	ASP000068	ICCTX005	matched_random_locus	TTG	0	pam_plus_mobile	3	0.04281180927526493	0
NEG_ICCTX005_040	0	ASP000068	ICCTX005	matched_random_locus	TGT	0	pam_plus_mobile	3	0.0005362731020507389	0
NEG_ICCTX005_041	0	ASP000068	ICCTX005	matched_random_locus	TTG	0	pam_plus_mobile	3	0.04281180927526493	0
NEG_ICCTX005_042	0	ASP000068	ICCTX005	matched_random_locus	TGT	0	pam_plus_mobile	3	0.0005362731020507389	0
NEG_ICCTX005_043	0	ASP000068	ICCTX005	matched_random_locus	ATT	0	pam_plus_mobile	3	0.0029378996371756607	0
NEG_ICCTX005_044	0	ASP000068	ICCTX005	matched_random_locus	CGG	0	pam_plus_mobile	3	1.3642007973165342e-05	0
NEG_ICCTX005_045	0	ASP000068	ICCTX005	matched_random_locus	CAC	0	pam_plus_mobile	3	0.012699528650974925	0
NEG_ICCTX005_046	0	ASP000068	ICCTX005	matched_random_locus	GAA	0	pam_plus_mobile	3	0.0005997628638844796	0
NEG_ICCTX005_047	0	ASP000068	ICCTX005	matched_random_locus	AGC	0	pam_plus_mobile	3	0.0046309903086559565	0
NEG_ICCTX005_048	0	ASP000068	ICCTX005	matched_random_locus	ATC	0	pam_plus_mobile	3	0.2574374794823249	0
NEG_ICCTX005_049	0	ASP000068	ICCTX005	matched_random_locus	AGC	0	pam_plus_mobile	3	0.0046309903086559565	0
NEG_ICCTX005_050	0	ASP000068	ICCTX005	matched_random_locus	TGT	1	pam_plus_mobile	3	0.003715455195448967	0
NEG_ICCTX005_051	0	ASP000068	ICCTX005	matched_random_locus	GTC	0	pam_plus_mobile	3	0.09415285435515537	0
NEG_ICCTX005_052	0	ASP000068	ICCTX005	matched_random_locus	TTG	0	pam_plus_mobile	3	0.04281180927526493	0
NEG_ICCTX005_053	0	ASP000068	ICCTX005	matched_random_locus	AAC	0	pam_plus_mobile	3	0.04003797661675244	0
NEG_ICCTX005_054	0	ASP000068	ICCTX005	matched_random_locus	TAC	0	pam_plus_mobile	3	0.36140640772489946	0
NEG_ICCTX005_055	0	ASP000068	ICCTX005	matched_random_locus	TAG	0	pam_plus_mobile	3	0.005351986256174525	0
NEG_ICCTX005_056	0	ASP000068	ICCTX005	matched_random_locus	GCA	0	pam_plus_mobile	3	0.00013974670984713024	0
NEG_ICCTX005_057	0	ASP000068	ICCTX005	matched_random_locus	GGG	0	pam_plus_mobile	3	1.3261666326502603e-05	0
NEG_ICCTX005_058	0	ASP000068	ICCTX005	matched_random_locus	TGA	0	pam_plus_mobile	3	0.003020726064739257	0
NEG_ICCTX005_059	0	ASP000068	ICCTX005	matched_random_locus	AAA	0	pam_plus_mobile	3	0.0019977072301468365	0
NEG_ICCTX005_060	0	ASP000068	ICCTX005	matched_random_locus	TGG	0	pam_plus_mobile	3	0.0005998693322346389	0
NEG_ICCTX005_061	0	ASP000068	ICCTX005	matched_random_locus	CTT	0	pam_plus_mobile	3	0.0009079051060293195	0
NEG_ICCTX005_062	0	ASP000068	ICCTX005	matched_random_locus	AAT	0	pam_plus_mobile	3	0.000354356288726752	0
NEG_ICCTX005_063	0	ASP000068	ICCTX005	matched_random_locus	TTG	0	pam_plus_mobile	3	0.04281180927526493	0
NEG_ICCTX005_064	0	ASP000068	ICCTX005	matched_random_locus	CGG	0	pam_plus_mobile	3	1.3642007973165342e-05	0
NEG_ICCTX005_065	0	ASP000068	ICCTX005	matched_random_locus	ATC	0	pam_plus_mobile	3	0.2574374794823249	0
NEG_ICCTX005_066	0	ASP000068	ICCTX005	matched_random_locus	TAT	0	pam_plus_mobile	3	0.004786998929444285	0
NEG_ICCTX005_067	0	ASP000068	ICCTX005	matched_random_locus	TTC	0	pam_plus_mobile	3	0.8246926410372939	1
NEG_ICCTX005_068	0	ASP000068	ICCTX005	matched_random_locus	AAT	0	pam_plus_mobile	3	0.000354356288726752	0
NEG_ICCTX005_069	0	ASP000068	ICCTX005	matched_random_locus	TTT	0	pam_plus_mobile	3	0.03844519025178708	0
NEG_ICCTX005_070	0	ASP000068	ICCTX005	matched_random_locus	CGA	0	pam_plus_mobile	3	6.885924756905404e-05	0
NEG_ICCTX005_071	0	ASP000068	ICCTX005	matched_random_locus	AAA	0	pam_plus_mobile	3	0.0019977072301468365	0
NEG_ICCTX005_072	0	ASP000068	ICCTX005	matched_random_locus	TAT	0	pam_plus_mobile	3	0.004786998929444285	0
NEG_ICCTX005_073	0	ASP000068	ICCTX005	matched_random_locus	GAC	0	pam_plus_mobile	3	0.01234983150548324	0
NEG_ICCTX005_074	0	ASP000068	ICCTX005	matched_random_locus	TAC	0	pam_plus_mobile	3	0.36140640772489946	0
NEG_ICCTX005_075	0	ASP000068	ICCTX005	matched_random_locus	TAT	0	pam_plus_mobile	3	0.004786998929444285	0
NEG_ICCTX005_076	0	ASP000068	ICCTX005	matched_random_locus	GGC	1	pam_plus_mobile	3	0.00960172166964824	0
NEG_ICCTX005_077	0	ASP000068	ICCTX005	matched_random_locus	CGG	0	pam_plus_mobile	3	1.3642007973165342e-05	0
NEG_ICCTX005_078	0	ASP000068	ICCTX005	matched_random_locus	TTA	1	pam_plus_mobile	3	0.6107768273197008	1
NEG_ICCTX005_079	0	ASP000068	ICCTX005	matched_random_locus	GAC	0	pam_plus_mobile	3	0.01234983150548324	0
NEG_ICCTX005_080	0	ASP000068	ICCTX005	matched_random_locus	AAT	0	pam_plus_mobile	3	0.000354356288726752	0
NEG_ICCTX005_081	0	ASP000068	ICCTX005	matched_random_locus	TAT	1	pam_plus_mobile	3	0.032350069435348364	0
NEG_ICCTX005_082	0	ASP000068	ICCTX005	matched_random_locus	TAA	0	pam_plus_mobile	3	0.026443248009768622	0
NEG_ICCTX005_083	0	ASP000068	ICCTX005	matched_random_locus	ACG	0	pam_plus_mobile	3	9.23452165377068e-05	0
NEG_ICCTX005_084	0	ASP000068	ICCTX005	matched_random_locus	TGA	0	pam_plus_mobile	3	0.003020726064739257	0
NEG_ICCTX005_085	0	ASP000068	ICCTX005	matched_random_locus	CCG	0	pam_plus_mobile	3	2.848146537638756e-05	0
NEG_ICCTX005_086	0	ASP000068	ICCTX005	matched_random_locus	TCA	0	pam_plus_mobile	3	0.006286039131907862	0
NEG_ICCTX005_087	0	ASP000068	ICCTX005	matched_random_locus	CGA	1	pam_plus_mobile	3	0.0004784031376418573	0
NEG_ICCTX005_088	0	ASP000068	ICCTX005	matched_random_locus	GAT	0	pam_plus_mobile	3	0.0001062643855528312	0
NEG_ICCTX005_089	0	ASP000068	ICCTX005	matched_random_locus	CCA	0	pam_plus_mobile	3	0.00014375409298319477	0
NEG_ICCTX005_090	0	ASP000068	ICCTX005	matched_random_locus	GCA	0	pam_plus_mobile	3	0.00013974670984713024	0
NEG_ICCTX005_091	0	ASP000068	ICCTX005	matched_random_locus	ATT	0	pam_plus_mobile	3	0.0029378996371756607	0
NEG_ICCTX005_092	0	ASP000068	ICCTX005	matched_random_locus	AAG	0	pam_plus_mobile	3	0.0003963876946974093	0
NEG_ICCTX005_093	0	ASP000068	ICCTX005	matched_random_locus	ACA	0	pam_plus_mobile	3	0.0004659722455984574	0
NEG_ICCTX005_094	0	ASP000068	ICCTX005	matched_random_locus	ATT	0	pam_plus_mobile	3	0.0029378996371756607	0
NEG_ICCTX005_095	0	ASP000068	ICCTX005	matched_random_locus	GCG	0	pam_plus_mobile	3	2.7687408431815805e-05	0
NEG_ICCTX005_096	0	ASP000068	ICCTX005	matched_random_locus	TTC	0	pam_plus_mobile	3	0.8246926410372939	1
NEG_ICCTX005_097	0	ASP000068	ICCTX005	matched_random_locus	AGC	0	pam_plus_mobile	3	0.0046309903086559565	0
NEG_ICCTX005_098	0	ASP000068	ICCTX005	matched_random_locus	TTA	0	pam_plus_mobile	3	0.18418902500251183	0
NEG_ICCTX005_099	0	ASP000068	ICCTX005	matched_random_locus	ACT	1	pam_plus_mobile	3	0.0005734779956562134	0
NEG_ICCTX005_100	0	ASP000068	ICCTX005	matched_random_locus	AAG	0	pam_plus_mobile	3	0.0003963876946974093	0
POS_ICCTX006	1	ASP000068	ICCTX006	observed_target	TTC	1	pam_plus_mobile	3	0.9703233514825677	1
NEG_ICCTX006_001	0	ASP000068	ICCTX006	matched_random_locus	CAT	0	pam_plus_mobile	3	0.00010931173297310633	0
NEG_ICCTX006_002	0	ASP000068	ICCTX006	matched_random_locus	AAC	0	pam_plus_mobile	3	0.04003797661675244	0
NEG_ICCTX006_003	0	ASP000068	ICCTX006	matched_random_locus	AAG	0	pam_plus_mobile	3	0.0003963876946974093	0
NEG_ICCTX006_004	0	ASP000068	ICCTX006	matched_random_locus	CGC	0	pam_plus_mobile	3	0.001432805500342391	0
NEG_ICCTX006_005	0	ASP000068	ICCTX006	matched_random_locus	TAA	0	pam_plus_mobile	3	0.026443248009768622	0
NEG_ICCTX006_006	0	ASP000068	ICCTX006	matched_random_locus	TTA	0	pam_plus_mobile	3	0.18418902500251183	0
NEG_ICCTX006_007	0	ASP000068	ICCTX006	matched_random_locus	GAA	1	pam_plus_mobile	3	0.004153766376062564	0
NEG_ICCTX006_008	0	ASP000068	ICCTX006	matched_random_locus	TGG	0	pam_plus_mobile	3	0.0005998693322346389	0
NEG_ICCTX006_009	0	ASP000068	ICCTX006	matched_random_locus	GTT	0	pam_plus_mobile	3	0.0008826145535015463	0
NEG_ICCTX006_010	0	ASP000068	ICCTX006	matched_random_locus	GCA	0	pam_plus_mobile	3	0.00013974670984713024	0
NEG_ICCTX006_011	0	ASP000068	ICCTX006	matched_random_locus	GGG	0	pam_plus_mobile	3	1.3261666326502603e-05	0
NEG_ICCTX006_012	0	ASP000068	ICCTX006	matched_random_locus	CCG	0	pam_plus_mobile	3	2.848146537638756e-05	0
NEG_ICCTX006_013	0	ASP000068	ICCTX006	matched_random_locus	ATG	1	pam_plus_mobile	3	0.022396766115769247	0
NEG_ICCTX006_014	0	ASP000068	ICCTX006	matched_random_locus	GCT	0	pam_plus_mobile	3	2.4750575550267752e-05	0
NEG_ICCTX006_015	0	ASP000068	ICCTX006	matched_random_locus	CTT	0	pam_plus_mobile	3	0.0009079051060293195	0
NEG_ICCTX006_016	0	ASP000068	ICCTX006	matched_random_locus	CAA	0	pam_plus_mobile	3	0.0006169535519531846	0
NEG_ICCTX006_017	0	ASP000068	ICCTX006	matched_random_locus	GGA	0	pam_plus_mobile	3	6.693954236029416e-05	0
NEG_ICCTX006_018	0	ASP000068	ICCTX006	matched_random_locus	TGC	0	pam_plus_mobile	3	0.059382185772715555	0
NEG_ICCTX006_019	0	ASP000068	ICCTX006	matched_random_locus	AGT	0	pam_plus_mobile	3	3.9541084982391885e-05	0
NEG_ICCTX006_020	0	ASP000068	ICCTX006	matched_random_locus	ACT	0	pam_plus_mobile	3	8.25506273061163e-05	0
NEG_ICCTX006_021	0	ASP000068	ICCTX006	matched_random_locus	AAG	0	pam_plus_mobile	3	0.0003963876946974093	0
NEG_ICCTX006_022	0	ASP000068	ICCTX006	matched_random_locus	GCC	0	pam_plus_mobile	3	0.002903736093865125	0
NEG_ICCTX006_023	0	ASP000068	ICCTX006	matched_random_locus	TGA	0	pam_plus_mobile	3	0.003020726064739257	0
NEG_ICCTX006_024	0	ASP000068	ICCTX006	matched_random_locus	CAG	0	pam_plus_mobile	3	0.00012228112525221292	0
NEG_ICCTX006_025	0	ASP000068	ICCTX006	matched_random_locus	TCA	0	pam_plus_mobile	3	0.006286039131907862	0
NEG_ICCTX006_026	0	ASP000068	ICCTX006	matched_random_locus	TTG	0	pam_plus_mobile	3	0.04281180927526493	0
NEG_ICCTX006_027	0	ASP000068	ICCTX006	matched_random_locus	ATT	1	pam_plus_mobile	3	0.020068735944575467	0
NEG_ICCTX006_028	0	ASP000068	ICCTX006	matched_random_locus	TGG	0	pam_plus_mobile	3	0.0005998693322346389	0
NEG_ICCTX006_029	0	ASP000068	ICCTX006	matched_random_locus	GTA	0	pam_plus_mobile	3	0.004963634072919007	0
NEG_ICCTX006_030	0	ASP000068	ICCTX006	matched_random_locus	CAC	1	pam_plus_mobile	3	0.0820653245852148	0
NEG_ICCTX006_031	0	ASP000068	ICCTX006	matched_random_locus	CTC	0	pam_plus_mobile	3	0.09659234393842848	0
NEG_ICCTX006_032	0	ASP000068	ICCTX006	matched_random_locus	GGT	0	pam_plus_mobile	3	1.1854969123723242e-05	0
NEG_ICCTX006_033	0	ASP000068	ICCTX006	matched_random_locus	CTC	0	pam_plus_mobile	3	0.09659234393842848	0
NEG_ICCTX006_034	0	ASP000068	ICCTX006	matched_random_locus	CAG	0	pam_plus_mobile	3	0.00012228112525221292	0
NEG_ICCTX006_035	0	ASP000068	ICCTX006	matched_random_locus	TTT	1	pam_plus_mobile	3	0.2174618768933	0
NEG_ICCTX006_036	0	ASP000068	ICCTX006	matched_random_locus	TTC	0	pam_plus_mobile	3	0.8246926410372939	1
NEG_ICCTX006_037	0	ASP000068	ICCTX006	matched_random_locus	CAC	0	pam_plus_mobile	3	0.012699528650974925	0
NEG_ICCTX006_038	0	ASP000068	ICCTX006	matched_random_locus	GCA	1	pam_plus_mobile	3	0.0009704882079067632	0
NEG_ICCTX006_039	0	ASP000068	ICCTX006	matched_random_locus	GCC	0	pam_plus_mobile	3	0.002903736093865125	0
NEG_ICCTX006_040	0	ASP000068	ICCTX006	matched_random_locus	TTT	1	pam_plus_mobile	3	0.2174618768933	0
NEG_ICCTX006_041	0	ASP000068	ICCTX006	matched_random_locus	AGG	0	pam_plus_mobile	3	4.4232840004890196e-05	0
NEG_ICCTX006_042	0	ASP000068	ICCTX006	matched_random_locus	TAG	0	pam_plus_mobile	3	0.005351986256174525	0
NEG_ICCTX006_043	0	ASP000068	ICCTX006	matched_random_locus	GGC	0	pam_plus_mobile	3	0.0013929137376839705	0
NEG_ICCTX006_044	0	ASP000068	ICCTX006	matched_random_locus	GAG	0	pam_plus_mobile	3	0.00011887226544514154	0
NEG_ICCTX006_045	0	ASP000068	ICCTX006	matched_random_locus	CGG	0	pam_plus_mobile	3	1.3642007973165342e-05	0
NEG_ICCTX006_046	0	ASP000068	ICCTX006	matched_random_locus	ATC	0	pam_plus_mobile	3	0.2574374794823249	0
NEG_ICCTX006_047	0	ASP000068	ICCTX006	matched_random_locus	TAT	1	pam_plus_mobile	3	0.032350069435348364	0
NEG_ICCTX006_048	0	ASP000068	ICCTX006	matched_random_locus	ACA	0	pam_plus_mobile	3	0.0004659722455984574	0
NEG_ICCTX006_049	0	ASP000068	ICCTX006	matched_random_locus	ATA	0	pam_plus_mobile	3	0.016366443624716228	0
NEG_ICCTX006_050	0	ASP000068	ICCTX006	matched_random_locus	TTT	0	pam_plus_mobile	3	0.03844519025178708	0
NEG_ICCTX006_051	0	ASP000068	ICCTX006	matched_random_locus	ACC	0	pam_plus_mobile	3	0.009620154057124814	0
NEG_ICCTX006_052	0	ASP000068	ICCTX006	matched_random_locus	GTA	0	pam_plus_mobile	3	0.004963634072919007	0
NEG_ICCTX006_053	0	ASP000068	ICCTX006	matched_random_locus	AAC	0	pam_plus_mobile	3	0.04003797661675244	0
NEG_ICCTX006_054	0	ASP000068	ICCTX006	matched_random_locus	CAT	1	pam_plus_mobile	3	0.0007592661581510053	0
NEG_ICCTX006_055	0	ASP000068	ICCTX006	matched_random_locus	ACA	0	pam_plus_mobile	3	0.0004659722455984574	0
NEG_ICCTX006_056	0	ASP000068	ICCTX006	matched_random_locus	TCG	0	pam_plus_mobile	3	0.0012515950369250217	0
NEG_ICCTX006_057	0	ASP000068	ICCTX006	matched_random_locus	CCT	0	pam_plus_mobile	3	2.5460408174071196e-05	0
NEG_ICCTX006_058	0	ASP000068	ICCTX006	matched_random_locus	GAC	0	pam_plus_mobile	3	0.01234983150548324	0
NEG_ICCTX006_059	0	ASP000068	ICCTX006	matched_random_locus	ACA	0	pam_plus_mobile	3	0.0004659722455984574	0
NEG_ICCTX006_060	0	ASP000068	ICCTX006	matched_random_locus	GGA	0	pam_plus_mobile	3	6.693954236029416e-05	0
NEG_ICCTX006_061	0	ASP000068	ICCTX006	matched_random_locus	TCG	0	pam_plus_mobile	3	0.0012515950369250217	0
NEG_ICCTX006_062	0	ASP000068	ICCTX006	matched_random_locus	ATT	0	pam_plus_mobile	3	0.0029378996371756607	0
NEG_ICCTX006_063	0	ASP000068	ICCTX006	matched_random_locus	ATC	0	pam_plus_mobile	3	0.2574374794823249	0
NEG_ICCTX006_064	0	ASP000068	ICCTX006	matched_random_locus	CAA	0	pam_plus_mobile	3	0.0006169535519531846	0
NEG_ICCTX006_065	0	ASP000068	ICCTX006	matched_random_locus	CCG	1	pam_plus_mobile	3	0.00019792396913706684	0
NEG_ICCTX006_066	0	ASP000068	ICCTX006	matched_random_locus	TTA	0	pam_plus_mobile	3	0.18418902500251183	0
NEG_ICCTX006_067	0	ASP000068	ICCTX006	matched_random_locus	GGG	0	pam_plus_mobile	3	1.3261666326502603e-05	0
NEG_ICCTX006_068	0	ASP000068	ICCTX006	matched_random_locus	TCT	0	pam_plus_mobile	3	0.0011189822908480313	0
NEG_ICCTX006_069	0	ASP000068	ICCTX006	matched_random_locus	GAA	0	pam_plus_mobile	3	0.0005997628638844796	0
NEG_ICCTX006_070	0	ASP000068	ICCTX006	matched_random_locus	CAT	1	pam_plus_mobile	3	0.0007592661581510053	0
NEG_ICCTX006_071	0	ASP000068	ICCTX006	matched_random_locus	CGA	0	pam_plus_mobile	3	6.885924756905404e-05	0
NEG_ICCTX006_072	0	ASP000068	ICCTX006	matched_random_locus	GCA	1	pam_plus_mobile	3	0.0009704882079067632	0
NEG_ICCTX006_073	0	ASP000068	ICCTX006	matched_random_locus	CAC	0	pam_plus_mobile	3	0.012699528650974925	0
NEG_ICCTX006_074	0	ASP000068	ICCTX006	matched_random_locus	TCT	0	pam_plus_mobile	3	0.0011189822908480313	0
NEG_ICCTX006_075	0	ASP000068	ICCTX006	matched_random_locus	TAA	0	pam_plus_mobile	3	0.026443248009768622	0
NEG_ICCTX006_076	0	ASP000068	ICCTX006	matched_random_locus	AAT	0	pam_plus_mobile	3	0.000354356288726752	0
NEG_ICCTX006_077	0	ASP000068	ICCTX006	matched_random_locus	GCT	0	pam_plus_mobile	3	2.4750575550267752e-05	0
NEG_ICCTX006_078	0	ASP000068	ICCTX006	matched_random_locus	ATT	0	pam_plus_mobile	3	0.0029378996371756607	0
NEG_ICCTX006_079	0	ASP000068	ICCTX006	matched_random_locus	GAT	0	pam_plus_mobile	3	0.0001062643855528312	0
NEG_ICCTX006_080	0	ASP000068	ICCTX006	matched_random_locus	CGG	0	pam_plus_mobile	3	1.3642007973165342e-05	0
NEG_ICCTX006_081	0	ASP000068	ICCTX006	matched_random_locus	TCT	0	pam_plus_mobile	3	0.0011189822908480313	0
NEG_ICCTX006_082	0	ASP000068	ICCTX006	matched_random_locus	AGC	0	pam_plus_mobile	3	0.0046309903086559565	0
NEG_ICCTX006_083	0	ASP000068	ICCTX006	matched_random_locus	AGG	0	pam_plus_mobile	3	4.4232840004890196e-05	0
NEG_ICCTX006_084	0	ASP000068	ICCTX006	matched_random_locus	AGG	0	pam_plus_mobile	3	4.4232840004890196e-05	0
NEG_ICCTX006_085	0	ASP000068	ICCTX006	matched_random_locus	TTC	0	pam_plus_mobile	3	0.8246926410372939	1
NEG_ICCTX006_086	0	ASP000068	ICCTX006	matched_random_locus	TCA	0	pam_plus_mobile	3	0.006286039131907862	0
NEG_ICCTX006_087	0	ASP000068	ICCTX006	matched_random_locus	GTC	1	pam_plus_mobile	3	0.41942065236983705	0
NEG_ICCTX006_088	0	ASP000068	ICCTX006	matched_random_locus	TAC	0	pam_plus_mobile	3	0.36140640772489946	0
NEG_ICCTX006_089	0	ASP000068	ICCTX006	matched_random_locus	ATA	0	pam_plus_mobile	3	0.016366443624716228	0
NEG_ICCTX006_090	0	ASP000068	ICCTX006	matched_random_locus	TAC	0	pam_plus_mobile	3	0.36140640772489946	0
NEG_ICCTX006_091	0	ASP000068	ICCTX006	matched_random_locus	TAT	0	pam_plus_mobile	3	0.004786998929444285	0
NEG_ICCTX006_092	0	ASP000068	ICCTX006	matched_random_locus	CAG	1	pam_plus_mobile	3	0.0008492844987584751	0
NEG_ICCTX006_093	0	ASP000068	ICCTX006	matched_random_locus	GCT	0	pam_plus_mobile	3	2.4750575550267752e-05	0
NEG_ICCTX006_094	0	ASP000068	ICCTX006	matched_random_locus	GAC	0	pam_plus_mobile	3	0.01234983150548324	0
NEG_ICCTX006_095	0	ASP000068	ICCTX006	matched_random_locus	ACG	0	pam_plus_mobile	3	9.23452165377068e-05	0
NEG_ICCTX006_096	0	ASP000068	ICCTX006	matched_random_locus	GTG	1	pam_plus_mobile	3	0.006821654945892224	0
NEG_ICCTX006_097	0	ASP000068	ICCTX006	matched_random_locus	AAA	0	pam_plus_mobile	3	0.0019977072301468365	0
NEG_ICCTX006_098	0	ASP000068	ICCTX006	matched_random_locus	GCA	0	pam_plus_mobile	3	0.00013974670984713024	0
NEG_ICCTX006_099	0	ASP000068	ICCTX006	matched_random_locus	TCC	0	pam_plus_mobile	3	0.11645594519133463	0
NEG_ICCTX006_100	0	ASP000068	ICCTX006	matched_random_locus	TCC	0	pam_plus_mobile	3	0.11645594519133463	0
POS_ICCTX007	1	ASP000074	ICCTX007	observed_target	TTC	1	pam_plus_mobile	4	0.9683518867724975	1
NEG_ICCTX007_001	0	ASP000074	ICCTX007	matched_random_locus	CTT	1	pam_plus_mobile	4	0.00526169242845157	0
NEG_ICCTX007_002	0	ASP000074	ICCTX007	matched_random_locus	CTC	0	pam_plus_mobile	4	0.12074948434332132	0
NEG_ICCTX007_003	0	ASP000074	ICCTX007	matched_random_locus	CTT	0	pam_plus_mobile	4	0.0009424721404599017	0
NEG_ICCTX007_004	0	ASP000074	ICCTX007	matched_random_locus	TGA	0	pam_plus_mobile	4	0.002882556896059005	0
NEG_ICCTX007_005	0	ASP000074	ICCTX007	matched_random_locus	CCA	0	pam_plus_mobile	4	0.00013306235056740543	0
NEG_ICCTX007_006	0	ASP000074	ICCTX007	matched_random_locus	AGT	0	pam_plus_mobile	4	3.6968537014269013e-05	0
NEG_ICCTX007_007	0	ASP000074	ICCTX007	matched_random_locus	ATT	1	pam_plus_mobile	4	0.01616109071338028	0
NEG_ICCTX007_008	0	ASP000074	ICCTX007	matched_random_locus	GTA	0	pam_plus_mobile	4	0.004212429518888952	0
NEG_ICCTX007_009	0	ASP000074	ICCTX007	matched_random_locus	GAC	0	pam_plus_mobile	4	0.010109636808709608	0
NEG_ICCTX007_010	0	ASP000074	ICCTX007	matched_random_locus	GTT	1	pam_plus_mobile	4	0.0038661886400552393	0
NEG_ICCTX007_011	0	ASP000074	ICCTX007	matched_random_locus	CTA	0	pam_plus_mobile	4	0.00573219005493646	0
NEG_ICCTX007_012	0	ASP000074	ICCTX007	matched_random_locus	GCT	1	pam_plus_mobile	4	8.958230503742892e-05	0
NEG_ICCTX007_013	0	ASP000074	ICCTX007	matched_random_locus	GAT	0	pam_plus_mobile	4	7.014930336870832e-05	0
NEG_ICCTX007_014	0	ASP000074	ICCTX007	matched_random_locus	CTA	0	pam_plus_mobile	4	0.00573219005493646	0
NEG_ICCTX007_015	0	ASP000074	ICCTX007	matched_random_locus	CAA	0	pam_plus_mobile	4	0.0005839700490159284	0
NEG_ICCTX007_016	0	ASP000074	ICCTX007	matched_random_locus	GTA	0	pam_plus_mobile	4	0.004212429518888952	0
NEG_ICCTX007_017	0	ASP000074	ICCTX007	matched_random_locus	ACC	0	pam_plus_mobile	4	0.009748637944332443	0
NEG_ICCTX007_018	0	ASP000074	ICCTX007	matched_random_locus	TTG	1	pam_plus_mobile	4	0.1949531374182124	0
NEG_ICCTX007_019	0	ASP000074	ICCTX007	matched_random_locus	GCC	0	pam_plus_mobile	4	0.0023206420900296824	0
NEG_ICCTX007_020	0	ASP000074	ICCTX007	matched_random_locus	GCT	0	pam_plus_mobile	4	1.59777496004104e-05	0
NEG_ICCTX007_021	0	ASP000074	ICCTX007	matched_random_locus	TAG	1	pam_plus_mobile	4	0.023955527229303462	0
NEG_ICCTX007_022	0	ASP000074	ICCTX007	matched_random_locus	TTC	0	pam_plus_mobile	4	0.8451271578090106	1
NEG_ICCTX007_023	0	ASP000074	ICCTX007	matched_random_locus	TGA	0	pam_plus_mobile	4	0.002882556896059005	0
NEG_ICCTX007_024	0	ASP000074	ICCTX007	matched_random_locus	AAT	1	pam_plus_mobile	4	0.0016620776220221685	0
NEG_ICCTX007_025	0	ASP000074	ICCTX007	matched_random_locus	GGT	1	pam_plus_mobile	4	4.8976114150734024e-05	0
NEG_ICCTX007_026	0	ASP000074	ICCTX007	matched_random_locus	AGC	0	pam_plus_mobile	4	0.005353179998286951	0
NEG_ICCTX007_027	0	ASP000074	ICCTX007	matched_random_locus	GGC	0	pam_plus_mobile	4	0.0012700175464400892	0
NEG_ICCTX007_028	0	ASP000074	ICCTX007	matched_random_locus	TGT	0	pam_plus_mobile	4	0.00047281038775079577	0
NEG_ICCTX007_029	0	ASP000074	ICCTX007	matched_random_locus	CAA	0	pam_plus_mobile	4	0.0005839700490159284	0
NEG_ICCTX007_030	0	ASP000074	ICCTX007	matched_random_locus	ATC	0	pam_plus_mobile	4	0.29897564839588586	0
NEG_ICCTX007_031	0	ASP000074	ICCTX007	matched_random_locus	CTG	0	pam_plus_mobile	4	0.0010857367923002392	0
NEG_ICCTX007_032	0	ASP000074	ICCTX007	matched_random_locus	CTT	0	pam_plus_mobile	4	0.0009424721404599017	0
NEG_ICCTX007_033	0	ASP000074	ICCTX007	matched_random_locus	CCT	0	pam_plus_mobile	4	2.1775310109729468e-05	0
NEG_ICCTX007_034	0	ASP000074	ICCTX007	matched_random_locus	GCT	0	pam_plus_mobile	4	1.59777496004104e-05	0
NEG_ICCTX007_035	0	ASP000074	ICCTX007	matched_random_locus	GAG	0	pam_plus_mobile	4	8.082338630869273e-05	0
NEG_ICCTX007_036	0	ASP000074	ICCTX007	matched_random_locus	GAT	0	pam_plus_mobile	4	7.014930336870832e-05	0
NEG_ICCTX007_037	0	ASP000074	ICCTX007	matched_random_locus	CCG	0	pam_plus_mobile	4	2.5088877180156e-05	0
NEG_ICCTX007_038	0	ASP000074	ICCTX007	matched_random_locus	GCT	0	pam_plus_mobile	4	1.59777496004104e-05	0
NEG_ICCTX007_039	0	ASP000074	ICCTX007	matched_random_locus	TTG	0	pam_plus_mobile	4	0.04140069087797777	0
NEG_ICCTX007_040	0	ASP000074	ICCTX007	matched_random_locus	TAC	0	pam_plus_mobile	4	0.35611071825202856	0
NEG_ICCTX007_041	0	ASP000074	ICCTX007	matched_random_locus	TGC	0	pam_plus_mobile	4	0.06442655532411475	0
NEG_ICCTX007_042	0	ASP000074	ICCTX007	matched_random_locus	TTA	0	pam_plus_mobile	4	0.18638476506141977	0
NEG_ICCTX007_043	0	ASP000074	ICCTX007	matched_random_locus	GCT	0	pam_plus_mobile	4	1.59777496004104e-05	0
NEG_ICCTX007_044	0	ASP000074	ICCTX007	matched_random_locus	CAG	0	pam_plus_mobile	4	0.000110147732608637	0
NEG_ICCTX007_045	0	ASP000074	ICCTX007	matched_random_locus	AAT	0	pam_plus_mobile	4	0.0002968289211130025	0
NEG_ICCTX007_046	0	ASP000074	ICCTX007	matched_random_locus	TGC	1	pam_plus_mobile	4	0.27856327603198733	0
NEG_ICCTX007_047	0	ASP000074	ICCTX007	matched_random_locus	GAT	0	pam_plus_mobile	4	7.014930336870832e-05	0
NEG_ICCTX007_048	0	ASP000074	ICCTX007	matched_random_locus	TGA	0	pam_plus_mobile	4	0.002882556896059005	0
NEG_ICCTX007_049	0	ASP000074	ICCTX007	matched_random_locus	TAA	1	pam_plus_mobile	4	0.1151881771726206	0
NEG_ICCTX007_050	0	ASP000074	ICCTX007	matched_random_locus	TCG	0	pam_plus_mobile	4	0.0009959407690272879	0
NEG_ICCTX007_051	0	ASP000074	ICCTX007	matched_random_locus	CAA	0	pam_plus_mobile	4	0.0005839700490159284	0
NEG_ICCTX007_052	0	ASP000074	ICCTX007	matched_random_locus	GTA	0	pam_plus_mobile	4	0.004212429518888952	0
NEG_ICCTX007_053	0	ASP000074	ICCTX007	matched_random_locus	GAC	0	pam_plus_mobile	4	0.010109636808709608	0
NEG_ICCTX007_054	0	ASP000074	ICCTX007	matched_random_locus	GGT	1	pam_plus_mobile	4	4.8976114150734024e-05	0
NEG_ICCTX007_055	0	ASP000074	ICCTX007	matched_random_locus	TTT	0	pam_plus_mobile	4	0.03613021351015868	0
NEG_ICCTX007_056	0	ASP000074	ICCTX007	matched_random_locus	TAT	0	pam_plus_mobile	4	0.0037847084066359184	0
NEG_ICCTX007_057	0	ASP000074	ICCTX007	matched_random_locus	AAC	0	pam_plus_mobile	4	0.04143353644383922	0
NEG_ICCTX007_058	0	ASP000074	ICCTX007	matched_random_locus	ATG	0	pam_plus_mobile	4	0.0033640539077153288	0
NEG_ICCTX007_059	0	ASP000074	ICCTX007	matched_random_locus	TAC	0	pam_plus_mobile	4	0.35611071825202856	0
NEG_ICCTX007_060	0	ASP000074	ICCTX007	matched_random_locus	GCA	0	pam_plus_mobile	4	9.763810043205925e-05	0
NEG_ICCTX007_061	0	ASP000074	ICCTX007	matched_random_locus	ACG	1	pam_plus_mobile	4	0.00043668781920950264	0
NEG_ICCTX007_062	0	ASP000074	ICCTX007	matched_random_locus	CGG	0	pam_plus_mobile	4	1.3716099276434342e-05	0
NEG_ICCTX007_063	0	ASP000074	ICCTX007	matched_random_locus	CCT	0	pam_plus_mobile	4	2.1775310109729468e-05	0
NEG_ICCTX007_064	0	ASP000074	ICCTX007	matched_random_locus	TTC	0	pam_plus_mobile	4	0.8451271578090106	1
NEG_ICCTX007_065	0	ASP000074	ICCTX007	matched_random_locus	AAT	0	pam_plus_mobile	4	0.0002968289211130025	0
NEG_ICCTX007_066	0	ASP000074	ICCTX007	matched_random_locus	ATT	0	pam_plus_mobile	4	0.0029210408823842414	0
NEG_ICCTX007_067	0	ASP000074	ICCTX007	matched_random_locus	GAC	0	pam_plus_mobile	4	0.010109636808709608	0
NEG_ICCTX007_068	0	ASP000074	ICCTX007	matched_random_locus	CGC	0	pam_plus_mobile	4	0.0017300588779979398	0
NEG_ICCTX007_069	0	ASP000074	ICCTX007	matched_random_locus	CAT	0	pam_plus_mobile	4	9.560124847084513e-05	0
NEG_ICCTX007_070	0	ASP000074	ICCTX007	matched_random_locus	CTG	1	pam_plus_mobile	4	0.006057538386954589	0
NEG_ICCTX007_071	0	ASP000074	ICCTX007	matched_random_locus	AAT	0	pam_plus_mobile	4	0.0002968289211130025	0
NEG_ICCTX007_072	0	ASP000074	ICCTX007	matched_random_locus	TTG	0	pam_plus_mobile	4	0.04140069087797777	0
NEG_ICCTX007_073	0	ASP000074	ICCTX007	matched_random_locus	AAA	0	pam_plus_mobile	4	0.0018112857760878033	0
NEG_ICCTX007_074	0	ASP000074	ICCTX007	matched_random_locus	GAA	0	pam_plus_mobile	4	0.0004285552773203358	0
NEG_ICCTX007_075	0	ASP000074	ICCTX007	matched_random_locus	CAG	0	pam_plus_mobile	4	0.000110147732608637	0
NEG_ICCTX007_076	0	ASP000074	ICCTX007	matched_random_locus	TCT	0	pam_plus_mobile	4	0.0008645145870470518	0
NEG_ICCTX007_077	0	ASP000074	ICCTX007	matched_random_locus	GTG	1	pam_plus_mobile	4	0.0044519053294973295	0
NEG_ICCTX007_078	0	ASP000074	ICCTX007	matched_random_locus	GCA	1	pam_plus_mobile	4	0.0005472208008806464	0
NEG_ICCTX007_079	0	ASP000074	ICCTX007	matched_random_locus	TGA	0	pam_plus_mobile	4	0.002882556896059005	0
NEG_ICCTX007_080	0	ASP000074	ICCTX007	matched_random_locus	TCA	1	pam_plus_mobile	4	0.028796258033632015	0
NEG_ICCTX007_081	0	ASP000074	ICCTX007	matched_random_locus	ATC	0	pam_plus_mobile	4	0.29897564839588586	0
NEG_ICCTX007_082	0	ASP000074	ICCTX007	matched_random_locus	CCC	0	pam_plus_mobile	4	0.0031600493793268146	0
NEG_ICCTX007_083	0	ASP000074	ICCTX007	matched_random_locus	GTC	0	pam_plus_mobile	4	0.09154312104447732	0
NEG_ICCTX007_084	0	ASP000074	ICCTX007	matched_random_locus	AGT	0	pam_plus_mobile	4	3.6968537014269013e-05	0
NEG_ICCTX007_085	0	ASP000074	ICCTX007	matched_random_locus	TCC	0	pam_plus_mobile	4	0.11187125194919846	0
NEG_ICCTX007_086	0	ASP000074	ICCTX007	matched_random_locus	CGA	0	pam_plus_mobile	4	7.274880146968499e-05	0
NEG_ICCTX007_087	0	ASP000074	ICCTX007	matched_random_locus	AAT	1	pam_plus_mobile	4	0.0016620776220221685	0
NEG_ICCTX007_088	0	ASP000074	ICCTX007	matched_random_locus	AAT	0	pam_plus_mobile	4	0.0002968289211130025	0
NEG_ICCTX007_089	0	ASP000074	ICCTX007	matched_random_locus	GCT	0	pam_plus_mobile	4	1.59777496004104e-05	0
NEG_ICCTX007_090	0	ASP000074	ICCTX007	matched_random_locus	CTT	0	pam_plus_mobile	4	0.0009424721404599017	0
NEG_ICCTX007_091	0	ASP000074	ICCTX007	matched_random_locus	GCT	0	pam_plus_mobile	4	1.59777496004104e-05	0
NEG_ICCTX007_092	0	ASP000074	ICCTX007	matched_random_locus	TCA	0	pam_plus_mobile	4	0.005260132011990396	0
NEG_ICCTX007_093	0	ASP000074	ICCTX007	matched_random_locus	TAT	1	pam_plus_mobile	4	0.020857568684863336	0
NEG_ICCTX007_094	0	ASP000074	ICCTX007	matched_random_locus	TTT	0	pam_plus_mobile	4	0.03613021351015868	0
NEG_ICCTX007_095	0	ASP000074	ICCTX007	matched_random_locus	TCC	0	pam_plus_mobile	4	0.11187125194919846	0
NEG_ICCTX007_096	0	ASP000074	ICCTX007	matched_random_locus	TAA	0	pam_plus_mobile	4	0.022690829502337678	0
NEG_ICCTX007_097	0	ASP000074	ICCTX007	matched_random_locus	CTT	0	pam_plus_mobile	4	0.0009424721404599017	0
NEG_ICCTX007_098	0	ASP000074	ICCTX007	matched_random_locus	GGG	0	pam_plus_mobile	4	1.0064239194736296e-05	0
NEG_ICCTX007_099	0	ASP000074	ICCTX007	matched_random_locus	AAT	0	pam_plus_mobile	4	0.0002968289211130025	0
NEG_ICCTX007_100	0	ASP000074	ICCTX007	matched_random_locus	GAG	0	pam_plus_mobile	4	8.082338630869273e-05	0
POS_ICCTX008	1	ASP000086	ICCTX008	observed_target	TTC	1	pam_plus_mobile	2	0.9697169456611369	1
NEG_ICCTX008_001	0	ASP000086	ICCTX008	matched_random_locus	TAT	0	pam_plus_mobile	2	0.0035338428414286725	0
NEG_ICCTX008_002	0	ASP000086	ICCTX008	matched_random_locus	TTA	0	pam_plus_mobile	2	0.18979759033492838	0
NEG_ICCTX008_003	0	ASP000086	ICCTX008	matched_random_locus	AGA	0	pam_plus_mobile	2	0.0002487975797913671	0
NEG_ICCTX008_004	0	ASP000086	ICCTX008	matched_random_locus	CTG	0	pam_plus_mobile	2	0.0011482662315400861	0
NEG_ICCTX008_005	0	ASP000086	ICCTX008	matched_random_locus	CGC	0	pam_plus_mobile	2	0.0015052036619383714	0
NEG_ICCTX008_006	0	ASP000086	ICCTX008	matched_random_locus	GAA	0	pam_plus_mobile	2	0.00047621796173140797	0
NEG_ICCTX008_007	0	ASP000086	ICCTX008	matched_random_locus	CCG	0	pam_plus_mobile	2	3.13408981618768e-05	0
NEG_ICCTX008_008	0	ASP000086	ICCTX008	matched_random_locus	TAT	0	pam_plus_mobile	2	0.0035338428414286725	0
NEG_ICCTX008_009	0	ASP000086	ICCTX008	matched_random_locus	TCT	0	pam_plus_mobile	2	0.0009721191382223328	0
NEG_ICCTX008_010	0	ASP000086	ICCTX008	matched_random_locus	TAA	1	pam_plus_mobile	2	0.1414841857545684	0
NEG_ICCTX008_011	0	ASP000086	ICCTX008	matched_random_locus	GTC	0	pam_plus_mobile	2	0.08473185175466609	0
NEG_ICCTX008_012	0	ASP000086	ICCTX008	matched_random_locus	GGA	0	pam_plus_mobile	2	6.069580246309498e-05	0
NEG_ICCTX008_013	0	ASP000086	ICCTX008	matched_random_locus	GCT	1	pam_plus_mobile	2	0.000140995744028368	0
NEG_ICCTX008_014	0	ASP000086	ICCTX008	matched_random_locus	CCC	0	pam_plus_mobile	2	0.0032361345793989337	0
NEG_ICCTX008_015	0	ASP000086	ICCTX008	matched_random_locus	AAG	0	pam_plus_mobile	2	0.0003639372431127766	0
NEG_ICCTX008_016	0	ASP000086	ICCTX008	matched_random_locus	TTG	1	pam_plus_mobile	2	0.2361318096187289	0
NEG_ICCTX008_017	0	ASP000086	ICCTX008	matched_random_locus	GGT	0	pam_plus_mobile	2	9.247881122375149e-06	0
NEG_ICCTX008_018	0	ASP000086	ICCTX008	matched_random_locus	ATC	1	pam_plus_mobile	2	0.7287931854610981	1
NEG_ICCTX008_019	0	ASP000086	ICCTX008	matched_random_locus	GCG	0	pam_plus_mobile	2	2.4364752970267818e-05	0
NEG_ICCTX008_020	0	ASP000086	ICCTX008	matched_random_locus	TGA	0	pam_plus_mobile	2	0.0029567174996443916	0
NEG_ICCTX008_021	0	ASP000086	ICCTX008	matched_random_locus	ATT	0	pam_plus_mobile	2	0.0029861936592870384	0
NEG_ICCTX008_022	0	ASP000086	ICCTX008	matched_random_locus	GCA	1	pam_plus_mobile	2	0.000924707167972507	0
NEG_ICCTX008_023	0	ASP000086	ICCTX008	matched_random_locus	ACA	0	pam_plus_mobile	2	0.0005356811184048237	0
NEG_ICCTX008_024	0	ASP000086	ICCTX008	matched_random_locus	ACC	0	pam_plus_mobile	2	0.010241889832655247	0
NEG_ICCTX008_025	0	ASP000086	ICCTX008	matched_random_locus	AGC	1	pam_plus_mobile	2	0.03289837703757402	0
NEG_ICCTX008_026	0	ASP000086	ICCTX008	matched_random_locus	TCG	0	pam_plus_mobile	2	0.001188958593980111	0
NEG_ICCTX008_027	0	ASP000086	ICCTX008	matched_random_locus	AGA	0	pam_plus_mobile	2	0.0002487975797913671	0
NEG_ICCTX008_028	0	ASP000086	ICCTX008	matched_random_locus	AAA	0	pam_plus_mobile	2	0.001949549797157559	0
NEG_ICCTX008_029	0	ASP000086	ICCTX008	matched_random_locus	CTG	0	pam_plus_mobile	2	0.0011482662315400861	0
NEG_ICCTX008_030	0	ASP000086	ICCTX008	matched_random_locus	TTG	0	pam_plus_mobile	2	0.04183504070636793	0
NEG_ICCTX008_031	0	ASP000086	ICCTX008	matched_random_locus	ATC	0	pam_plus_mobile	2	0.2751252814450074	0
NEG_ICCTX008_032	0	ASP000086	ICCTX008	matched_random_locus	GTG	0	pam_plus_mobile	2	0.0008928965740019143	0
NEG_ICCTX008_033	0	ASP000086	ICCTX008	matched_random_locus	AAT	0	pam_plus_mobile	2	0.0002975184101197112	0
NEG_ICCTX008_034	0	ASP000086	ICCTX008	matched_random_locus	TAT	0	pam_plus_mobile	2	0.0035338428414286725	0
NEG_ICCTX008_035	0	ASP000086	ICCTX008	matched_random_locus	TTC	0	pam_plus_mobile	2	0.8189330288452972	1
NEG_ICCTX008_036	0	ASP000086	ICCTX008	matched_random_locus	TCG	0	pam_plus_mobile	2	0.001188958593980111	0
NEG_ICCTX008_037	0	ASP000086	ICCTX008	matched_random_locus	CCG	1	pam_plus_mobile	2	0.0002218527662422749	0
NEG_ICCTX008_038	0	ASP000086	ICCTX008	matched_random_locus	TAA	0	pam_plus_mobile	2	0.02274732381636665	0
NEG_ICCTX008_039	0	ASP000086	ICCTX008	matched_random_locus	CAA	0	pam_plus_mobile	2	0.0006124900147992908	0
NEG_ICCTX008_040	0	ASP000086	ICCTX008	matched_random_locus	ACA	0	pam_plus_mobile	2	0.0005356811184048237	0
NEG_ICCTX008_041	0	ASP000086	ICCTX008	matched_random_locus	CGC	0	pam_plus_mobile	2	0.0015052036619383714	0
NEG_ICCTX008_042	0	ASP000086	ICCTX008	matched_random_locus	GCG	0	pam_plus_mobile	2	2.4364752970267818e-05	0
NEG_ICCTX008_043	0	ASP000086	ICCTX008	matched_random_locus	CCA	0	pam_plus_mobile	2	0.00016813157340429618	0
NEG_ICCTX008_044	0	ASP000086	ICCTX008	matched_random_locus	CCG	0	pam_plus_mobile	2	3.13408981618768e-05	0
NEG_ICCTX008_045	0	ASP000086	ICCTX008	matched_random_locus	AAG	0	pam_plus_mobile	2	0.0003639372431127766	0
NEG_ICCTX008_046	0	ASP000086	ICCTX008	matched_random_locus	AAT	0	pam_plus_mobile	2	0.0002975184101197112	0
NEG_ICCTX008_047	0	ASP000086	ICCTX008	matched_random_locus	AGA	0	pam_plus_mobile	2	0.0002487975797913671	0
NEG_ICCTX008_048	0	ASP000086	ICCTX008	matched_random_locus	TCA	0	pam_plus_mobile	2	0.006346228910120141	0
NEG_ICCTX008_049	0	ASP000086	ICCTX008	matched_random_locus	CGG	0	pam_plus_mobile	2	1.4552375800793263e-05	0
NEG_ICCTX008_050	0	ASP000086	ICCTX008	matched_random_locus	CAC	0	pam_plus_mobile	2	0.011694144354837016	0
NEG_ICCTX008_051	0	ASP000086	ICCTX008	matched_random_locus	AGT	0	pam_plus_mobile	2	3.791394594806053e-05	0
NEG_ICCTX008_052	0	ASP000086	ICCTX008	matched_random_locus	GAA	0	pam_plus_mobile	2	0.00047621796173140797	0
NEG_ICCTX008_053	0	ASP000086	ICCTX008	matched_random_locus	ATG	0	pam_plus_mobile	2	0.0036506479227528827	0
NEG_ICCTX008_054	0	ASP000086	ICCTX008	matched_random_locus	GTT	0	pam_plus_mobile	2	0.0007300127450549174	0
NEG_ICCTX008_055	0	ASP000086	ICCTX008	matched_random_locus	AGG	0	pam_plus_mobile	2	4.638064891674167e-05	0
NEG_ICCTX008_056	0	ASP000086	ICCTX008	matched_random_locus	ATT	0	pam_plus_mobile	2	0.0029861936592870384	0
NEG_ICCTX008_057	0	ASP000086	ICCTX008	matched_random_locus	ATC	1	pam_plus_mobile	2	0.7287931854610981	1
NEG_ICCTX008_058	0	ASP000086	ICCTX008	matched_random_locus	ATA	0	pam_plus_mobile	2	0.019279719732344335	0
NEG_ICCTX008_059	0	ASP000086	ICCTX008	matched_random_locus	TGC	0	pam_plus_mobile	2	0.054153728424671914	0
NEG_ICCTX008_060	0	ASP000086	ICCTX008	matched_random_locus	GGA	1	pam_plus_mobile	2	0.00042957062606706494	0
NEG_ICCTX008_061	0	ASP000086	ICCTX008	matched_random_locus	TGC	0	pam_plus_mobile	2	0.054153728424671914	0
NEG_ICCTX008_062	0	ASP000086	ICCTX008	matched_random_locus	GCT	0	pam_plus_mobile	2	1.991693165142451e-05	0
NEG_ICCTX008_063	0	ASP000086	ICCTX008	matched_random_locus	TCC	0	pam_plus_mobile	2	0.10977251922198815	0
NEG_ICCTX008_064	0	ASP000086	ICCTX008	matched_random_locus	TGC	1	pam_plus_mobile	2	0.28844000222735655	0
NEG_ICCTX008_065	0	ASP000086	ICCTX008	matched_random_locus	ACC	0	pam_plus_mobile	2	0.010241889832655247	0
NEG_ICCTX008_066	0	ASP000086	ICCTX008	matched_random_locus	ATC	0	pam_plus_mobile	2	0.2751252814450074	0
NEG_ICCTX008_067	0	ASP000086	ICCTX008	matched_random_locus	GGG	0	pam_plus_mobile	2	1.1313131954909222e-05	0
NEG_ICCTX008_068	0	ASP000086	ICCTX008	matched_random_locus	CTT	0	pam_plus_mobile	2	0.0009388411767938108	0
NEG_ICCTX008_069	0	ASP000086	ICCTX008	matched_random_locus	CGC	0	pam_plus_mobile	2	0.0015052036619383714	0
NEG_ICCTX008_070	0	ASP000086	ICCTX008	matched_random_locus	GTC	0	pam_plus_mobile	2	0.08473185175466609	0
NEG_ICCTX008_071	0	ASP000086	ICCTX008	matched_random_locus	AAA	1	pam_plus_mobile	2	0.013641210652800603	0
NEG_ICCTX008_072	0	ASP000086	ICCTX008	matched_random_locus	TAA	0	pam_plus_mobile	2	0.02274732381636665	0
NEG_ICCTX008_073	0	ASP000086	ICCTX008	matched_random_locus	GCG	0	pam_plus_mobile	2	2.4364752970267818e-05	0
NEG_ICCTX008_074	0	ASP000086	ICCTX008	matched_random_locus	CCG	1	pam_plus_mobile	2	0.0002218527662422749	0
NEG_ICCTX008_075	0	ASP000086	ICCTX008	matched_random_locus	CTC	0	pam_plus_mobile	2	0.10641145842575037	0
NEG_ICCTX008_076	0	ASP000086	ICCTX008	matched_random_locus	CAA	0	pam_plus_mobile	2	0.0006124900147992908	0
NEG_ICCTX008_077	0	ASP000086	ICCTX008	matched_random_locus	CGG	1	pam_plus_mobile	2	0.00010302239356994423	0
NEG_ICCTX008_078	0	ASP000086	ICCTX008	matched_random_locus	TTG	0	pam_plus_mobile	2	0.04183504070636793	0
NEG_ICCTX008_079	0	ASP000086	ICCTX008	matched_random_locus	GAA	0	pam_plus_mobile	2	0.00047621796173140797	0
NEG_ICCTX008_080	0	ASP000086	ICCTX008	matched_random_locus	ATC	0	pam_plus_mobile	2	0.2751252814450074	0
NEG_ICCTX008_081	0	ASP000086	ICCTX008	matched_random_locus	AGC	0	pam_plus_mobile	2	0.004781724442439021	0
NEG_ICCTX008_082	0	ASP000086	ICCTX008	matched_random_locus	CTG	0	pam_plus_mobile	2	0.0011482662315400861	0
NEG_ICCTX008_083	0	ASP000086	ICCTX008	matched_random_locus	AGA	0	pam_plus_mobile	2	0.0002487975797913671	0
NEG_ICCTX008_084	0	ASP000086	ICCTX008	matched_random_locus	CAA	0	pam_plus_mobile	2	0.0006124900147992908	0
NEG_ICCTX008_085	0	ASP000086	ICCTX008	matched_random_locus	TCC	0	pam_plus_mobile	2	0.10977251922198815	0
NEG_ICCTX008_086	0	ASP000086	ICCTX008	matched_random_locus	GTT	0	pam_plus_mobile	2	0.0007300127450549174	0
NEG_ICCTX008_087	0	ASP000086	ICCTX008	matched_random_locus	CCA	0	pam_plus_mobile	2	0.00016813157340429618	0
NEG_ICCTX008_088	0	ASP000086	ICCTX008	matched_random_locus	GCA	0	pam_plus_mobile	2	0.00013071128240532478	0
NEG_ICCTX008_089	0	ASP000086	ICCTX008	matched_random_locus	AGG	0	pam_plus_mobile	2	4.638064891674167e-05	0
NEG_ICCTX008_090	0	ASP000086	ICCTX008	matched_random_locus	TTG	0	pam_plus_mobile	2	0.04183504070636793	0
NEG_ICCTX008_091	0	ASP000086	ICCTX008	matched_random_locus	TTA	0	pam_plus_mobile	2	0.18979759033492838	0
NEG_ICCTX008_092	0	ASP000086	ICCTX008	matched_random_locus	AAT	0	pam_plus_mobile	2	0.0002975184101197112	0
NEG_ICCTX008_093	0	ASP000086	ICCTX008	matched_random_locus	GCT	0	pam_plus_mobile	2	1.991693165142451e-05	0
NEG_ICCTX008_094	0	ASP000086	ICCTX008	matched_random_locus	TCA	0	pam_plus_mobile	2	0.006346228910120141	0
NEG_ICCTX008_095	0	ASP000086	ICCTX008	matched_random_locus	CAC	1	pam_plus_mobile	2	0.07729905853617916	0
NEG_ICCTX008_096	0	ASP000086	ICCTX008	matched_random_locus	TGA	0	pam_plus_mobile	2	0.0029567174996443916	0
NEG_ICCTX008_097	0	ASP000086	ICCTX008	matched_random_locus	TCC	0	pam_plus_mobile	2	0.10977251922198815	0
NEG_ICCTX008_098	0	ASP000086	ICCTX008	matched_random_locus	GAA	0	pam_plus_mobile	2	0.00047621796173140797	0
NEG_ICCTX008_099	0	ASP000086	ICCTX008	matched_random_locus	GCG	0	pam_plus_mobile	2	2.4364752970267818e-05	0
NEG_ICCTX008_100	0	ASP000086	ICCTX008	matched_random_locus	CTT	0	pam_plus_mobile	2	0.0009388411767938108	0
POS_ICCTX009	1	ASP000086	ICCTX009	observed_target	TTC	1	pam_plus_mobile	2	0.9697169456611369	1
NEG_ICCTX009_001	0	ASP000086	ICCTX009	matched_random_locus	TGG	1	pam_plus_mobile	2	0.0038979705288085258	0
NEG_ICCTX009_002	0	ASP000086	ICCTX009	matched_random_locus	TTG	1	pam_plus_mobile	2	0.2361318096187289	0
NEG_ICCTX009_003	0	ASP000086	ICCTX009	matched_random_locus	ACA	1	pam_plus_mobile	2	0.0037803352272042256	0
NEG_ICCTX009_004	0	ASP000086	ICCTX009	matched_random_locus	TTC	1	pam_plus_mobile	2	0.9697169456611369	1
NEG_ICCTX009_005	0	ASP000086	ICCTX009	matched_random_locus	ACT	1	pam_plus_mobile	2	0.0005778104967372484	0
NEG_ICCTX009_006	0	ASP000086	ICCTX009	matched_random_locus	CTT	1	pam_plus_mobile	2	0.0066093126624430535	0
NEG_ICCTX009_007	0	ASP000086	ICCTX009	matched_random_locus	CTT	1	pam_plus_mobile	2	0.0066093126624430535	0
NEG_ICCTX009_008	0	ASP000086	ICCTX009	matched_random_locus	CCT	1	pam_plus_mobile	2	0.00018135975751739058	0
NEG_ICCTX009_009	0	ASP000086	ICCTX009	matched_random_locus	TGG	0	pam_plus_mobile	2	0.0005524062636317815	0
NEG_ICCTX009_010	0	ASP000086	ICCTX009	matched_random_locus	TAA	0	pam_plus_mobile	2	0.02274732381636665	0
NEG_ICCTX009_011	0	ASP000086	ICCTX009	matched_random_locus	TAT	1	pam_plus_mobile	2	0.024493508594622196	0
NEG_ICCTX009_012	0	ASP000086	ICCTX009	matched_random_locus	GGA	0	pam_plus_mobile	2	6.069580246309498e-05	0
NEG_ICCTX009_013	0	ASP000086	ICCTX009	matched_random_locus	CGT	0	pam_plus_mobile	2	1.1895796988160835e-05	0
NEG_ICCTX009_014	0	ASP000086	ICCTX009	matched_random_locus	AGG	0	pam_plus_mobile	2	4.638064891674167e-05	0
NEG_ICCTX009_015	0	ASP000086	ICCTX009	matched_random_locus	AAT	0	pam_plus_mobile	2	0.0002975184101197112	0
NEG_ICCTX009_016	0	ASP000086	ICCTX009	matched_random_locus	GCG	0	pam_plus_mobile	2	2.4364752970267818e-05	0
NEG_ICCTX009_017	0	ASP000086	ICCTX009	matched_random_locus	AGA	0	pam_plus_mobile	2	0.0002487975797913671	0
NEG_ICCTX009_018	0	ASP000086	ICCTX009	matched_random_locus	TGT	1	pam_plus_mobile	2	0.00318864515233818	0
NEG_ICCTX009_019	0	ASP000086	ICCTX009	matched_random_locus	AAT	1	pam_plus_mobile	2	0.002102640892538613	0
NEG_ICCTX009_020	0	ASP000086	ICCTX009	matched_random_locus	CTT	1	pam_plus_mobile	2	0.0066093126624430535	0
NEG_ICCTX009_021	0	ASP000086	ICCTX009	matched_random_locus	TGG	1	pam_plus_mobile	2	0.0038979705288085258	0
NEG_ICCTX009_022	0	ASP000086	ICCTX009	matched_random_locus	TCG	0	pam_plus_mobile	2	0.001188958593980111	0
NEG_ICCTX009_023	0	ASP000086	ICCTX009	matched_random_locus	TTC	0	pam_plus_mobile	2	0.8189330288452972	1
NEG_ICCTX009_024	0	ASP000086	ICCTX009	matched_random_locus	CGT	0	pam_plus_mobile	2	1.1895796988160835e-05	0
NEG_ICCTX009_025	0	ASP000086	ICCTX009	matched_random_locus	CTT	1	pam_plus_mobile	2	0.0066093126624430535	0
NEG_ICCTX009_026	0	ASP000086	ICCTX009	matched_random_locus	ATT	1	pam_plus_mobile	2	0.020765372113549917	0
NEG_ICCTX009_027	0	ASP000086	ICCTX009	matched_random_locus	TGG	0	pam_plus_mobile	2	0.0005524062636317815	0
NEG_ICCTX009_028	0	ASP000086	ICCTX009	matched_random_locus	TCT	0	pam_plus_mobile	2	0.0009721191382223328	0
NEG_ICCTX009_029	0	ASP000086	ICCTX009	matched_random_locus	TTT	0	pam_plus_mobile	2	0.03446102643141229	0
NEG_ICCTX009_030	0	ASP000086	ICCTX009	matched_random_locus	GAG	1	pam_plus_mobile	2	0.0006283166756426281	0
NEG_ICCTX009_031	0	ASP000086	ICCTX009	matched_random_locus	GTA	1	pam_plus_mobile	2	0.03283398156479902	0
NEG_ICCTX009_032	0	ASP000086	ICCTX009	matched_random_locus	AAT	1	pam_plus_mobile	2	0.002102640892538613	0
NEG_ICCTX009_033	0	ASP000086	ICCTX009	matched_random_locus	TAA	0	pam_plus_mobile	2	0.02274732381636665	0
NEG_ICCTX009_034	0	ASP000086	ICCTX009	matched_random_locus	GAG	1	pam_plus_mobile	2	0.0006283166756426281	0
NEG_ICCTX009_035	0	ASP000086	ICCTX009	matched_random_locus	AAA	1	pam_plus_mobile	2	0.013641210652800603	0
NEG_ICCTX009_036	0	ASP000086	ICCTX009	matched_random_locus	GTC	0	pam_plus_mobile	2	0.08473185175466609	0
NEG_ICCTX009_037	0	ASP000086	ICCTX009	matched_random_locus	ACA	1	pam_plus_mobile	2	0.0037803352272042256	0
NEG_ICCTX009_038	0	ASP000086	ICCTX009	matched_random_locus	CTC	0	pam_plus_mobile	2	0.10641145842575037	0
NEG_ICCTX009_039	0	ASP000086	ICCTX009	matched_random_locus	TTA	1	pam_plus_mobile	2	0.6238576776274192	1
NEG_ICCTX009_040	0	ASP000086	ICCTX009	matched_random_locus	AAA	1	pam_plus_mobile	2	0.013641210652800603	0
NEG_ICCTX009_041	0	ASP000086	ICCTX009	matched_random_locus	GGA	0	pam_plus_mobile	2	6.069580246309498e-05	0
NEG_ICCTX009_042	0	ASP000086	ICCTX009	matched_random_locus	TGC	1	pam_plus_mobile	2	0.28844000222735655	0
NEG_ICCTX009_043	0	ASP000086	ICCTX009	matched_random_locus	ATG	1	pam_plus_mobile	2	0.025285519716740347	0
NEG_ICCTX009_044	0	ASP000086	ICCTX009	matched_random_locus	GGC	0	pam_plus_mobile	2	0.0011705456235228233	0
NEG_ICCTX009_045	0	ASP000086	ICCTX009	matched_random_locus	CGT	1	pam_plus_mobile	2	8.421671412675965e-05	0
NEG_ICCTX009_046	0	ASP000086	ICCTX009	matched_random_locus	CCA	1	pam_plus_mobile	2	0.0011891638709375305	0
NEG_ICCTX009_047	0	ASP000086	ICCTX009	matched_random_locus	CCT	0	pam_plus_mobile	2	2.5619603954413512e-05	0
NEG_ICCTX009_048	0	ASP000086	ICCTX009	matched_random_locus	ATT	1	pam_plus_mobile	2	0.020765372113549917	0
NEG_ICCTX009_049	0	ASP000086	ICCTX009	matched_random_locus	CCT	0	pam_plus_mobile	2	2.5619603954413512e-05	0
NEG_ICCTX009_050	0	ASP000086	ICCTX009	matched_random_locus	TGG	1	pam_plus_mobile	2	0.0038979705288085258	0
NEG_ICCTX009_051	0	ASP000086	ICCTX009	matched_random_locus	ATA	0	pam_plus_mobile	2	0.019279719732344335	0
NEG_ICCTX009_052	0	ASP000086	ICCTX009	matched_random_locus	GTG	1	pam_plus_mobile	2	0.006287615429722447	0
NEG_ICCTX009_053	0	ASP000086	ICCTX009	matched_random_locus	GGT	1	pam_plus_mobile	2	6.547175439419362e-05	0
NEG_ICCTX009_054	0	ASP000086	ICCTX009	matched_random_locus	GCG	1	pam_plus_mobile	2	0.000172478052622871	0
NEG_ICCTX009_055	0	ASP000086	ICCTX009	matched_random_locus	CGC	0	pam_plus_mobile	2	0.0015052036619383714	0
NEG_ICCTX009_056	0	ASP000086	ICCTX009	matched_random_locus	TTT	1	pam_plus_mobile	2	0.20172031449204203	0
NEG_ICCTX009_057	0	ASP000086	ICCTX009	matched_random_locus	CTT	1	pam_plus_mobile	2	0.0066093126624430535	0
NEG_ICCTX009_058	0	ASP000086	ICCTX009	matched_random_locus	CAC	1	pam_plus_mobile	2	0.07729905853617916	0
NEG_ICCTX009_059	0	ASP000086	ICCTX009	matched_random_locus	TTG	0	pam_plus_mobile	2	0.04183504070636793	0
NEG_ICCTX009_060	0	ASP000086	ICCTX009	matched_random_locus	GTG	0	pam_plus_mobile	2	0.0008928965740019143	0
NEG_ICCTX009_061	0	ASP000086	ICCTX009	matched_random_locus	GAT	1	pam_plus_mobile	2	0.0005136731818335292	0
NEG_ICCTX009_062	0	ASP000086	ICCTX009	matched_random_locus	CAC	1	pam_plus_mobile	2	0.07729905853617916	0
NEG_ICCTX009_063	0	ASP000086	ICCTX009	matched_random_locus	TAT	0	pam_plus_mobile	2	0.0035338428414286725	0
NEG_ICCTX009_064	0	ASP000086	ICCTX009	matched_random_locus	ATA	1	pam_plus_mobile	2	0.12217927630441136	0
NEG_ICCTX009_065	0	ASP000086	ICCTX009	matched_random_locus	AAT	1	pam_plus_mobile	2	0.002102640892538613	0
NEG_ICCTX009_066	0	ASP000086	ICCTX009	matched_random_locus	TTT	0	pam_plus_mobile	2	0.03446102643141229	0
NEG_ICCTX009_067	0	ASP000086	ICCTX009	matched_random_locus	ACG	1	pam_plus_mobile	2	0.0007067582733315286	0
NEG_ICCTX009_068	0	ASP000086	ICCTX009	matched_random_locus	GTA	0	pam_plus_mobile	2	0.004772093097787754	0
NEG_ICCTX009_069	0	ASP000086	ICCTX009	matched_random_locus	TGA	1	pam_plus_mobile	2	0.020564020696262984	0
NEG_ICCTX009_070	0	ASP000086	ICCTX009	matched_random_locus	GAT	1	pam_plus_mobile	2	0.0005136731818335292	0
NEG_ICCTX009_071	0	ASP000086	ICCTX009	matched_random_locus	ATT	1	pam_plus_mobile	2	0.020765372113549917	0
NEG_ICCTX009_072	0	ASP000086	ICCTX009	matched_random_locus	ACC	0	pam_plus_mobile	2	0.010241889832655247	0
NEG_ICCTX009_073	0	ASP000086	ICCTX009	matched_random_locus	GCT	1	pam_plus_mobile	2	0.000140995744028368	0
NEG_ICCTX009_074	0	ASP000086	ICCTX009	matched_random_locus	GGT	1	pam_plus_mobile	2	6.547175439419362e-05	0
NEG_ICCTX009_075	0	ASP000086	ICCTX009	matched_random_locus	ATG	0	pam_plus_mobile	2	0.0036506479227528827	0
NEG_ICCTX009_076	0	ASP000086	ICCTX009	matched_random_locus	CGT	1	pam_plus_mobile	2	8.421671412675965e-05	0
NEG_ICCTX009_077	0	ASP000086	ICCTX009	matched_random_locus	TGG	1	pam_plus_mobile	2	0.0038979705288085258	0
NEG_ICCTX009_078	0	ASP000086	ICCTX009	matched_random_locus	TTA	1	pam_plus_mobile	2	0.6238576776274192	1
NEG_ICCTX009_079	0	ASP000086	ICCTX009	matched_random_locus	ACT	1	pam_plus_mobile	2	0.0005778104967372484	0
NEG_ICCTX009_080	0	ASP000086	ICCTX009	matched_random_locus	CGT	0	pam_plus_mobile	2	1.1895796988160835e-05	0
NEG_ICCTX009_081	0	ASP000086	ICCTX009	matched_random_locus	GAT	0	pam_plus_mobile	2	7.258424308994112e-05	0
NEG_ICCTX009_082	0	ASP000086	ICCTX009	matched_random_locus	GGG	0	pam_plus_mobile	2	1.1313131954909222e-05	0
NEG_ICCTX009_083	0	ASP000086	ICCTX009	matched_random_locus	GTT	1	pam_plus_mobile	2	0.005145685572589136	0
NEG_ICCTX009_084	0	ASP000086	ICCTX009	matched_random_locus	TAA	1	pam_plus_mobile	2	0.1414841857545684	0
NEG_ICCTX009_085	0	ASP000086	ICCTX009	matched_random_locus	TGA	1	pam_plus_mobile	2	0.020564020696262984	0
NEG_ICCTX009_086	0	ASP000086	ICCTX009	matched_random_locus	CTG	0	pam_plus_mobile	2	0.0011482662315400861	0
NEG_ICCTX009_087	0	ASP000086	ICCTX009	matched_random_locus	GCT	1	pam_plus_mobile	2	0.000140995744028368	0
NEG_ICCTX009_088	0	ASP000086	ICCTX009	matched_random_locus	ACG	1	pam_plus_mobile	2	0.0007067582733315286	0
NEG_ICCTX009_089	0	ASP000086	ICCTX009	matched_random_locus	TAA	1	pam_plus_mobile	2	0.1414841857545684	0
NEG_ICCTX009_090	0	ASP000086	ICCTX009	matched_random_locus	ACG	1	pam_plus_mobile	2	0.0007067582733315286	0
NEG_ICCTX009_091	0	ASP000086	ICCTX009	matched_random_locus	TCA	1	pam_plus_mobile	2	0.04326230855368551	0
NEG_ICCTX009_092	0	ASP000086	ICCTX009	matched_random_locus	TAT	0	pam_plus_mobile	2	0.0035338428414286725	0
NEG_ICCTX009_093	0	ASP000086	ICCTX009	matched_random_locus	ATT	0	pam_plus_mobile	2	0.0029861936592870384	0
NEG_ICCTX009_094	0	ASP000086	ICCTX009	matched_random_locus	TTA	1	pam_plus_mobile	2	0.6238576776274192	1
NEG_ICCTX009_095	0	ASP000086	ICCTX009	matched_random_locus	AAC	1	pam_plus_mobile	2	0.2107411874898168	0
NEG_ICCTX009_096	0	ASP000086	ICCTX009	matched_random_locus	TGG	1	pam_plus_mobile	2	0.0038979705288085258	0
NEG_ICCTX009_097	0	ASP000086	ICCTX009	matched_random_locus	GAT	1	pam_plus_mobile	2	0.0005136731818335292	0
NEG_ICCTX009_098	0	ASP000086	ICCTX009	matched_random_locus	CTA	1	pam_plus_mobile	2	0.0418419696585781	0
NEG_ICCTX009_099	0	ASP000086	ICCTX009	matched_random_locus	TAC	0	pam_plus_mobile	2	0.31006049739392716	0
NEG_ICCTX009_100	0	ASP000086	ICCTX009	matched_random_locus	ACA	0	pam_plus_mobile	2	0.0005356811184048237	0
POS_ICCTX010	1	ASP000190	ICCTX010	observed_target	TTC	1	pam_plus_mobile	3	0.9703233514825677	1
NEG_ICCTX010_001	0	ASP000190	ICCTX010	matched_random_locus	AAT	1	pam_plus_mobile	3	0.0024577348638538964	0
NEG_ICCTX010_002	0	ASP000190	ICCTX010	matched_random_locus	GTC	1	pam_plus_mobile	3	0.41942065236983705	0
NEG_ICCTX010_003	0	ASP000190	ICCTX010	matched_random_locus	TAA	1	pam_plus_mobile	3	0.15880367534046982	0
NEG_ICCTX010_004	0	ASP000190	ICCTX010	matched_random_locus	GCG	1	pam_plus_mobile	3	0.0001924068016873157	0
NEG_ICCTX010_005	0	ASP000190	ICCTX010	matched_random_locus	ACG	1	pam_plus_mobile	3	0.0006414834948225647	0
NEG_ICCTX010_006	0	ASP000190	ICCTX010	matched_random_locus	AGA	1	pam_plus_mobile	3	0.0015495591585823895	0
NEG_ICCTX010_007	0	ASP000190	ICCTX010	matched_random_locus	CCG	1	pam_plus_mobile	3	0.00019792396913706684	0
NEG_ICCTX010_008	0	ASP000190	ICCTX010	matched_random_locus	CCA	1	pam_plus_mobile	3	0.0009982941877199024	0
NEG_ICCTX010_009	0	ASP000190	ICCTX010	matched_random_locus	GCG	1	pam_plus_mobile	3	0.0001924068016873157	0
NEG_ICCTX010_010	0	ASP000190	ICCTX010	matched_random_locus	AGC	1	pam_plus_mobile	3	0.031324051657779975	0
NEG_ICCTX010_011	0	ASP000190	ICCTX010	matched_random_locus	CGT	1	pam_plus_mobile	3	8.475372436509837e-05	0
NEG_ICCTX010_012	0	ASP000190	ICCTX010	matched_random_locus	AGC	1	pam_plus_mobile	3	0.031324051657779975	0
NEG_ICCTX010_013	0	ASP000190	ICCTX010	matched_random_locus	ATT	1	pam_plus_mobile	3	0.020068735944575467	0
NEG_ICCTX010_014	0	ASP000190	ICCTX010	matched_random_locus	GAT	1	pam_plus_mobile	3	0.0007381130247068109	0
NEG_ICCTX010_015	0	ASP000190	ICCTX010	matched_random_locus	TCA	1	pam_plus_mobile	3	0.04211517781153023	0
NEG_ICCTX010_016	0	ASP000190	ICCTX010	matched_random_locus	CCT	1	pam_plus_mobile	3	0.00017693315807080186	0
NEG_ICCTX010_017	0	ASP000190	ICCTX010	matched_random_locus	ATA	1	pam_plus_mobile	3	0.10365833418717896	0
NEG_ICCTX010_018	0	ASP000190	ICCTX010	matched_random_locus	CCA	1	pam_plus_mobile	3	0.0009982941877199024	0
NEG_ICCTX010_019	0	ASP000190	ICCTX010	matched_random_locus	GGT	1	pam_plus_mobile	3	8.239093857051966e-05	0
NEG_ICCTX010_020	0	ASP000190	ICCTX010	matched_random_locus	CGT	1	pam_plus_mobile	3	8.475372436509837e-05	0
NEG_ICCTX010_021	0	ASP000190	ICCTX010	matched_random_locus	GGG	1	pam_plus_mobile	3	9.21665825626519e-05	0
NEG_ICCTX010_022	0	ASP000190	ICCTX010	matched_random_locus	GGA	1	pam_plus_mobile	3	0.00046507119804294994	0
NEG_ICCTX010_023	0	ASP000190	ICCTX010	matched_random_locus	TAT	1	pam_plus_mobile	3	0.032350069435348364	0
NEG_ICCTX010_024	0	ASP000190	ICCTX010	matched_random_locus	GAC	1	pam_plus_mobile	3	0.07996024933078053	0
NEG_ICCTX010_025	0	ASP000190	ICCTX010	matched_random_locus	GTA	1	pam_plus_mobile	3	0.033509507715444246	0
NEG_ICCTX010_026	0	ASP000190	ICCTX010	matched_random_locus	CAC	1	pam_plus_mobile	3	0.0820653245852148	0
NEG_ICCTX010_027	0	ASP000190	ICCTX010	matched_random_locus	AGG	1	pam_plus_mobile	3	0.0003073549343493357	0
NEG_ICCTX010_028	0	ASP000190	ICCTX010	matched_random_locus	TAC	1	pam_plus_mobile	3	0.797304813165616	1
NEG_ICCTX010_029	0	ASP000190	ICCTX010	matched_random_locus	TAA	1	pam_plus_mobile	3	0.15880367534046982	0
NEG_ICCTX010_030	0	ASP000190	ICCTX010	matched_random_locus	GAG	1	pam_plus_mobile	3	0.0008256255290868184	0
NEG_ICCTX010_031	0	ASP000190	ICCTX010	matched_random_locus	CTT	1	pam_plus_mobile	3	0.006276394025646068	0
NEG_ICCTX010_032	0	ASP000190	ICCTX010	matched_random_locus	GGG	1	pam_plus_mobile	3	9.21665825626519e-05	0
NEG_ICCTX010_033	0	ASP000190	ICCTX010	matched_random_locus	TCT	1	pam_plus_mobile	3	0.00772592973158287	0
NEG_ICCTX010_034	0	ASP000190	ICCTX010	matched_random_locus	CTA	1	pam_plus_mobile	3	0.034437469651756265	0
NEG_ICCTX010_035	0	ASP000190	ICCTX010	matched_random_locus	GAA	1	pam_plus_mobile	3	0.004153766376062564	0
NEG_ICCTX010_036	0	ASP000190	ICCTX010	matched_random_locus	ACT	1	pam_plus_mobile	3	0.0005734779956562134	0
NEG_ICCTX010_037	0	ASP000190	ICCTX010	matched_random_locus	CTT	1	pam_plus_mobile	3	0.006276394025646068	0
NEG_ICCTX010_038	0	ASP000190	ICCTX010	matched_random_locus	GCC	1	pam_plus_mobile	3	0.019839329214694782	0
NEG_ICCTX010_039	0	ASP000190	ICCTX010	matched_random_locus	TGG	1	pam_plus_mobile	3	0.004154501119273707	0
NEG_ICCTX010_040	0	ASP000190	ICCTX010	matched_random_locus	GGC	1	pam_plus_mobile	3	0.00960172166964824	0
NEG_ICCTX010_041	0	ASP000190	ICCTX010	matched_random_locus	ATG	1	pam_plus_mobile	3	0.022396766115769247	0
NEG_ICCTX010_042	0	ASP000190	ICCTX010	matched_random_locus	TCT	1	pam_plus_mobile	3	0.00772592973158287	0
NEG_ICCTX010_043	0	ASP000190	ICCTX010	matched_random_locus	TTG	1	pam_plus_mobile	3	0.23714663818683424	0
NEG_ICCTX010_044	0	ASP000190	ICCTX010	matched_random_locus	CTT	1	pam_plus_mobile	3	0.006276394025646068	0
NEG_ICCTX010_045	0	ASP000190	ICCTX010	matched_random_locus	AAT	1	pam_plus_mobile	3	0.0024577348638538964	0
NEG_ICCTX010_046	0	ASP000190	ICCTX010	matched_random_locus	TAT	1	pam_plus_mobile	3	0.032350069435348364	0
NEG_ICCTX010_047	0	ASP000190	ICCTX010	matched_random_locus	CGA	1	pam_plus_mobile	3	0.0004784031376418573	0
NEG_ICCTX010_048	0	ASP000190	ICCTX010	matched_random_locus	TTT	1	pam_plus_mobile	3	0.2174618768933	0
NEG_ICCTX010_049	0	ASP000190	ICCTX010	matched_random_locus	AAG	1	pam_plus_mobile	3	0.002748569183946086	0
NEG_ICCTX010_050	0	ASP000190	ICCTX010	matched_random_locus	AAC	1	pam_plus_mobile	3	0.2247378846988871	0
NEG_ICCTX010_051	0	ASP000190	ICCTX010	matched_random_locus	ACA	1	pam_plus_mobile	3	0.0032297372836902387	0
NEG_ICCTX010_052	0	ASP000190	ICCTX010	matched_random_locus	ATT	1	pam_plus_mobile	3	0.020068735944575467	0
NEG_ICCTX010_053	0	ASP000190	ICCTX010	matched_random_locus	AAT	1	pam_plus_mobile	3	0.0024577348638538964	0
NEG_ICCTX010_054	0	ASP000190	ICCTX010	matched_random_locus	ACC	1	pam_plus_mobile	3	0.06324359679460537	0
NEG_ICCTX010_055	0	ASP000190	ICCTX010	matched_random_locus	GTA	1	pam_plus_mobile	3	0.033509507715444246	0
NEG_ICCTX010_056	0	ASP000190	ICCTX010	matched_random_locus	AAA	1	pam_plus_mobile	3	0.01372174730838859	0
NEG_ICCTX010_057	0	ASP000190	ICCTX010	matched_random_locus	CAT	1	pam_plus_mobile	3	0.0007592661581510053	0
NEG_ICCTX010_058	0	ASP000190	ICCTX010	matched_random_locus	TTT	1	pam_plus_mobile	3	0.2174618768933	0
NEG_ICCTX010_059	0	ASP000190	ICCTX010	matched_random_locus	ACC	1	pam_plus_mobile	3	0.06324359679460537	0
NEG_ICCTX010_060	0	ASP000190	ICCTX010	matched_random_locus	GCT	1	pam_plus_mobile	3	0.0001720010127217794	0
NEG_ICCTX010_061	0	ASP000190	ICCTX010	matched_random_locus	AAA	1	pam_plus_mobile	3	0.01372174730838859	0
NEG_ICCTX010_062	0	ASP000190	ICCTX010	matched_random_locus	CCA	1	pam_plus_mobile	3	0.0009982941877199024	0
NEG_ICCTX010_063	0	ASP000190	ICCTX010	matched_random_locus	CCG	1	pam_plus_mobile	3	0.00019792396913706684	0
NEG_ICCTX010_064	0	ASP000190	ICCTX010	matched_random_locus	TTG	1	pam_plus_mobile	3	0.23714663818683424	0
NEG_ICCTX010_065	0	ASP000190	ICCTX010	matched_random_locus	GGG	1	pam_plus_mobile	3	9.21665825626519e-05	0
NEG_ICCTX010_066	0	ASP000190	ICCTX010	matched_random_locus	CGG	1	pam_plus_mobile	3	9.480968513826344e-05	0
NEG_ICCTX010_067	0	ASP000190	ICCTX010	matched_random_locus	AAA	1	pam_plus_mobile	3	0.01372174730838859	0
NEG_ICCTX010_068	0	ASP000190	ICCTX010	matched_random_locus	GGC	1	pam_plus_mobile	3	0.00960172166964824	0
NEG_ICCTX010_069	0	ASP000190	ICCTX010	matched_random_locus	ATG	1	pam_plus_mobile	3	0.022396766115769247	0
NEG_ICCTX010_070	0	ASP000190	ICCTX010	matched_random_locus	AGA	1	pam_plus_mobile	3	0.0015495591585823895	0
NEG_ICCTX010_071	0	ASP000190	ICCTX010	matched_random_locus	TAA	1	pam_plus_mobile	3	0.15880367534046982	0
NEG_ICCTX010_072	0	ASP000190	ICCTX010	matched_random_locus	CCG	1	pam_plus_mobile	3	0.00019792396913706684	0
NEG_ICCTX010_073	0	ASP000190	ICCTX010	matched_random_locus	TTC	1	pam_plus_mobile	3	0.9703233514825677	1
NEG_ICCTX010_074	0	ASP000190	ICCTX010	matched_random_locus	CGA	1	pam_plus_mobile	3	0.0004784031376418573	0
NEG_ICCTX010_075	0	ASP000190	ICCTX010	matched_random_locus	ATT	1	pam_plus_mobile	3	0.020068735944575467	0
NEG_ICCTX010_076	0	ASP000190	ICCTX010	matched_random_locus	TTG	1	pam_plus_mobile	3	0.23714663818683424	0
NEG_ICCTX010_077	0	ASP000190	ICCTX010	matched_random_locus	CAT	1	pam_plus_mobile	3	0.0007592661581510053	0
NEG_ICCTX010_078	0	ASP000190	ICCTX010	matched_random_locus	TTC	1	pam_plus_mobile	3	0.9703233514825677	1
NEG_ICCTX010_079	0	ASP000190	ICCTX010	matched_random_locus	AAG	1	pam_plus_mobile	3	0.002748569183946086	0
NEG_ICCTX010_080	0	ASP000190	ICCTX010	matched_random_locus	TCT	1	pam_plus_mobile	3	0.00772592973158287	0
NEG_ICCTX010_081	0	ASP000190	ICCTX010	matched_random_locus	AAA	1	pam_plus_mobile	3	0.01372174730838859	0
NEG_ICCTX010_082	0	ASP000190	ICCTX010	matched_random_locus	ACC	1	pam_plus_mobile	3	0.06324359679460537	0
NEG_ICCTX010_083	0	ASP000190	ICCTX010	matched_random_locus	AAC	1	pam_plus_mobile	3	0.2247378846988871	0
NEG_ICCTX010_084	0	ASP000190	ICCTX010	matched_random_locus	GGG	1	pam_plus_mobile	3	9.21665825626519e-05	0
NEG_ICCTX010_085	0	ASP000190	ICCTX010	matched_random_locus	TGC	1	pam_plus_mobile	3	0.30496954541280796	0
NEG_ICCTX010_086	0	ASP000190	ICCTX010	matched_random_locus	CCG	1	pam_plus_mobile	3	0.00019792396913706684	0
NEG_ICCTX010_087	0	ASP000190	ICCTX010	matched_random_locus	TGA	1	pam_plus_mobile	3	0.020624531519507393	0
NEG_ICCTX010_088	0	ASP000190	ICCTX010	matched_random_locus	TGA	1	pam_plus_mobile	3	0.020624531519507393	0
NEG_ICCTX010_089	0	ASP000190	ICCTX010	matched_random_locus	TAT	1	pam_plus_mobile	3	0.032350069435348364	0
NEG_ICCTX010_090	0	ASP000190	ICCTX010	matched_random_locus	TTT	1	pam_plus_mobile	3	0.2174618768933	0
NEG_ICCTX010_091	0	ASP000190	ICCTX010	matched_random_locus	TAT	1	pam_plus_mobile	3	0.032350069435348364	0
NEG_ICCTX010_092	0	ASP000190	ICCTX010	matched_random_locus	TGG	1	pam_plus_mobile	3	0.004154501119273707	0
NEG_ICCTX010_093	0	ASP000190	ICCTX010	matched_random_locus	GCC	1	pam_plus_mobile	3	0.019839329214694782	0
NEG_ICCTX010_094	0	ASP000190	ICCTX010	matched_random_locus	GGG	1	pam_plus_mobile	3	9.21665825626519e-05	0
NEG_ICCTX010_095	0	ASP000190	ICCTX010	matched_random_locus	ACG	1	pam_plus_mobile	3	0.0006414834948225647	0
NEG_ICCTX010_096	0	ASP000190	ICCTX010	matched_random_locus	CGG	1	pam_plus_mobile	3	9.480968513826344e-05	0
NEG_ICCTX010_097	0	ASP000190	ICCTX010	matched_random_locus	ATT	1	pam_plus_mobile	3	0.020068735944575467	0
NEG_ICCTX010_098	0	ASP000190	ICCTX010	matched_random_locus	ACG	1	pam_plus_mobile	3	0.0006414834948225647	0
NEG_ICCTX010_099	0	ASP000190	ICCTX010	matched_random_locus	AGG	1	pam_plus_mobile	3	0.0003073549343493357	0
NEG_ICCTX010_100	0	ASP000190	ICCTX010	matched_random_locus	CAA	1	pam_plus_mobile	3	0.004272388126247601	0
POS_ICCTX011	1	ASP000212	ICCTX011	observed_target	TTC	1	pam_plus_mobile	2	0.9697169456611369	1
NEG_ICCTX011_001	0	ASP000212	ICCTX011	matched_random_locus	ATT	0	pam_plus_mobile	2	0.0029861936592870384	0
NEG_ICCTX011_002	0	ASP000212	ICCTX011	matched_random_locus	GGA	0	pam_plus_mobile	2	6.069580246309498e-05	0
NEG_ICCTX011_003	0	ASP000212	ICCTX011	matched_random_locus	TCT	1	pam_plus_mobile	2	0.006842208393236383	0
NEG_ICCTX011_004	0	ASP000212	ICCTX011	matched_random_locus	CAT	0	pam_plus_mobile	2	9.336536126730824e-05	0
NEG_ICCTX011_005	0	ASP000212	ICCTX011	matched_random_locus	TAA	0	pam_plus_mobile	2	0.02274732381636665	0
NEG_ICCTX011_006	0	ASP000212	ICCTX011	matched_random_locus	CGA	0	pam_plus_mobile	2	7.807348500150378e-05	0
NEG_ICCTX011_007	0	ASP000212	ICCTX011	matched_random_locus	GTT	1	pam_plus_mobile	2	0.005145685572589136	0
NEG_ICCTX011_008	0	ASP000212	ICCTX011	matched_random_locus	ATC	0	pam_plus_mobile	2	0.2751252814450074	0
NEG_ICCTX011_009	0	ASP000212	ICCTX011	matched_random_locus	ATG	1	pam_plus_mobile	2	0.025285519716740347	0
NEG_ICCTX011_010	0	ASP000212	ICCTX011	matched_random_locus	CAA	0	pam_plus_mobile	2	0.0006124900147992908	0
NEG_ICCTX011_011	0	ASP000212	ICCTX011	matched_random_locus	ATT	0	pam_plus_mobile	2	0.0029861936592870384	0
NEG_ICCTX011_012	0	ASP000212	ICCTX011	matched_random_locus	TTA	0	pam_plus_mobile	2	0.18979759033492838	0
NEG_ICCTX011_013	0	ASP000212	ICCTX011	matched_random_locus	GCT	0	pam_plus_mobile	2	1.991693165142451e-05	0
NEG_ICCTX011_014	0	ASP000212	ICCTX011	matched_random_locus	TGC	0	pam_plus_mobile	2	0.054153728424671914	0
NEG_ICCTX011_015	0	ASP000212	ICCTX011	matched_random_locus	TCC	0	pam_plus_mobile	2	0.10977251922198815	0
NEG_ICCTX011_016	0	ASP000212	ICCTX011	matched_random_locus	GGA	1	pam_plus_mobile	2	0.00042957062606706494	0
NEG_ICCTX011_017	0	ASP000212	ICCTX011	matched_random_locus	TTT	0	pam_plus_mobile	2	0.03446102643141229	0
NEG_ICCTX011_018	0	ASP000212	ICCTX011	matched_random_locus	ATT	0	pam_plus_mobile	2	0.0029861936592870384	0
NEG_ICCTX011_019	0	ASP000212	ICCTX011	matched_random_locus	CAT	0	pam_plus_mobile	2	9.336536126730824e-05	0
NEG_ICCTX011_020	0	ASP000212	ICCTX011	matched_random_locus	CTT	1	pam_plus_mobile	2	0.0066093126624430535	0
NEG_ICCTX011_021	0	ASP000212	ICCTX011	matched_random_locus	CCA	0	pam_plus_mobile	2	0.00016813157340429618	0
NEG_ICCTX011_022	0	ASP000212	ICCTX011	matched_random_locus	AAC	0	pam_plus_mobile	2	0.03634263960080819	0
NEG_ICCTX011_023	0	ASP000212	ICCTX011	matched_random_locus	AAA	0	pam_plus_mobile	2	0.001949549797157559	0
NEG_ICCTX011_024	0	ASP000212	ICCTX011	matched_random_locus	CAG	0	pam_plus_mobile	2	0.00011421370974027842	0
NEG_ICCTX011_025	0	ASP000212	ICCTX011	matched_random_locus	CGA	0	pam_plus_mobile	2	7.807348500150378e-05	0
NEG_ICCTX011_026	0	ASP000212	ICCTX011	matched_random_locus	TTA	0	pam_plus_mobile	2	0.18979759033492838	0
NEG_ICCTX011_027	0	ASP000212	ICCTX011	matched_random_locus	GAT	0	pam_plus_mobile	2	7.258424308994112e-05	0
NEG_ICCTX011_028	0	ASP000212	ICCTX011	matched_random_locus	CTT	0	pam_plus_mobile	2	0.0009388411767938108	0
NEG_ICCTX011_029	0	ASP000212	ICCTX011	matched_random_locus	CCA	1	pam_plus_mobile	2	0.0011891638709375305	0
NEG_ICCTX011_030	0	ASP000212	ICCTX011	matched_random_locus	AGA	1	pam_plus_mobile	2	0.001758838035279036	0
NEG_ICCTX011_031	0	ASP000212	ICCTX011	matched_random_locus	GCA	0	pam_plus_mobile	2	0.00013071128240532478	0
NEG_ICCTX011_032	0	ASP000212	ICCTX011	matched_random_locus	TTG	0	pam_plus_mobile	2	0.04183504070636793	0
NEG_ICCTX011_033	0	ASP000212	ICCTX011	matched_random_locus	CGA	1	pam_plus_mobile	2	0.0005525016988796585	0
NEG_ICCTX011_034	0	ASP000212	ICCTX011	matched_random_locus	TCA	1	pam_plus_mobile	2	0.04326230855368551	0
NEG_ICCTX011_035	0	ASP000212	ICCTX011	matched_random_locus	TAG	0	pam_plus_mobile	2	0.004319625896007872	0
NEG_ICCTX011_036	0	ASP000212	ICCTX011	matched_random_locus	GCT	0	pam_plus_mobile	2	1.991693165142451e-05	0
NEG_ICCTX011_037	0	ASP000212	ICCTX011	matched_random_locus	GGT	0	pam_plus_mobile	2	9.247881122375149e-06	0
NEG_ICCTX011_038	0	ASP000212	ICCTX011	matched_random_locus	ACA	0	pam_plus_mobile	2	0.0005356811184048237	0
NEG_ICCTX011_039	0	ASP000212	ICCTX011	matched_random_locus	ATA	0	pam_plus_mobile	2	0.019279719732344335	0
NEG_ICCTX011_040	0	ASP000212	ICCTX011	matched_random_locus	TAA	0	pam_plus_mobile	2	0.02274732381636665	0
NEG_ICCTX011_041	0	ASP000212	ICCTX011	matched_random_locus	AAA	0	pam_plus_mobile	2	0.001949549797157559	0
NEG_ICCTX011_042	0	ASP000212	ICCTX011	matched_random_locus	AAG	0	pam_plus_mobile	2	0.0003639372431127766	0
NEG_ICCTX011_043	0	ASP000212	ICCTX011	matched_random_locus	GAA	0	pam_plus_mobile	2	0.00047621796173140797	0
NEG_ICCTX011_044	0	ASP000212	ICCTX011	matched_random_locus	TTG	0	pam_plus_mobile	2	0.04183504070636793	0
NEG_ICCTX011_045	0	ASP000212	ICCTX011	matched_random_locus	CGA	0	pam_plus_mobile	2	7.807348500150378e-05	0
NEG_ICCTX011_046	0	ASP000212	ICCTX011	matched_random_locus	TTT	0	pam_plus_mobile	2	0.03446102643141229	0
NEG_ICCTX011_047	0	ASP000212	ICCTX011	matched_random_locus	AAA	1	pam_plus_mobile	2	0.013641210652800603	0
NEG_ICCTX011_048	0	ASP000212	ICCTX011	matched_random_locus	TAG	0	pam_plus_mobile	2	0.004319625896007872	0
NEG_ICCTX011_049	0	ASP000212	ICCTX011	matched_random_locus	GAG	0	pam_plus_mobile	2	8.879261037104387e-05	0
NEG_ICCTX011_050	0	ASP000212	ICCTX011	matched_random_locus	TTT	0	pam_plus_mobile	2	0.03446102643141229	0
NEG_ICCTX011_051	0	ASP000212	ICCTX011	matched_random_locus	TTT	0	pam_plus_mobile	2	0.03446102643141229	0
NEG_ICCTX011_052	0	ASP000212	ICCTX011	matched_random_locus	AAT	0	pam_plus_mobile	2	0.0002975184101197112	0
NEG_ICCTX011_053	0	ASP000212	ICCTX011	matched_random_locus	CCA	1	pam_plus_mobile	2	0.0011891638709375305	0
NEG_ICCTX011_054	0	ASP000212	ICCTX011	matched_random_locus	TAT	0	pam_plus_mobile	2	0.0035338428414286725	0
NEG_ICCTX011_055	0	ASP000212	ICCTX011	matched_random_locus	GCC	1	pam_plus_mobile	2	0.01755600890250258	0
NEG_ICCTX011_056	0	ASP000212	ICCTX011	matched_random_locus	CGA	1	pam_plus_mobile	2	0.0005525016988796585	0
NEG_ICCTX011_057	0	ASP000212	ICCTX011	matched_random_locus	GAG	0	pam_plus_mobile	2	8.879261037104387e-05	0
NEG_ICCTX011_058	0	ASP000212	ICCTX011	matched_random_locus	GAG	1	pam_plus_mobile	2	0.0006283166756426281	0
NEG_ICCTX011_059	0	ASP000212	ICCTX011	matched_random_locus	TTG	1	pam_plus_mobile	2	0.2361318096187289	0
NEG_ICCTX011_060	0	ASP000212	ICCTX011	matched_random_locus	TAA	1	pam_plus_mobile	2	0.1414841857545684	0
NEG_ICCTX011_061	0	ASP000212	ICCTX011	matched_random_locus	AAC	0	pam_plus_mobile	2	0.03634263960080819	0
NEG_ICCTX011_062	0	ASP000212	ICCTX011	matched_random_locus	CTT	0	pam_plus_mobile	2	0.0009388411767938108	0
NEG_ICCTX011_063	0	ASP000212	ICCTX011	matched_random_locus	GTC	0	pam_plus_mobile	2	0.08473185175466609	0
NEG_ICCTX011_064	0	ASP000212	ICCTX011	matched_random_locus	GCT	0	pam_plus_mobile	2	1.991693165142451e-05	0
NEG_ICCTX011_065	0	ASP000212	ICCTX011	matched_random_locus	CTT	0	pam_plus_mobile	2	0.0009388411767938108	0
NEG_ICCTX011_066	0	ASP000212	ICCTX011	matched_random_locus	AGC	0	pam_plus_mobile	2	0.004781724442439021	0
NEG_ICCTX011_067	0	ASP000212	ICCTX011	matched_random_locus	CCG	0	pam_plus_mobile	2	3.13408981618768e-05	0
NEG_ICCTX011_068	0	ASP000212	ICCTX011	matched_random_locus	TCC	0	pam_plus_mobile	2	0.10977251922198815	0
NEG_ICCTX011_069	0	ASP000212	ICCTX011	matched_random_locus	TTC	1	pam_plus_mobile	2	0.9697169456611369	1
NEG_ICCTX011_070	0	ASP000212	ICCTX011	matched_random_locus	AAT	0	pam_plus_mobile	2	0.0002975184101197112	0
NEG_ICCTX011_071	0	ASP000212	ICCTX011	matched_random_locus	TCT	0	pam_plus_mobile	2	0.0009721191382223328	0
NEG_ICCTX011_072	0	ASP000212	ICCTX011	matched_random_locus	TCG	0	pam_plus_mobile	2	0.001188958593980111	0
NEG_ICCTX011_073	0	ASP000212	ICCTX011	matched_random_locus	TCC	0	pam_plus_mobile	2	0.10977251922198815	0
NEG_ICCTX011_074	0	ASP000212	ICCTX011	matched_random_locus	CTC	0	pam_plus_mobile	2	0.10641145842575037	0
NEG_ICCTX011_075	0	ASP000212	ICCTX011	matched_random_locus	TAG	0	pam_plus_mobile	2	0.004319625896007872	0
NEG_ICCTX011_076	0	ASP000212	ICCTX011	matched_random_locus	AGA	0	pam_plus_mobile	2	0.0002487975797913671	0
NEG_ICCTX011_077	0	ASP000212	ICCTX011	matched_random_locus	CCA	0	pam_plus_mobile	2	0.00016813157340429618	0
NEG_ICCTX011_078	0	ASP000212	ICCTX011	matched_random_locus	GCG	0	pam_plus_mobile	2	2.4364752970267818e-05	0
NEG_ICCTX011_079	0	ASP000212	ICCTX011	matched_random_locus	TGA	0	pam_plus_mobile	2	0.0029567174996443916	0
NEG_ICCTX011_080	0	ASP000212	ICCTX011	matched_random_locus	ATA	0	pam_plus_mobile	2	0.019279719732344335	0
NEG_ICCTX011_081	0	ASP000212	ICCTX011	matched_random_locus	CAG	0	pam_plus_mobile	2	0.00011421370974027842	0
NEG_ICCTX011_082	0	ASP000212	ICCTX011	matched_random_locus	TGC	0	pam_plus_mobile	2	0.054153728424671914	0
NEG_ICCTX011_083	0	ASP000212	ICCTX011	matched_random_locus	CCG	0	pam_plus_mobile	2	3.13408981618768e-05	0
NEG_ICCTX011_084	0	ASP000212	ICCTX011	matched_random_locus	CCC	0	pam_plus_mobile	2	0.0032361345793989337	0
NEG_ICCTX011_085	0	ASP000212	ICCTX011	matched_random_locus	TTG	0	pam_plus_mobile	2	0.04183504070636793	0
NEG_ICCTX011_086	0	ASP000212	ICCTX011	matched_random_locus	TGA	0	pam_plus_mobile	2	0.0029567174996443916	0
NEG_ICCTX011_087	0	ASP000212	ICCTX011	matched_random_locus	CTT	0	pam_plus_mobile	2	0.0009388411767938108	0
NEG_ICCTX011_088	0	ASP000212	ICCTX011	matched_random_locus	ATC	0	pam_plus_mobile	2	0.2751252814450074	0
NEG_ICCTX011_089	0	ASP000212	ICCTX011	matched_random_locus	ATA	0	pam_plus_mobile	2	0.019279719732344335	0
NEG_ICCTX011_090	0	ASP000212	ICCTX011	matched_random_locus	ACG	0	pam_plus_mobile	2	9.988457144139508e-05	0
NEG_ICCTX011_091	0	ASP000212	ICCTX011	matched_random_locus	TAA	0	pam_plus_mobile	2	0.02274732381636665	0
NEG_ICCTX011_092	0	ASP000212	ICCTX011	matched_random_locus	GCG	0	pam_plus_mobile	2	2.4364752970267818e-05	0
NEG_ICCTX011_093	0	ASP000212	ICCTX011	matched_random_locus	CCC	0	pam_plus_mobile	2	0.0032361345793989337	0
NEG_ICCTX011_094	0	ASP000212	ICCTX011	matched_random_locus	CAA	0	pam_plus_mobile	2	0.0006124900147992908	0
NEG_ICCTX011_095	0	ASP000212	ICCTX011	matched_random_locus	GCA	0	pam_plus_mobile	2	0.00013071128240532478	0
NEG_ICCTX011_096	0	ASP000212	ICCTX011	matched_random_locus	ACC	1	pam_plus_mobile	2	0.06826229133062918	0
NEG_ICCTX011_097	0	ASP000212	ICCTX011	matched_random_locus	GTC	0	pam_plus_mobile	2	0.08473185175466609	0
NEG_ICCTX011_098	0	ASP000212	ICCTX011	matched_random_locus	TTT	1	pam_plus_mobile	2	0.20172031449204203	0
NEG_ICCTX011_099	0	ASP000212	ICCTX011	matched_random_locus	ATG	0	pam_plus_mobile	2	0.0036506479227528827	0
NEG_ICCTX011_100	0	ASP000212	ICCTX011	matched_random_locus	ATT	0	pam_plus_mobile	2	0.0029861936592870384	0
POS_ICCTX012	1	ASP000234	ICCTX012	observed_target	TTC	1	pam_plus_mobile	5	0.9715755755856726	1
NEG_ICCTX012_001	0	ASP000234	ICCTX012	matched_random_locus	CAT	0	pam_plus_mobile	5	7.489439946995782e-05	0
NEG_ICCTX012_002	0	ASP000234	ICCTX012	matched_random_locus	TCC	0	pam_plus_mobile	5	0.108705197008443	0
NEG_ICCTX012_003	0	ASP000234	ICCTX012	matched_random_locus	GCC	0	pam_plus_mobile	5	0.0022262722196141117	0
NEG_ICCTX012_004	0	ASP000234	ICCTX012	matched_random_locus	GTA	0	pam_plus_mobile	5	0.003295746198760061	0
NEG_ICCTX012_005	0	ASP000234	ICCTX012	matched_random_locus	ATC	0	pam_plus_mobile	5	0.2523354850851674	0
NEG_ICCTX012_006	0	ASP000234	ICCTX012	matched_random_locus	TTG	0	pam_plus_mobile	5	0.03077729712862939	0
NEG_ICCTX012_007	0	ASP000234	ICCTX012	matched_random_locus	CAG	0	pam_plus_mobile	5	8.280893505305618e-05	0
NEG_ICCTX012_008	0	ASP000234	ICCTX012	matched_random_locus	AGC	0	pam_plus_mobile	5	0.004007074060374271	0
NEG_ICCTX012_009	0	ASP000234	ICCTX012	matched_random_locus	GTA	0	pam_plus_mobile	5	0.003295746198760061	0
NEG_ICCTX012_010	0	ASP000234	ICCTX012	matched_random_locus	CAG	0	pam_plus_mobile	5	8.280893505305618e-05	0
NEG_ICCTX012_011	0	ASP000234	ICCTX012	matched_random_locus	TAT	1	pam_plus_mobile	5	0.02392056620616713	0
NEG_ICCTX012_012	0	ASP000234	ICCTX012	matched_random_locus	ACC	1	pam_plus_mobile	5	0.06985454861670888	0
NEG_ICCTX012_013	0	ASP000234	ICCTX012	matched_random_locus	ACG	0	pam_plus_mobile	5	6.976466514816623e-05	0
NEG_ICCTX012_014	0	ASP000234	ICCTX012	matched_random_locus	TTA	0	pam_plus_mobile	5	0.15307824290051533	0
NEG_ICCTX012_015	0	ASP000234	ICCTX012	matched_random_locus	AAT	0	pam_plus_mobile	5	0.00024191782352139257	0
NEG_ICCTX012_016	0	ASP000234	ICCTX012	matched_random_locus	CTA	1	pam_plus_mobile	5	0.033303074896522754	0
NEG_ICCTX012_017	0	ASP000234	ICCTX012	matched_random_locus	TCT	0	pam_plus_mobile	5	0.0008085975804595883	0
NEG_ICCTX012_018	0	ASP000234	ICCTX012	matched_random_locus	ATC	1	pam_plus_mobile	5	0.7271662766141851	1
NEG_ICCTX012_019	0	ASP000234	ICCTX012	matched_random_locus	CTC	0	pam_plus_mobile	5	0.09458616412854498	0
NEG_ICCTX012_020	0	ASP000234	ICCTX012	matched_random_locus	GGC	0	pam_plus_mobile	5	0.0009430351190485625	0
NEG_ICCTX012_021	0	ASP000234	ICCTX012	matched_random_locus	ACT	0	pam_plus_mobile	5	6.309676827191254e-05	0
NEG_ICCTX012_022	0	ASP000234	ICCTX012	matched_random_locus	GTT	0	pam_plus_mobile	5	0.0005251274903801935	0
NEG_ICCTX012_023	0	ASP000234	ICCTX012	matched_random_locus	CAC	0	pam_plus_mobile	5	0.011162258820869589	0
NEG_ICCTX012_024	0	ASP000234	ICCTX012	matched_random_locus	TGA	0	pam_plus_mobile	5	0.0021499828916732872	0
NEG_ICCTX012_025	0	ASP000234	ICCTX012	matched_random_locus	GGC	1	pam_plus_mobile	5	0.007399057770037101	0
NEG_ICCTX012_026	0	ASP000234	ICCTX012	matched_random_locus	ACC	0	pam_plus_mobile	5	0.009420394405507425	0
NEG_ICCTX012_027	0	ASP000234	ICCTX012	matched_random_locus	GAA	1	pam_plus_mobile	5	0.002813678352065333	0
NEG_ICCTX012_028	0	ASP000234	ICCTX012	matched_random_locus	GTT	0	pam_plus_mobile	5	0.0005251274903801935	0
NEG_ICCTX012_029	0	ASP000234	ICCTX012	matched_random_locus	AGG	1	pam_plus_mobile	5	0.0002330344500812652	0
NEG_ICCTX012_030	0	ASP000234	ICCTX012	matched_random_locus	GAT	0	pam_plus_mobile	5	5.6769463061597745e-05	0
NEG_ICCTX012_031	0	ASP000234	ICCTX012	matched_random_locus	TGG	0	pam_plus_mobile	5	0.0003783921259172151	0
NEG_ICCTX012_032	0	ASP000234	ICCTX012	matched_random_locus	AGT	0	pam_plus_mobile	5	2.6694041911206502e-05	0
NEG_ICCTX012_033	0	ASP000234	ICCTX012	matched_random_locus	AAT	0	pam_plus_mobile	5	0.00024191782352139257	0
NEG_ICCTX012_034	0	ASP000234	ICCTX012	matched_random_locus	CTG	0	pam_plus_mobile	5	0.0007658326401571707	0
NEG_ICCTX012_035	0	ASP000234	ICCTX012	matched_random_locus	ACA	0	pam_plus_mobile	5	0.00039696905882909876	0
NEG_ICCTX012_036	0	ASP000234	ICCTX012	matched_random_locus	TCC	0	pam_plus_mobile	5	0.108705197008443	0
NEG_ICCTX012_037	0	ASP000234	ICCTX012	matched_random_locus	GAC	0	pam_plus_mobile	5	0.008483684151254695	0
NEG_ICCTX012_038	0	ASP000234	ICCTX012	matched_random_locus	ACG	1	pam_plus_mobile	5	0.0005506691105200557	0
NEG_ICCTX012_039	0	ASP000234	ICCTX012	matched_random_locus	TAC	0	pam_plus_mobile	5	0.31866184532749336	0
NEG_ICCTX012_040	0	ASP000234	ICCTX012	matched_random_locus	ACT	0	pam_plus_mobile	5	6.309676827191254e-05	0
NEG_ICCTX012_041	0	ASP000234	ICCTX012	matched_random_locus	CAA	0	pam_plus_mobile	5	0.0004711636443319178	0
NEG_ICCTX012_042	0	ASP000234	ICCTX012	matched_random_locus	TAC	0	pam_plus_mobile	5	0.31866184532749336	0
NEG_ICCTX012_043	0	ASP000234	ICCTX012	matched_random_locus	AAA	0	pam_plus_mobile	5	0.0015205707737250332	0
NEG_ICCTX012_044	0	ASP000234	ICCTX012	matched_random_locus	AGC	0	pam_plus_mobile	5	0.004007074060374271	0
NEG_ICCTX012_045	0	ASP000234	ICCTX012	matched_random_locus	ATG	0	pam_plus_mobile	5	0.0024699244413106405	0
NEG_ICCTX012_046	0	ASP000234	ICCTX012	matched_random_locus	CCT	0	pam_plus_mobile	5	1.953147149668173e-05	0
NEG_ICCTX012_047	0	ASP000234	ICCTX012	matched_random_locus	AGC	0	pam_plus_mobile	5	0.004007074060374271	0
NEG_ICCTX012_048	0	ASP000234	ICCTX012	matched_random_locus	CCG	0	pam_plus_mobile	5	2.1595604336250214e-05	0
NEG_ICCTX012_049	0	ASP000234	ICCTX012	matched_random_locus	GAG	0	pam_plus_mobile	5	6.276874930321632e-05	0
NEG_ICCTX012_050	0	ASP000234	ICCTX012	matched_random_locus	CGG	0	pam_plus_mobile	5	9.1361281997592e-06	0
NEG_ICCTX012_051	0	ASP000234	ICCTX012	matched_random_locus	GGA	0	pam_plus_mobile	5	3.9415758282142915e-05	0
NEG_ICCTX012_052	0	ASP000234	ICCTX012	matched_random_locus	AGC	0	pam_plus_mobile	5	0.004007074060374271	0
NEG_ICCTX012_053	0	ASP000234	ICCTX012	matched_random_locus	GGC	1	pam_plus_mobile	5	0.007399057770037101	0
NEG_ICCTX012_054	0	ASP000234	ICCTX012	matched_random_locus	GTA	0	pam_plus_mobile	5	0.003295746198760061	0
NEG_ICCTX012_055	0	ASP000234	ICCTX012	matched_random_locus	CCA	0	pam_plus_mobile	5	0.000122909269813421	0
NEG_ICCTX012_056	0	ASP000234	ICCTX012	matched_random_locus	CCA	0	pam_plus_mobile	5	0.000122909269813421	0
NEG_ICCTX012_057	0	ASP000234	ICCTX012	matched_random_locus	ATG	1	pam_plus_mobile	5	0.01917837569396877	0
NEG_ICCTX012_058	0	ASP000234	ICCTX012	matched_random_locus	CCG	1	pam_plus_mobile	5	0.00017051586835372483	0
NEG_ICCTX012_059	0	ASP000234	ICCTX012	matched_random_locus	GGA	1	pam_plus_mobile	5	0.0003111830683594434	0
NEG_ICCTX012_060	0	ASP000234	ICCTX012	matched_random_locus	GGT	0	pam_plus_mobile	5	6.2631052541321575e-06	0
NEG_ICCTX012_061	0	ASP000234	ICCTX012	matched_random_locus	TCC	0	pam_plus_mobile	5	0.108705197008443	0
NEG_ICCTX012_062	0	ASP000234	ICCTX012	matched_random_locus	GCT	0	pam_plus_mobile	5	1.480452878728089e-05	0
NEG_ICCTX012_063	0	ASP000234	ICCTX012	matched_random_locus	TGA	0	pam_plus_mobile	5	0.0021499828916732872	0
NEG_ICCTX012_064	0	ASP000234	ICCTX012	matched_random_locus	AAT	0	pam_plus_mobile	5	0.00024191782352139257	0
NEG_ICCTX012_065	0	ASP000234	ICCTX012	matched_random_locus	CAC	1	pam_plus_mobile	5	0.08184759992838474	0
NEG_ICCTX012_066	0	ASP000234	ICCTX012	matched_random_locus	TGT	0	pam_plus_mobile	5	0.00034223664043661725	0
NEG_ICCTX012_067	0	ASP000234	ICCTX012	matched_random_locus	GGA	0	pam_plus_mobile	5	3.9415758282142915e-05	0
NEG_ICCTX012_068	0	ASP000234	ICCTX012	matched_random_locus	AAT	1	pam_plus_mobile	5	0.0019072514938098624	0
NEG_ICCTX012_069	0	ASP000234	ICCTX012	matched_random_locus	GTC	0	pam_plus_mobile	5	0.0733740539644138	0
NEG_ICCTX012_070	0	ASP000234	ICCTX012	matched_random_locus	GCC	0	pam_plus_mobile	5	0.0022262722196141117	0
NEG_ICCTX012_071	0	ASP000234	ICCTX012	matched_random_locus	AAG	1	pam_plus_mobile	5	0.002108393784353838	0
NEG_ICCTX012_072	0	ASP000234	ICCTX012	matched_random_locus	TCG	0	pam_plus_mobile	5	0.0008939775651212133	0
NEG_ICCTX012_073	0	ASP000234	ICCTX012	matched_random_locus	GCA	0	pam_plus_mobile	5	9.316550218532068e-05	0
NEG_ICCTX012_074	0	ASP000234	ICCTX012	matched_random_locus	ATA	1	pam_plus_mobile	5	0.10015087919768571	0
NEG_ICCTX012_075	0	ASP000234	ICCTX012	matched_random_locus	AAC	0	pam_plus_mobile	5	0.035185361017566766	0
NEG_ICCTX012_076	0	ASP000234	ICCTX012	matched_random_locus	GCC	0	pam_plus_mobile	5	0.0022262722196141117	0
NEG_ICCTX012_077	0	ASP000234	ICCTX012	matched_random_locus	AAA	0	pam_plus_mobile	5	0.0015205707737250332	0
NEG_ICCTX012_078	0	ASP000234	ICCTX012	matched_random_locus	CAT	1	pam_plus_mobile	5	0.0005911384203341171	0
NEG_ICCTX012_079	0	ASP000234	ICCTX012	matched_random_locus	TGA	1	pam_plus_mobile	5	0.01673040542525103	0
NEG_ICCTX012_080	0	ASP000234	ICCTX012	matched_random_locus	TTC	1	pam_plus_mobile	5	0.9715755755856726	1
NEG_ICCTX012_081	0	ASP000234	ICCTX012	matched_random_locus	AAA	0	pam_plus_mobile	5	0.0015205707737250332	0
NEG_ICCTX012_082	0	ASP000234	ICCTX012	matched_random_locus	CTA	1	pam_plus_mobile	5	0.033303074896522754	0
NEG_ICCTX012_083	0	ASP000234	ICCTX012	matched_random_locus	TCG	0	pam_plus_mobile	5	0.0008939775651212133	0
NEG_ICCTX012_084	0	ASP000234	ICCTX012	matched_random_locus	TTT	1	pam_plus_mobile	5	0.1848700559184033	0
NEG_ICCTX012_085	0	ASP000234	ICCTX012	matched_random_locus	TTA	1	pam_plus_mobile	5	0.5880302272118249	1
NEG_ICCTX012_086	0	ASP000234	ICCTX012	matched_random_locus	AGG	0	pam_plus_mobile	5	2.951511006086058e-05	0
NEG_ICCTX012_087	0	ASP000234	ICCTX012	matched_random_locus	CTT	0	pam_plus_mobile	5	0.0006926827457385407	0
NEG_ICCTX012_088	0	ASP000234	ICCTX012	matched_random_locus	AGA	0	pam_plus_mobile	5	0.0001679761209879607	0
NEG_ICCTX012_089	0	ASP000234	ICCTX012	matched_random_locus	AGC	0	pam_plus_mobile	5	0.004007074060374271	0
NEG_ICCTX012_090	0	ASP000234	ICCTX012	matched_random_locus	ATT	0	pam_plus_mobile	5	0.0022343690917058586	0
NEG_ICCTX012_091	0	ASP000234	ICCTX012	matched_random_locus	TAA	0	pam_plus_mobile	5	0.019156513024101464	0
NEG_ICCTX012_092	0	ASP000234	ICCTX012	matched_random_locus	CAA	1	pam_plus_mobile	5	0.003708744228171273	0
NEG_ICCTX012_093	0	ASP000234	ICCTX012	matched_random_locus	TCA	1	pam_plus_mobile	5	0.03866493010298811	0
NEG_ICCTX012_094	0	ASP000234	ICCTX012	matched_random_locus	AAT	0	pam_plus_mobile	5	0.00024191782352139257	0
NEG_ICCTX012_095	0	ASP000234	ICCTX012	matched_random_locus	TGC	1	pam_plus_mobile	5	0.28949999048088565	0
NEG_ICCTX012_096	0	ASP000234	ICCTX012	matched_random_locus	CTA	0	pam_plus_mobile	5	0.00434349585578019	0
NEG_ICCTX012_097	0	ASP000234	ICCTX012	matched_random_locus	GGG	0	pam_plus_mobile	5	6.925014977557605e-06	0
NEG_ICCTX012_098	0	ASP000234	ICCTX012	matched_random_locus	TGT	1	pam_plus_mobile	5	0.0026962907126278353	0
NEG_ICCTX012_099	0	ASP000234	ICCTX012	matched_random_locus	TCG	0	pam_plus_mobile	5	0.0008939775651212133	0
NEG_ICCTX012_100	0	ASP000234	ICCTX012	matched_random_locus	TTT	0	pam_plus_mobile	5	0.02791763776215165	0
POS_ICCTX013	1	ASP000235	ICCTX013	observed_target	TTC	1	pam_plus_mobile	4	0.9683518867724975	1
NEG_ICCTX013_001	0	ASP000235	ICCTX013	matched_random_locus	TTG	0	pam_plus_mobile	4	0.04140069087797777	0
NEG_ICCTX013_002	0	ASP000235	ICCTX013	matched_random_locus	AAC	0	pam_plus_mobile	4	0.04143353644383922	0
NEG_ICCTX013_003	0	ASP000235	ICCTX013	matched_random_locus	TTC	0	pam_plus_mobile	4	0.8451271578090106	1
NEG_ICCTX013_004	0	ASP000235	ICCTX013	matched_random_locus	GAA	0	pam_plus_mobile	4	0.0004285552773203358	0
NEG_ICCTX013_005	0	ASP000235	ICCTX013	matched_random_locus	GCT	0	pam_plus_mobile	4	1.59777496004104e-05	0
NEG_ICCTX013_006	0	ASP000235	ICCTX013	matched_random_locus	GAA	0	pam_plus_mobile	4	0.0004285552773203358	0
NEG_ICCTX013_007	0	ASP000235	ICCTX013	matched_random_locus	TTC	0	pam_plus_mobile	4	0.8451271578090106	1
NEG_ICCTX013_008	0	ASP000235	ICCTX013	matched_random_locus	GCT	1	pam_plus_mobile	4	8.958230503742892e-05	0
NEG_ICCTX013_009	0	ASP000235	ICCTX013	matched_random_locus	GTT	0	pam_plus_mobile	4	0.0006917135092656081	0
NEG_ICCTX013_010	0	ASP000235	ICCTX013	matched_random_locus	ATA	0	pam_plus_mobile	4	0.017588973296844584	0
NEG_ICCTX013_011	0	ASP000235	ICCTX013	matched_random_locus	GGT	0	pam_plus_mobile	4	8.735006075630742e-06	0
NEG_ICCTX013_012	0	ASP000235	ICCTX013	matched_random_locus	TAA	0	pam_plus_mobile	4	0.022690829502337678	0
NEG_ICCTX013_013	0	ASP000235	ICCTX013	matched_random_locus	ATC	0	pam_plus_mobile	4	0.29897564839588586	0
NEG_ICCTX013_014	0	ASP000235	ICCTX013	matched_random_locus	ATT	0	pam_plus_mobile	4	0.0029210408823842414	0
NEG_ICCTX013_015	0	ASP000235	ICCTX013	matched_random_locus	CAG	0	pam_plus_mobile	4	0.000110147732608637	0
NEG_ICCTX013_016	0	ASP000235	ICCTX013	matched_random_locus	TCG	0	pam_plus_mobile	4	0.0009959407690272879	0
NEG_ICCTX013_017	0	ASP000235	ICCTX013	matched_random_locus	TAG	0	pam_plus_mobile	4	0.00435813507594105	0
NEG_ICCTX013_018	0	ASP000235	ICCTX013	matched_random_locus	CAG	0	pam_plus_mobile	4	0.000110147732608637	0
NEG_ICCTX013_019	0	ASP000235	ICCTX013	matched_random_locus	CTC	0	pam_plus_mobile	4	0.12074948434332132	0
NEG_ICCTX013_020	0	ASP000235	ICCTX013	matched_random_locus	TAA	0	pam_plus_mobile	4	0.022690829502337678	0
NEG_ICCTX013_021	0	ASP000235	ICCTX013	matched_random_locus	AGA	0	pam_plus_mobile	4	0.0002258860364721344	0
NEG_ICCTX013_022	0	ASP000235	ICCTX013	matched_random_locus	TCA	0	pam_plus_mobile	4	0.005260132011990396	0
NEG_ICCTX013_023	0	ASP000235	ICCTX013	matched_random_locus	TAA	1	pam_plus_mobile	4	0.1151881771726206	0
NEG_ICCTX013_024	0	ASP000235	ICCTX013	matched_random_locus	TAT	0	pam_plus_mobile	4	0.0037847084066359184	0
NEG_ICCTX013_025	0	ASP000235	ICCTX013	matched_random_locus	TAT	0	pam_plus_mobile	4	0.0037847084066359184	0
NEG_ICCTX013_026	0	ASP000235	ICCTX013	matched_random_locus	TGC	0	pam_plus_mobile	4	0.06442655532411475	0
NEG_ICCTX013_027	0	ASP000235	ICCTX013	matched_random_locus	AAA	1	pam_plus_mobile	4	0.010072018428770474	0
NEG_ICCTX013_028	0	ASP000235	ICCTX013	matched_random_locus	ATT	0	pam_plus_mobile	4	0.0029210408823842414	0
NEG_ICCTX013_029	0	ASP000235	ICCTX013	matched_random_locus	AAA	1	pam_plus_mobile	4	0.010072018428770474	0
NEG_ICCTX013_030	0	ASP000235	ICCTX013	matched_random_locus	TAC	0	pam_plus_mobile	4	0.35611071825202856	0
NEG_ICCTX013_031	0	ASP000235	ICCTX013	matched_random_locus	CCT	0	pam_plus_mobile	4	2.1775310109729468e-05	0
NEG_ICCTX013_032	0	ASP000235	ICCTX013	matched_random_locus	CGG	0	pam_plus_mobile	4	1.3716099276434342e-05	0
NEG_ICCTX013_033	0	ASP000235	ICCTX013	matched_random_locus	CAC	0	pam_plus_mobile	4	0.013727661637439935	0
NEG_ICCTX013_034	0	ASP000235	ICCTX013	matched_random_locus	AAA	0	pam_plus_mobile	4	0.0018112857760878033	0
NEG_ICCTX013_035	0	ASP000235	ICCTX013	matched_random_locus	TTC	0	pam_plus_mobile	4	0.8451271578090106	1
NEG_ICCTX013_036	0	ASP000235	ICCTX013	matched_random_locus	GGC	0	pam_plus_mobile	4	0.0012700175464400892	0
NEG_ICCTX013_037	0	ASP000235	ICCTX013	matched_random_locus	GAA	0	pam_plus_mobile	4	0.0004285552773203358	0
NEG_ICCTX013_038	0	ASP000235	ICCTX013	matched_random_locus	ATT	0	pam_plus_mobile	4	0.0029210408823842414	0
NEG_ICCTX013_039	0	ASP000235	ICCTX013	matched_random_locus	GGT	0	pam_plus_mobile	4	8.735006075630742e-06	0
NEG_ICCTX013_040	0	ASP000235	ICCTX013	matched_random_locus	GCA	1	pam_plus_mobile	4	0.0005472208008806464	0
NEG_ICCTX013_041	0	ASP000235	ICCTX013	matched_random_locus	CCA	0	pam_plus_mobile	4	0.00013306235056740543	0
NEG_ICCTX013_042	0	ASP000235	ICCTX013	matched_random_locus	GTT	0	pam_plus_mobile	4	0.0006917135092656081	0
NEG_ICCTX013_043	0	ASP000235	ICCTX013	matched_random_locus	ATG	0	pam_plus_mobile	4	0.0033640539077153288	0
NEG_ICCTX013_044	0	ASP000235	ICCTX013	matched_random_locus	CGT	0	pam_plus_mobile	4	1.190455294063518e-05	0
NEG_ICCTX013_045	0	ASP000235	ICCTX013	matched_random_locus	TTT	0	pam_plus_mobile	4	0.03613021351015868	0
NEG_ICCTX013_046	0	ASP000235	ICCTX013	matched_random_locus	TGT	0	pam_plus_mobile	4	0.00047281038775079577	0
NEG_ICCTX013_047	0	ASP000235	ICCTX013	matched_random_locus	AGC	0	pam_plus_mobile	4	0.005353179998286951	0
NEG_ICCTX013_048	0	ASP000235	ICCTX013	matched_random_locus	CTG	0	pam_plus_mobile	4	0.0010857367923002392	0
NEG_ICCTX013_049	0	ASP000235	ICCTX013	matched_random_locus	CAT	0	pam_plus_mobile	4	9.560124847084513e-05	0
NEG_ICCTX013_050	0	ASP000235	ICCTX013	matched_random_locus	ACG	0	pam_plus_mobile	4	7.790912802827472e-05	0
NEG_ICCTX013_051	0	ASP000235	ICCTX013	matched_random_locus	CAT	0	pam_plus_mobile	4	9.560124847084513e-05	0
NEG_ICCTX013_052	0	ASP000235	ICCTX013	matched_random_locus	TAT	0	pam_plus_mobile	4	0.0037847084066359184	0
NEG_ICCTX013_053	0	ASP000235	ICCTX013	matched_random_locus	CTC	0	pam_plus_mobile	4	0.12074948434332132	0
NEG_ICCTX013_054	0	ASP000235	ICCTX013	matched_random_locus	CTC	0	pam_plus_mobile	4	0.12074948434332132	0
NEG_ICCTX013_055	0	ASP000235	ICCTX013	matched_random_locus	GAG	0	pam_plus_mobile	4	8.082338630869273e-05	0
NEG_ICCTX013_056	0	ASP000235	ICCTX013	matched_random_locus	TAT	1	pam_plus_mobile	4	0.020857568684863336	0
NEG_ICCTX013_057	0	ASP000235	ICCTX013	matched_random_locus	ACT	0	pam_plus_mobile	4	6.761989571618235e-05	0
NEG_ICCTX013_058	0	ASP000235	ICCTX013	matched_random_locus	AAT	0	pam_plus_mobile	4	0.0002968289211130025	0
NEG_ICCTX013_059	0	ASP000235	ICCTX013	matched_random_locus	TTA	0	pam_plus_mobile	4	0.18638476506141977	0
NEG_ICCTX013_060	0	ASP000235	ICCTX013	matched_random_locus	GGG	0	pam_plus_mobile	4	1.0064239194736296e-05	0
NEG_ICCTX013_061	0	ASP000235	ICCTX013	matched_random_locus	TTT	1	pam_plus_mobile	4	0.17367643275898903	0
NEG_ICCTX013_062	0	ASP000235	ICCTX013	matched_random_locus	ACC	0	pam_plus_mobile	4	0.009748637944332443	0
NEG_ICCTX013_063	0	ASP000235	ICCTX013	matched_random_locus	TGA	0	pam_plus_mobile	4	0.002882556896059005	0
NEG_ICCTX013_064	0	ASP000235	ICCTX013	matched_random_locus	CCA	0	pam_plus_mobile	4	0.00013306235056740543	0
NEG_ICCTX013_065	0	ASP000235	ICCTX013	matched_random_locus	TTC	0	pam_plus_mobile	4	0.8451271578090106	1
NEG_ICCTX013_066	0	ASP000235	ICCTX013	matched_random_locus	CTG	0	pam_plus_mobile	4	0.0010857367923002392	0
NEG_ICCTX013_067	0	ASP000235	ICCTX013	matched_random_locus	TTG	0	pam_plus_mobile	4	0.04140069087797777	0
NEG_ICCTX013_068	0	ASP000235	ICCTX013	matched_random_locus	TTG	0	pam_plus_mobile	4	0.04140069087797777	0
NEG_ICCTX013_069	0	ASP000235	ICCTX013	matched_random_locus	ACA	0	pam_plus_mobile	4	0.00041310798968328884	0
NEG_ICCTX013_070	0	ASP000235	ICCTX013	matched_random_locus	CAA	0	pam_plus_mobile	4	0.0005839700490159284	0
NEG_ICCTX013_071	0	ASP000235	ICCTX013	matched_random_locus	TCT	0	pam_plus_mobile	4	0.0008645145870470518	0
NEG_ICCTX013_072	0	ASP000235	ICCTX013	matched_random_locus	CTG	0	pam_plus_mobile	4	0.0010857367923002392	0
NEG_ICCTX013_073	0	ASP000235	ICCTX013	matched_random_locus	CTC	0	pam_plus_mobile	4	0.12074948434332132	0
NEG_ICCTX013_074	0	ASP000235	ICCTX013	matched_random_locus	GTG	0	pam_plus_mobile	4	0.0007968908890665652	0
NEG_ICCTX013_075	0	ASP000235	ICCTX013	matched_random_locus	GGG	0	pam_plus_mobile	4	1.0064239194736296e-05	0
NEG_ICCTX013_076	0	ASP000235	ICCTX013	matched_random_locus	GGC	0	pam_plus_mobile	4	0.0012700175464400892	0
NEG_ICCTX013_077	0	ASP000235	ICCTX013	matched_random_locus	ATC	0	pam_plus_mobile	4	0.29897564839588586	0
NEG_ICCTX013_078	0	ASP000235	ICCTX013	matched_random_locus	TGG	0	pam_plus_mobile	4	0.0005447209507357756	0
NEG_ICCTX013_079	0	ASP000235	ICCTX013	matched_random_locus	AAT	0	pam_plus_mobile	4	0.0002968289211130025	0
NEG_ICCTX013_080	0	ASP000235	ICCTX013	matched_random_locus	ATC	0	pam_plus_mobile	4	0.29897564839588586	0
NEG_ICCTX013_081	0	ASP000235	ICCTX013	matched_random_locus	TGC	0	pam_plus_mobile	4	0.06442655532411475	0
NEG_ICCTX013_082	0	ASP000235	ICCTX013	matched_random_locus	GCT	0	pam_plus_mobile	4	1.59777496004104e-05	0
NEG_ICCTX013_083	0	ASP000235	ICCTX013	matched_random_locus	CAC	0	pam_plus_mobile	4	0.013727661637439935	0
NEG_ICCTX013_084	0	ASP000235	ICCTX013	matched_random_locus	AGT	0	pam_plus_mobile	4	3.6968537014269013e-05	0
NEG_ICCTX013_085	0	ASP000235	ICCTX013	matched_random_locus	TAT	0	pam_plus_mobile	4	0.0037847084066359184	0
NEG_ICCTX013_086	0	ASP000235	ICCTX013	matched_random_locus	AAC	0	pam_plus_mobile	4	0.04143353644383922	0
NEG_ICCTX013_087	0	ASP000235	ICCTX013	matched_random_locus	GTG	0	pam_plus_mobile	4	0.0007968908890665652	0
NEG_ICCTX013_088	0	ASP000235	ICCTX013	matched_random_locus	TTG	0	pam_plus_mobile	4	0.04140069087797777	0
NEG_ICCTX013_089	0	ASP000235	ICCTX013	matched_random_locus	TGA	0	pam_plus_mobile	4	0.002882556896059005	0
NEG_ICCTX013_090	0	ASP000235	ICCTX013	matched_random_locus	ATC	0	pam_plus_mobile	4	0.29897564839588586	0
NEG_ICCTX013_091	0	ASP000235	ICCTX013	matched_random_locus	GGG	0	pam_plus_mobile	4	1.0064239194736296e-05	0
NEG_ICCTX013_092	0	ASP000235	ICCTX013	matched_random_locus	GGC	0	pam_plus_mobile	4	0.0012700175464400892	0
NEG_ICCTX013_093	0	ASP000235	ICCTX013	matched_random_locus	TCA	0	pam_plus_mobile	4	0.005260132011990396	0
NEG_ICCTX013_094	0	ASP000235	ICCTX013	matched_random_locus	CAT	0	pam_plus_mobile	4	9.560124847084513e-05	0
NEG_ICCTX013_095	0	ASP000235	ICCTX013	matched_random_locus	TGG	0	pam_plus_mobile	4	0.0005447209507357756	0
NEG_ICCTX013_096	0	ASP000235	ICCTX013	matched_random_locus	TGG	0	pam_plus_mobile	4	0.0005447209507357756	0
NEG_ICCTX013_097	0	ASP000235	ICCTX013	matched_random_locus	GAA	0	pam_plus_mobile	4	0.0004285552773203358	0
NEG_ICCTX013_098	0	ASP000235	ICCTX013	matched_random_locus	AGC	0	pam_plus_mobile	4	0.005353179998286951	0
NEG_ICCTX013_099	0	ASP000235	ICCTX013	matched_random_locus	ACG	1	pam_plus_mobile	4	0.00043668781920950264	0
NEG_ICCTX013_100	0	ASP000235	ICCTX013	matched_random_locus	CGT	0	pam_plus_mobile	4	1.190455294063518e-05	0
POS_ICCTX015	1	ASP000247	ICCTX015	observed_target	TTC	1	pam_plus_mobile	5	0.9715755755856726	1
NEG_ICCTX015_001	0	ASP000247	ICCTX015	matched_random_locus	TTC	1	pam_plus_mobile	5	0.9715755755856726	1
NEG_ICCTX015_002	0	ASP000247	ICCTX015	matched_random_locus	CCC	0	pam_plus_mobile	5	0.0029350269314790934	0
NEG_ICCTX015_003	0	ASP000247	ICCTX015	matched_random_locus	AGA	0	pam_plus_mobile	5	0.0001679761209879607	0
NEG_ICCTX015_004	0	ASP000247	ICCTX015	matched_random_locus	ATT	0	pam_plus_mobile	5	0.0022343690917058586	0
NEG_ICCTX015_005	0	ASP000247	ICCTX015	matched_random_locus	CAA	1	pam_plus_mobile	5	0.003708744228171273	0
NEG_ICCTX015_006	0	ASP000247	ICCTX015	matched_random_locus	TCC	0	pam_plus_mobile	5	0.108705197008443	0
NEG_ICCTX015_007	0	ASP000247	ICCTX015	matched_random_locus	TAG	1	pam_plus_mobile	5	0.026381909259425157	0
NEG_ICCTX015_008	0	ASP000247	ICCTX015	matched_random_locus	AAA	0	pam_plus_mobile	5	0.0015205707737250332	0
NEG_ICCTX015_009	0	ASP000247	ICCTX015	matched_random_locus	TTT	0	pam_plus_mobile	5	0.02791763776215165	0
NEG_ICCTX015_010	0	ASP000247	ICCTX015	matched_random_locus	GAA	0	pam_plus_mobile	5	0.0003571732042586707	0
NEG_ICCTX015_011	0	ASP000247	ICCTX015	matched_random_locus	ATA	0	pam_plus_mobile	5	0.013897699625095631	0
NEG_ICCTX015_012	0	ASP000247	ICCTX015	matched_random_locus	CTC	0	pam_plus_mobile	5	0.09458616412854498	0
NEG_ICCTX015_013	0	ASP000247	ICCTX015	matched_random_locus	TGT	1	pam_plus_mobile	5	0.0026962907126278353	0
NEG_ICCTX015_014	0	ASP000247	ICCTX015	matched_random_locus	TAT	0	pam_plus_mobile	5	0.0030936880397630087	0
NEG_ICCTX015_015	0	ASP000247	ICCTX015	matched_random_locus	CAC	0	pam_plus_mobile	5	0.011162258820869589	0
NEG_ICCTX015_016	0	ASP000247	ICCTX015	matched_random_locus	ATT	0	pam_plus_mobile	5	0.0022343690917058586	0
NEG_ICCTX015_017	0	ASP000247	ICCTX015	matched_random_locus	GGC	0	pam_plus_mobile	5	0.0009430351190485625	0
NEG_ICCTX015_018	0	ASP000247	ICCTX015	matched_random_locus	CAA	0	pam_plus_mobile	5	0.0004711636443319178	0
NEG_ICCTX015_019	0	ASP000247	ICCTX015	matched_random_locus	TCT	1	pam_plus_mobile	5	0.006350110143802647	0
NEG_ICCTX015_020	0	ASP000247	ICCTX015	matched_random_locus	GGC	0	pam_plus_mobile	5	0.0009430351190485625	0
NEG_ICCTX015_021	0	ASP000247	ICCTX015	matched_random_locus	AAA	0	pam_plus_mobile	5	0.0015205707737250332	0
NEG_ICCTX015_022	0	ASP000247	ICCTX015	matched_random_locus	AGG	0	pam_plus_mobile	5	2.951511006086058e-05	0
NEG_ICCTX015_023	0	ASP000247	ICCTX015	matched_random_locus	TGC	0	pam_plus_mobile	5	0.04906493277501007	0
NEG_ICCTX015_024	0	ASP000247	ICCTX015	matched_random_locus	AAT	0	pam_plus_mobile	5	0.00024191782352139257	0
NEG_ICCTX015_025	0	ASP000247	ICCTX015	matched_random_locus	GGA	0	pam_plus_mobile	5	3.9415758282142915e-05	0
NEG_ICCTX015_026	0	ASP000247	ICCTX015	matched_random_locus	GGC	0	pam_plus_mobile	5	0.0009430351190485625	0
NEG_ICCTX015_027	0	ASP000247	ICCTX015	matched_random_locus	ATG	0	pam_plus_mobile	5	0.0024699244413106405	0
NEG_ICCTX015_028	0	ASP000247	ICCTX015	matched_random_locus	GGG	0	pam_plus_mobile	5	6.925014977557605e-06	0
NEG_ICCTX015_029	0	ASP000247	ICCTX015	matched_random_locus	ATT	1	pam_plus_mobile	5	0.017377102999100776	0
NEG_ICCTX015_030	0	ASP000247	ICCTX015	matched_random_locus	GCC	1	pam_plus_mobile	5	0.01731508439827489	0
NEG_ICCTX015_031	0	ASP000247	ICCTX015	matched_random_locus	ACT	0	pam_plus_mobile	5	6.309676827191254e-05	0
NEG_ICCTX015_032	0	ASP000247	ICCTX015	matched_random_locus	AAT	0	pam_plus_mobile	5	0.00024191782352139257	0
NEG_ICCTX015_033	0	ASP000247	ICCTX015	matched_random_locus	CGG	0	pam_plus_mobile	5	9.1361281997592e-06	0
NEG_ICCTX015_034	0	ASP000247	ICCTX015	matched_random_locus	TGG	1	pam_plus_mobile	5	0.0029803980636107295	0
NEG_ICCTX015_035	0	ASP000247	ICCTX015	matched_random_locus	AAG	0	pam_plus_mobile	5	0.000267477993933569	0
NEG_ICCTX015_036	0	ASP000247	ICCTX015	matched_random_locus	TTT	0	pam_plus_mobile	5	0.02791763776215165	0
NEG_ICCTX015_037	0	ASP000247	ICCTX015	matched_random_locus	TAC	1	pam_plus_mobile	5	0.786936826175734	1
NEG_ICCTX015_038	0	ASP000247	ICCTX015	matched_random_locus	GGT	0	pam_plus_mobile	5	6.2631052541321575e-06	0
NEG_ICCTX015_039	0	ASP000247	ICCTX015	matched_random_locus	ATT	0	pam_plus_mobile	5	0.0022343690917058586	0
NEG_ICCTX015_040	0	ASP000247	ICCTX015	matched_random_locus	TCG	0	pam_plus_mobile	5	0.0008939775651212133	0
NEG_ICCTX015_041	0	ASP000247	ICCTX015	matched_random_locus	TCG	0	pam_plus_mobile	5	0.0008939775651212133	0
NEG_ICCTX015_042	0	ASP000247	ICCTX015	matched_random_locus	TTG	0	pam_plus_mobile	5	0.03077729712862939	0
NEG_ICCTX015_043	0	ASP000247	ICCTX015	matched_random_locus	CTA	0	pam_plus_mobile	5	0.00434349585578019	0
NEG_ICCTX015_044	0	ASP000247	ICCTX015	matched_random_locus	TTC	1	pam_plus_mobile	5	0.9715755755856726	1
NEG_ICCTX015_045	0	ASP000247	ICCTX015	matched_random_locus	CAT	0	pam_plus_mobile	5	7.489439946995782e-05	0
NEG_ICCTX015_046	0	ASP000247	ICCTX015	matched_random_locus	TAG	0	pam_plus_mobile	5	0.0034195254538974614	0
NEG_ICCTX015_047	0	ASP000247	ICCTX015	matched_random_locus	ATG	0	pam_plus_mobile	5	0.0024699244413106405	0
NEG_ICCTX015_048	0	ASP000247	ICCTX015	matched_random_locus	GGA	1	pam_plus_mobile	5	0.0003111830683594434	0
NEG_ICCTX015_049	0	ASP000247	ICCTX015	matched_random_locus	CGG	0	pam_plus_mobile	5	9.1361281997592e-06	0
NEG_ICCTX015_050	0	ASP000247	ICCTX015	matched_random_locus	AAC	0	pam_plus_mobile	5	0.035185361017566766	0
NEG_ICCTX015_051	0	ASP000247	ICCTX015	matched_random_locus	TCT	0	pam_plus_mobile	5	0.0008085975804595883	0
NEG_ICCTX015_052	0	ASP000247	ICCTX015	matched_random_locus	CAT	1	pam_plus_mobile	5	0.0005911384203341171	0
NEG_ICCTX015_053	0	ASP000247	ICCTX015	matched_random_locus	TCA	0	pam_plus_mobile	5	0.005067246730515293	0
NEG_ICCTX015_054	0	ASP000247	ICCTX015	matched_random_locus	TGA	0	pam_plus_mobile	5	0.0021499828916732872	0
NEG_ICCTX015_055	0	ASP000247	ICCTX015	matched_random_locus	CGG	0	pam_plus_mobile	5	9.1361281997592e-06	0
NEG_ICCTX015_056	0	ASP000247	ICCTX015	matched_random_locus	GAA	0	pam_plus_mobile	5	0.0003571732042586707	0
NEG_ICCTX015_057	0	ASP000247	ICCTX015	matched_random_locus	GCC	0	pam_plus_mobile	5	0.0022262722196141117	0
NEG_ICCTX015_058	0	ASP000247	ICCTX015	matched_random_locus	AAT	0	pam_plus_mobile	5	0.00024191782352139257	0
NEG_ICCTX015_059	0	ASP000247	ICCTX015	matched_random_locus	ATT	0	pam_plus_mobile	5	0.0022343690917058586	0
NEG_ICCTX015_060	0	ASP000247	ICCTX015	matched_random_locus	ATA	0	pam_plus_mobile	5	0.013897699625095631	0
NEG_ICCTX015_061	0	ASP000247	ICCTX015	matched_random_locus	CAA	0	pam_plus_mobile	5	0.0004711636443319178	0
NEG_ICCTX015_062	0	ASP000247	ICCTX015	matched_random_locus	GTG	0	pam_plus_mobile	5	0.0005805932021708527	0
NEG_ICCTX015_063	0	ASP000247	ICCTX015	matched_random_locus	TAT	0	pam_plus_mobile	5	0.0030936880397630087	0
NEG_ICCTX015_064	0	ASP000247	ICCTX015	matched_random_locus	GAA	0	pam_plus_mobile	5	0.0003571732042586707	0
NEG_ICCTX015_065	0	ASP000247	ICCTX015	matched_random_locus	CTT	0	pam_plus_mobile	5	0.0006926827457385407	0
NEG_ICCTX015_066	0	ASP000247	ICCTX015	matched_random_locus	TCC	0	pam_plus_mobile	5	0.108705197008443	0
NEG_ICCTX015_067	0	ASP000247	ICCTX015	matched_random_locus	GTA	0	pam_plus_mobile	5	0.003295746198760061	0
NEG_ICCTX015_068	0	ASP000247	ICCTX015	matched_random_locus	CCC	0	pam_plus_mobile	5	0.0029350269314790934	0
NEG_ICCTX015_069	0	ASP000247	ICCTX015	matched_random_locus	TGA	0	pam_plus_mobile	5	0.0021499828916732872	0
NEG_ICCTX015_070	0	ASP000247	ICCTX015	matched_random_locus	GAA	0	pam_plus_mobile	5	0.0003571732042586707	0
NEG_ICCTX015_071	0	ASP000247	ICCTX015	matched_random_locus	TTA	0	pam_plus_mobile	5	0.15307824290051533	0
NEG_ICCTX015_072	0	ASP000247	ICCTX015	matched_random_locus	ATA	0	pam_plus_mobile	5	0.013897699625095631	0
NEG_ICCTX015_073	0	ASP000247	ICCTX015	matched_random_locus	CCA	0	pam_plus_mobile	5	0.000122909269813421	0
NEG_ICCTX015_074	0	ASP000247	ICCTX015	matched_random_locus	AAT	0	pam_plus_mobile	5	0.00024191782352139257	0
NEG_ICCTX015_075	0	ASP000247	ICCTX015	matched_random_locus	AAT	0	pam_plus_mobile	5	0.00024191782352139257	0
NEG_ICCTX015_076	0	ASP000247	ICCTX015	matched_random_locus	CGT	0	pam_plus_mobile	5	8.262876659336204e-06	0
NEG_ICCTX015_077	0	ASP000247	ICCTX015	matched_random_locus	AAA	0	pam_plus_mobile	5	0.0015205707737250332	0
NEG_ICCTX015_078	0	ASP000247	ICCTX015	matched_random_locus	CCT	0	pam_plus_mobile	5	1.953147149668173e-05	0
NEG_ICCTX015_079	0	ASP000247	ICCTX015	matched_random_locus	TGG	0	pam_plus_mobile	5	0.0003783921259172151	0
NEG_ICCTX015_080	0	ASP000247	ICCTX015	matched_random_locus	AAC	0	pam_plus_mobile	5	0.035185361017566766	0
NEG_ICCTX015_081	0	ASP000247	ICCTX015	matched_random_locus	TGC	0	pam_plus_mobile	5	0.04906493277501007	0
NEG_ICCTX015_082	0	ASP000247	ICCTX015	matched_random_locus	GCG	1	pam_plus_mobile	5	0.0001292528999188564	0
NEG_ICCTX015_083	0	ASP000247	ICCTX015	matched_random_locus	CGT	0	pam_plus_mobile	5	8.262876659336204e-06	0
NEG_ICCTX015_084	0	ASP000247	ICCTX015	matched_random_locus	ATA	0	pam_plus_mobile	5	0.013897699625095631	0
NEG_ICCTX015_085	0	ASP000247	ICCTX015	matched_random_locus	ATG	0	pam_plus_mobile	5	0.0024699244413106405	0
NEG_ICCTX015_086	0	ASP000247	ICCTX015	matched_random_locus	GTT	1	pam_plus_mobile	5	0.004131985401358405	0
NEG_ICCTX015_087	0	ASP000247	ICCTX015	matched_random_locus	CGA	0	pam_plus_mobile	5	5.2000419659790415e-05	0
NEG_ICCTX015_088	0	ASP000247	ICCTX015	matched_random_locus	TTT	0	pam_plus_mobile	5	0.02791763776215165	0
NEG_ICCTX015_089	0	ASP000247	ICCTX015	matched_random_locus	CAG	0	pam_plus_mobile	5	8.280893505305618e-05	0
NEG_ICCTX015_090	0	ASP000247	ICCTX015	matched_random_locus	GAG	1	pam_plus_mobile	5	0.0004954725768660991	0
NEG_ICCTX015_091	0	ASP000247	ICCTX015	matched_random_locus	ACA	0	pam_plus_mobile	5	0.00039696905882909876	0
NEG_ICCTX015_092	0	ASP000247	ICCTX015	matched_random_locus	ATC	1	pam_plus_mobile	5	0.7271662766141851	1
NEG_ICCTX015_093	0	ASP000247	ICCTX015	matched_random_locus	ACG	0	pam_plus_mobile	5	6.976466514816623e-05	0
NEG_ICCTX015_094	0	ASP000247	ICCTX015	matched_random_locus	AAT	0	pam_plus_mobile	5	0.00024191782352139257	0
NEG_ICCTX015_095	0	ASP000247	ICCTX015	matched_random_locus	GAG	0	pam_plus_mobile	5	6.276874930321632e-05	0
NEG_ICCTX015_096	0	ASP000247	ICCTX015	matched_random_locus	TAT	0	pam_plus_mobile	5	0.0030936880397630087	0
NEG_ICCTX015_097	0	ASP000247	ICCTX015	matched_random_locus	ATG	0	pam_plus_mobile	5	0.0024699244413106405	0
NEG_ICCTX015_098	0	ASP000247	ICCTX015	matched_random_locus	GAG	0	pam_plus_mobile	5	6.276874930321632e-05	0
NEG_ICCTX015_099	0	ASP000247	ICCTX015	matched_random_locus	CAT	0	pam_plus_mobile	5	7.489439946995782e-05	0
NEG_ICCTX015_100	0	ASP000247	ICCTX015	matched_random_locus	AGC	0	pam_plus_mobile	5	0.004007074060374271	0
POS_ICCTX016	1	ASP000248	ICCTX016	observed_target	TTC	1	pam_plus_mobile	4	0.9683518867724975	1
NEG_ICCTX016_001	0	ASP000248	ICCTX016	matched_random_locus	AAC	0	pam_plus_mobile	4	0.04143353644383922	0
NEG_ICCTX016_002	0	ASP000248	ICCTX016	matched_random_locus	GGC	0	pam_plus_mobile	4	0.0012700175464400892	0
NEG_ICCTX016_003	0	ASP000248	ICCTX016	matched_random_locus	AAA	0	pam_plus_mobile	4	0.0018112857760878033	0
NEG_ICCTX016_004	0	ASP000248	ICCTX016	matched_random_locus	TAT	1	pam_plus_mobile	4	0.020857568684863336	0
NEG_ICCTX016_005	0	ASP000248	ICCTX016	matched_random_locus	CAT	0	pam_plus_mobile	4	9.560124847084513e-05	0
NEG_ICCTX016_006	0	ASP000248	ICCTX016	matched_random_locus	AAA	0	pam_plus_mobile	4	0.0018112857760878033	0
NEG_ICCTX016_007	0	ASP000248	ICCTX016	matched_random_locus	AGC	0	pam_plus_mobile	4	0.005353179998286951	0
NEG_ICCTX016_008	0	ASP000248	ICCTX016	matched_random_locus	AGG	1	pam_plus_mobile	4	0.00023878195943330562	0
NEG_ICCTX016_009	0	ASP000248	ICCTX016	matched_random_locus	ATT	0	pam_plus_mobile	4	0.0029210408823842414	0
NEG_ICCTX016_010	0	ASP000248	ICCTX016	matched_random_locus	GCT	0	pam_plus_mobile	4	1.59777496004104e-05	0
NEG_ICCTX016_011	0	ASP000248	ICCTX016	matched_random_locus	CGA	0	pam_plus_mobile	4	7.274880146968499e-05	0
NEG_ICCTX016_012	0	ASP000248	ICCTX016	matched_random_locus	CGA	0	pam_plus_mobile	4	7.274880146968499e-05	0
NEG_ICCTX016_013	0	ASP000248	ICCTX016	matched_random_locus	CGG	0	pam_plus_mobile	4	1.3716099276434342e-05	0
NEG_ICCTX016_014	0	ASP000248	ICCTX016	matched_random_locus	GAA	1	pam_plus_mobile	4	0.002398218851647683	0
NEG_ICCTX016_015	0	ASP000248	ICCTX016	matched_random_locus	GCA	1	pam_plus_mobile	4	0.0005472208008806464	0
NEG_ICCTX016_016	0	ASP000248	ICCTX016	matched_random_locus	CCT	0	pam_plus_mobile	4	2.1775310109729468e-05	0
NEG_ICCTX016_017	0	ASP000248	ICCTX016	matched_random_locus	CGA	0	pam_plus_mobile	4	7.274880146968499e-05	0
NEG_ICCTX016_018	0	ASP000248	ICCTX016	matched_random_locus	GAT	0	pam_plus_mobile	4	7.014930336870832e-05	0
NEG_ICCTX016_019	0	ASP000248	ICCTX016	matched_random_locus	GAT	1	pam_plus_mobile	4	0.00039320734143052954	0
NEG_ICCTX016_020	0	ASP000248	ICCTX016	matched_random_locus	TCT	1	pam_plus_mobile	4	0.004828192711750264	0
NEG_ICCTX016_021	0	ASP000248	ICCTX016	matched_random_locus	GCG	0	pam_plus_mobile	4	1.8409113302078216e-05	0
NEG_ICCTX016_022	0	ASP000248	ICCTX016	matched_random_locus	GGT	0	pam_plus_mobile	4	8.735006075630742e-06	0
NEG_ICCTX016_023	0	ASP000248	ICCTX016	matched_random_locus	GGT	0	pam_plus_mobile	4	8.735006075630742e-06	0
NEG_ICCTX016_024	0	ASP000248	ICCTX016	matched_random_locus	AAC	0	pam_plus_mobile	4	0.04143353644383922	0
NEG_ICCTX016_025	0	ASP000248	ICCTX016	matched_random_locus	CGA	0	pam_plus_mobile	4	7.274880146968499e-05	0
NEG_ICCTX016_026	0	ASP000248	ICCTX016	matched_random_locus	GAC	0	pam_plus_mobile	4	0.010109636808709608	0
NEG_ICCTX016_027	0	ASP000248	ICCTX016	matched_random_locus	CAG	1	pam_plus_mobile	4	0.0006172965072190836	0
NEG_ICCTX016_028	0	ASP000248	ICCTX016	matched_random_locus	TTC	1	pam_plus_mobile	4	0.9683518867724975	1
NEG_ICCTX016_029	0	ASP000248	ICCTX016	matched_random_locus	GTT	0	pam_plus_mobile	4	0.0006917135092656081	0
NEG_ICCTX016_030	0	ASP000248	ICCTX016	matched_random_locus	TTG	0	pam_plus_mobile	4	0.04140069087797777	0
NEG_ICCTX016_031	0	ASP000248	ICCTX016	matched_random_locus	GAA	0	pam_plus_mobile	4	0.0004285552773203358	0
NEG_ICCTX016_032	0	ASP000248	ICCTX016	matched_random_locus	ATC	1	pam_plus_mobile	4	0.7051312924652205	1
NEG_ICCTX016_033	0	ASP000248	ICCTX016	matched_random_locus	AGG	0	pam_plus_mobile	4	4.259397159531401e-05	0
NEG_ICCTX016_034	0	ASP000248	ICCTX016	matched_random_locus	TTT	0	pam_plus_mobile	4	0.03613021351015868	0
NEG_ICCTX016_035	0	ASP000248	ICCTX016	matched_random_locus	AAG	0	pam_plus_mobile	4	0.00034198331112084065	0
NEG_ICCTX016_036	0	ASP000248	ICCTX016	matched_random_locus	CTG	1	pam_plus_mobile	4	0.006057538386954589	0
NEG_ICCTX016_037	0	ASP000248	ICCTX016	matched_random_locus	CCG	0	pam_plus_mobile	4	2.5088877180156e-05	0
NEG_ICCTX016_038	0	ASP000248	ICCTX016	matched_random_locus	CCT	0	pam_plus_mobile	4	2.1775310109729468e-05	0
NEG_ICCTX016_039	0	ASP000248	ICCTX016	matched_random_locus	CAT	0	pam_plus_mobile	4	9.560124847084513e-05	0
NEG_ICCTX016_040	0	ASP000248	ICCTX016	matched_random_locus	GCC	0	pam_plus_mobile	4	0.0023206420900296824	0
NEG_ICCTX016_041	0	ASP000248	ICCTX016	matched_random_locus	CTC	0	pam_plus_mobile	4	0.12074948434332132	0
NEG_ICCTX016_042	0	ASP000248	ICCTX016	matched_random_locus	ATA	0	pam_plus_mobile	4	0.017588973296844584	0
NEG_ICCTX016_043	0	ASP000248	ICCTX016	matched_random_locus	TTA	0	pam_plus_mobile	4	0.18638476506141977	0
NEG_ICCTX016_044	0	ASP000248	ICCTX016	matched_random_locus	TGT	1	pam_plus_mobile	4	0.002645334589528697	0
NEG_ICCTX016_045	0	ASP000248	ICCTX016	matched_random_locus	CGT	0	pam_plus_mobile	4	1.190455294063518e-05	0
NEG_ICCTX016_046	0	ASP000248	ICCTX016	matched_random_locus	GCC	0	pam_plus_mobile	4	0.0023206420900296824	0
NEG_ICCTX016_047	0	ASP000248	ICCTX016	matched_random_locus	AAA	0	pam_plus_mobile	4	0.0018112857760878033	0
NEG_ICCTX016_048	0	ASP000248	ICCTX016	matched_random_locus	ACA	0	pam_plus_mobile	4	0.00041310798968328884	0
NEG_ICCTX016_049	0	ASP000248	ICCTX016	matched_random_locus	AAA	0	pam_plus_mobile	4	0.0018112857760878033	0
NEG_ICCTX016_050	0	ASP000248	ICCTX016	matched_random_locus	CCC	0	pam_plus_mobile	4	0.0031600493793268146	0
NEG_ICCTX016_051	0	ASP000248	ICCTX016	matched_random_locus	TAT	1	pam_plus_mobile	4	0.020857568684863336	0
NEG_ICCTX016_052	0	ASP000248	ICCTX016	matched_random_locus	ATC	0	pam_plus_mobile	4	0.29897564839588586	0
NEG_ICCTX016_053	0	ASP000248	ICCTX016	matched_random_locus	CTG	0	pam_plus_mobile	4	0.0010857367923002392	0
NEG_ICCTX016_054	0	ASP000248	ICCTX016	matched_random_locus	AAA	0	pam_plus_mobile	4	0.0018112857760878033	0
NEG_ICCTX016_055	0	ASP000248	ICCTX016	matched_random_locus	GAA	0	pam_plus_mobile	4	0.0004285552773203358	0
NEG_ICCTX016_056	0	ASP000248	ICCTX016	matched_random_locus	CGC	0	pam_plus_mobile	4	0.0017300588779979398	0
NEG_ICCTX016_057	0	ASP000248	ICCTX016	matched_random_locus	AAA	0	pam_plus_mobile	4	0.0018112857760878033	0
NEG_ICCTX016_058	0	ASP000248	ICCTX016	matched_random_locus	CTG	0	pam_plus_mobile	4	0.0010857367923002392	0
NEG_ICCTX016_059	0	ASP000248	ICCTX016	matched_random_locus	GAA	0	pam_plus_mobile	4	0.0004285552773203358	0
NEG_ICCTX016_060	0	ASP000248	ICCTX016	matched_random_locus	TGG	0	pam_plus_mobile	4	0.0005447209507357756	0
NEG_ICCTX016_061	0	ASP000248	ICCTX016	matched_random_locus	GCA	0	pam_plus_mobile	4	9.763810043205925e-05	0
NEG_ICCTX016_062	0	ASP000248	ICCTX016	matched_random_locus	ACT	1	pam_plus_mobile	4	0.000379033688046879	0
NEG_ICCTX016_063	0	ASP000248	ICCTX016	matched_random_locus	GTC	0	pam_plus_mobile	4	0.09154312104447732	0
NEG_ICCTX016_064	0	ASP000248	ICCTX016	matched_random_locus	TGC	0	pam_plus_mobile	4	0.06442655532411475	0
NEG_ICCTX016_065	0	ASP000248	ICCTX016	matched_random_locus	CCA	0	pam_plus_mobile	4	0.00013306235056740543	0
NEG_ICCTX016_066	0	ASP000248	ICCTX016	matched_random_locus	CCT	0	pam_plus_mobile	4	2.1775310109729468e-05	0
NEG_ICCTX016_067	0	ASP000248	ICCTX016	matched_random_locus	ATC	0	pam_plus_mobile	4	0.29897564839588586	0
NEG_ICCTX016_068	0	ASP000248	ICCTX016	matched_random_locus	GTG	0	pam_plus_mobile	4	0.0007968908890665652	0
NEG_ICCTX016_069	0	ASP000248	ICCTX016	matched_random_locus	AGA	0	pam_plus_mobile	4	0.0002258860364721344	0
NEG_ICCTX016_070	0	ASP000248	ICCTX016	matched_random_locus	AAT	0	pam_plus_mobile	4	0.0002968289211130025	0
NEG_ICCTX016_071	0	ASP000248	ICCTX016	matched_random_locus	GCC	0	pam_plus_mobile	4	0.0023206420900296824	0
NEG_ICCTX016_072	0	ASP000248	ICCTX016	matched_random_locus	TGC	1	pam_plus_mobile	4	0.27856327603198733	0
NEG_ICCTX016_073	0	ASP000248	ICCTX016	matched_random_locus	TCA	0	pam_plus_mobile	4	0.005260132011990396	0
NEG_ICCTX016_074	0	ASP000248	ICCTX016	matched_random_locus	CCA	0	pam_plus_mobile	4	0.00013306235056740543	0
NEG_ICCTX016_075	0	ASP000248	ICCTX016	matched_random_locus	TAC	0	pam_plus_mobile	4	0.35611071825202856	0
NEG_ICCTX016_076	0	ASP000248	ICCTX016	matched_random_locus	ACT	1	pam_plus_mobile	4	0.000379033688046879	0
NEG_ICCTX016_077	0	ASP000248	ICCTX016	matched_random_locus	TGT	0	pam_plus_mobile	4	0.00047281038775079577	0
NEG_ICCTX016_078	0	ASP000248	ICCTX016	matched_random_locus	ATT	0	pam_plus_mobile	4	0.0029210408823842414	0
NEG_ICCTX016_079	0	ASP000248	ICCTX016	matched_random_locus	TTA	1	pam_plus_mobile	4	0.5622650856573811	1
NEG_ICCTX016_080	0	ASP000248	ICCTX016	matched_random_locus	CGG	0	pam_plus_mobile	4	1.3716099276434342e-05	0
NEG_ICCTX016_081	0	ASP000248	ICCTX016	matched_random_locus	AAT	0	pam_plus_mobile	4	0.0002968289211130025	0
NEG_ICCTX016_082	0	ASP000248	ICCTX016	matched_random_locus	GAC	0	pam_plus_mobile	4	0.010109636808709608	0
NEG_ICCTX016_083	0	ASP000248	ICCTX016	matched_random_locus	ATA	0	pam_plus_mobile	4	0.017588973296844584	0
NEG_ICCTX016_084	0	ASP000248	ICCTX016	matched_random_locus	GTT	0	pam_plus_mobile	4	0.0006917135092656081	0
NEG_ICCTX016_085	0	ASP000248	ICCTX016	matched_random_locus	ACG	0	pam_plus_mobile	4	7.790912802827472e-05	0
NEG_ICCTX016_086	0	ASP000248	ICCTX016	matched_random_locus	AAT	0	pam_plus_mobile	4	0.0002968289211130025	0
NEG_ICCTX016_087	0	ASP000248	ICCTX016	matched_random_locus	AGT	0	pam_plus_mobile	4	3.6968537014269013e-05	0
NEG_ICCTX016_088	0	ASP000248	ICCTX016	matched_random_locus	CCA	0	pam_plus_mobile	4	0.00013306235056740543	0
NEG_ICCTX016_089	0	ASP000248	ICCTX016	matched_random_locus	CTG	0	pam_plus_mobile	4	0.0010857367923002392	0
NEG_ICCTX016_090	0	ASP000248	ICCTX016	matched_random_locus	TGT	0	pam_plus_mobile	4	0.00047281038775079577	0
NEG_ICCTX016_091	0	ASP000248	ICCTX016	matched_random_locus	CGG	0	pam_plus_mobile	4	1.3716099276434342e-05	0
NEG_ICCTX016_092	0	ASP000248	ICCTX016	matched_random_locus	TGG	0	pam_plus_mobile	4	0.0005447209507357756	0
NEG_ICCTX016_093	0	ASP000248	ICCTX016	matched_random_locus	CAG	0	pam_plus_mobile	4	0.000110147732608637	0
NEG_ICCTX016_094	0	ASP000248	ICCTX016	matched_random_locus	TAG	0	pam_plus_mobile	4	0.00435813507594105	0
NEG_ICCTX016_095	0	ASP000248	ICCTX016	matched_random_locus	ATA	0	pam_plus_mobile	4	0.017588973296844584	0
NEG_ICCTX016_096	0	ASP000248	ICCTX016	matched_random_locus	TCT	0	pam_plus_mobile	4	0.0008645145870470518	0
NEG_ICCTX016_097	0	ASP000248	ICCTX016	matched_random_locus	CCC	0	pam_plus_mobile	4	0.0031600493793268146	0
NEG_ICCTX016_098	0	ASP000248	ICCTX016	matched_random_locus	CCT	0	pam_plus_mobile	4	2.1775310109729468e-05	0
NEG_ICCTX016_099	0	ASP000248	ICCTX016	matched_random_locus	ATG	0	pam_plus_mobile	4	0.0033640539077153288	0
NEG_ICCTX016_100	0	ASP000248	ICCTX016	matched_random_locus	GGG	0	pam_plus_mobile	4	1.0064239194736296e-05	0
