example_id	label	query_group	context_id	example_type	pam3	pam_minus3	pam_minus2	pam_minus1	mobile_nearby	random_seed
POS_ICCTX001	1	ASP000006	ICCTX001	observed_target	TTC	T	T	C	1	42
NEG_ICCTX001_001	0	ASP000006	ICCTX001	matched_random_locus	CTA	C	T	A	1	42
NEG_ICCTX001_002	0	ASP000006	ICCTX001	matched_random_locus	TCT	T	C	T	1	42
NEG_ICCTX001_003	0	ASP000006	ICCTX001	matched_random_locus	TTA	T	T	A	1	42
NEG_ICCTX001_004	0	ASP000006	ICCTX001	matched_random_locus	GAG	G	A	G	1	42
NEG_ICCTX001_005	0	ASP000006	ICCTX001	matched_random_locus	AAA	A	A	A	1	42
NEG_ICCTX001_006	0	ASP000006	ICCTX001	matched_random_locus	TAT	T	A	T	0	42
NEG_ICCTX001_007	0	ASP000006	ICCTX001	matched_random_locus	GGC	G	G	C	1	42
NEG_ICCTX001_008	0	ASP000006	ICCTX001	matched_random_locus	ATC	A	T	C	0	42
NEG_ICCTX001_009	0	ASP000006	ICCTX001	matched_random_locus	TGG	T	G	G	1	42
NEG_ICCTX001_010	0	ASP000006	ICCTX001	matched_random_locus	CGA	C	G	A	1	42
NEG_ICCTX001_011	0	ASP000006	ICCTX001	matched_random_locus	TTA	T	T	A	0	42
NEG_ICCTX001_012	0	ASP000006	ICCTX001	matched_random_locus	CTT	C	T	T	0	42
NEG_ICCTX001_013	0	ASP000006	ICCTX001	matched_random_locus	AAA	A	A	A	0	42
NEG_ICCTX001_014	0	ASP000006	ICCTX001	matched_random_locus	ATT	A	T	T	1	42
NEG_ICCTX001_015	0	ASP000006	ICCTX001	matched_random_locus	TAC	T	A	C	0	42
NEG_ICCTX001_016	0	ASP000006	ICCTX001	matched_random_locus	AGC	A	G	C	0	42
NEG_ICCTX001_017	0	ASP000006	ICCTX001	matched_random_locus	GTC	G	T	C	1	42
NEG_ICCTX001_018	0	ASP000006	ICCTX001	matched_random_locus	CTG	C	T	G	0	42
NEG_ICCTX001_019	0	ASP000006	ICCTX001	matched_random_locus	TGC	T	G	C	1	42
NEG_ICCTX001_020	0	ASP000006	ICCTX001	matched_random_locus	CAT	C	A	T	1	42
NEG_ICCTX001_021	0	ASP000006	ICCTX001	matched_random_locus	ATG	A	T	G	0	42
NEG_ICCTX001_022	0	ASP000006	ICCTX001	matched_random_locus	CTA	C	T	A	0	42
NEG_ICCTX001_023	0	ASP000006	ICCTX001	matched_random_locus	GCA	G	C	A	0	42
NEG_ICCTX001_024	0	ASP000006	ICCTX001	matched_random_locus	CGA	C	G	A	0	42
NEG_ICCTX001_025	0	ASP000006	ICCTX001	matched_random_locus	CAT	C	A	T	0	42
NEG_ICCTX001_026	0	ASP000006	ICCTX001	matched_random_locus	AGC	A	G	C	1	42
NEG_ICCTX001_027	0	ASP000006	ICCTX001	matched_random_locus	GTC	G	T	C	1	42
NEG_ICCTX001_028	0	ASP000006	ICCTX001	matched_random_locus	AAT	A	A	T	1	42
NEG_ICCTX001_029	0	ASP000006	ICCTX001	matched_random_locus	ATC	A	T	C	1	42
NEG_ICCTX001_030	0	ASP000006	ICCTX001	matched_random_locus	TAT	T	A	T	0	42
NEG_ICCTX001_031	0	ASP000006	ICCTX001	matched_random_locus	AAA	A	A	A	0	42
NEG_ICCTX001_032	0	ASP000006	ICCTX001	matched_random_locus	GAA	G	A	A	1	42
NEG_ICCTX001_033	0	ASP000006	ICCTX001	matched_random_locus	TGG	T	G	G	1	42
NEG_ICCTX001_034	0	ASP000006	ICCTX001	matched_random_locus	CTG	C	T	G	0	42
NEG_ICCTX001_035	0	ASP000006	ICCTX001	matched_random_locus	AAA	A	A	A	0	42
NEG_ICCTX001_036	0	ASP000006	ICCTX001	matched_random_locus	ACA	A	C	A	1	42
NEG_ICCTX001_037	0	ASP000006	ICCTX001	matched_random_locus	TCG	T	C	G	0	42
NEG_ICCTX001_038	0	ASP000006	ICCTX001	matched_random_locus	TGG	T	G	G	1	42
NEG_ICCTX001_039	0	ASP000006	ICCTX001	matched_random_locus	CTT	C	T	T	0	42
NEG_ICCTX001_040	0	ASP000006	ICCTX001	matched_random_locus	ATT	A	T	T	0	42
NEG_ICCTX001_041	0	ASP000006	ICCTX001	matched_random_locus	CAA	C	A	A	0	42
NEG_ICCTX001_042	0	ASP000006	ICCTX001	matched_random_locus	ACT	A	C	T	1	42
NEG_ICCTX001_043	0	ASP000006	ICCTX001	matched_random_locus	ATG	A	T	G	1	42
NEG_ICCTX001_044	0	ASP000006	ICCTX001	matched_random_locus	CTG	C	T	G	0	42
NEG_ICCTX001_045	0	ASP000006	ICCTX001	matched_random_locus	CAA	C	A	A	1	42
NEG_ICCTX001_046	0	ASP000006	ICCTX001	matched_random_locus	CAC	C	A	C	0	42
NEG_ICCTX001_047	0	ASP000006	ICCTX001	matched_random_locus	GCG	G	C	G	0	42
NEG_ICCTX001_048	0	ASP000006	ICCTX001	matched_random_locus	TTT	T	T	T	1	42
NEG_ICCTX001_049	0	ASP000006	ICCTX001	matched_random_locus	TTA	T	T	A	0	42
NEG_ICCTX001_050	0	ASP000006	ICCTX001	matched_random_locus	ATG	A	T	G	1	42
NEG_ICCTX001_051	0	ASP000006	ICCTX001	matched_random_locus	CGA	C	G	A	1	42
NEG_ICCTX001_052	0	ASP000006	ICCTX001	matched_random_locus	AGA	A	G	A	1	42
NEG_ICCTX001_053	0	ASP000006	ICCTX001	matched_random_locus	TGC	T	G	C	0	42
NEG_ICCTX001_054	0	ASP000006	ICCTX001	matched_random_locus	TTA	T	T	A	1	42
NEG_ICCTX001_055	0	ASP000006	ICCTX001	matched_random_locus	CCT	C	C	T	1	42
NEG_ICCTX001_056	0	ASP000006	ICCTX001	matched_random_locus	CCC	C	C	C	1	42
NEG_ICCTX001_057	0	ASP000006	ICCTX001	matched_random_locus	CCA	C	C	A	1	42
NEG_ICCTX001_058	0	ASP000006	ICCTX001	matched_random_locus	AGA	A	G	A	0	42
NEG_ICCTX001_059	0	ASP000006	ICCTX001	matched_random_locus	AGA	A	G	A	1	42
NEG_ICCTX001_060	0	ASP000006	ICCTX001	matched_random_locus	AGC	A	G	C	1	42
NEG_ICCTX001_061	0	ASP000006	ICCTX001	matched_random_locus	CGG	C	G	G	0	42
NEG_ICCTX001_062	0	ASP000006	ICCTX001	matched_random_locus	TGC	T	G	C	1	42
NEG_ICCTX001_063	0	ASP000006	ICCTX001	matched_random_locus	CCT	C	C	T	0	42
NEG_ICCTX001_064	0	ASP000006	ICCTX001	matched_random_locus	TTA	T	T	A	1	42
NEG_ICCTX001_065	0	ASP000006	ICCTX001	matched_random_locus	TTC	T	T	C	0	42
NEG_ICCTX001_066	0	ASP000006	ICCTX001	matched_random_locus	ATT	A	T	T	1	42
NEG_ICCTX001_067	0	ASP000006	ICCTX001	matched_random_locus	AAG	A	A	G	0	42
NEG_ICCTX001_068	0	ASP000006	ICCTX001	matched_random_locus	TGC	T	G	C	1	42
NEG_ICCTX001_069	0	ASP000006	ICCTX001	matched_random_locus	GAA	G	A	A	0	42
NEG_ICCTX001_070	0	ASP000006	ICCTX001	matched_random_locus	AAT	A	A	T	0	42
NEG_ICCTX001_071	0	ASP000006	ICCTX001	matched_random_locus	AGA	A	G	A	0	42
NEG_ICCTX001_072	0	ASP000006	ICCTX001	matched_random_locus	CGT	C	G	T	1	42
NEG_ICCTX001_073	0	ASP000006	ICCTX001	matched_random_locus	GAG	G	A	G	1	42
NEG_ICCTX001_074	0	ASP000006	ICCTX001	matched_random_locus	ATT	A	T	T	0	42
NEG_ICCTX001_075	0	ASP000006	ICCTX001	matched_random_locus	AAT	A	A	T	1	42
NEG_ICCTX001_076	0	ASP000006	ICCTX001	matched_random_locus	TAA	T	A	A	1	42
NEG_ICCTX001_077	0	ASP000006	ICCTX001	matched_random_locus	GCC	G	C	C	1	42
NEG_ICCTX001_078	0	ASP000006	ICCTX001	matched_random_locus	GTT	G	T	T	1	42
NEG_ICCTX001_079	0	ASP000006	ICCTX001	matched_random_locus	CAA	C	A	A	1	42
NEG_ICCTX001_080	0	ASP000006	ICCTX001	matched_random_locus	TCC	T	C	C	0	42
NEG_ICCTX001_081	0	ASP000006	ICCTX001	matched_random_locus	GCT	G	C	T	0	42
NEG_ICCTX001_082	0	ASP000006	ICCTX001	matched_random_locus	CCG	C	C	G	1	42
NEG_ICCTX001_083	0	ASP000006	ICCTX001	matched_random_locus	GGC	G	G	C	1	42
NEG_ICCTX001_084	0	ASP000006	ICCTX001	matched_random_locus	TTT	T	T	T	1	42
NEG_ICCTX001_085	0	ASP000006	ICCTX001	matched_random_locus	TTT	T	T	T	0	42
NEG_ICCTX001_086	0	ASP000006	ICCTX001	matched_random_locus	GAA	G	A	A	1	42
NEG_ICCTX001_087	0	ASP000006	ICCTX001	matched_random_locus	CAC	C	A	C	1	42
NEG_ICCTX001_088	0	ASP000006	ICCTX001	matched_random_locus	CGA	C	G	A	0	42
NEG_ICCTX001_089	0	ASP000006	ICCTX001	matched_random_locus	TTC	T	T	C	0	42
NEG_ICCTX001_090	0	ASP000006	ICCTX001	matched_random_locus	CGT	C	G	T	1	42
NEG_ICCTX001_091	0	ASP000006	ICCTX001	matched_random_locus	CCC	C	C	C	0	42
NEG_ICCTX001_092	0	ASP000006	ICCTX001	matched_random_locus	TTA	T	T	A	1	42
NEG_ICCTX001_093	0	ASP000006	ICCTX001	matched_random_locus	AAA	A	A	A	1	42
NEG_ICCTX001_094	0	ASP000006	ICCTX001	matched_random_locus	TAA	T	A	A	0	42
NEG_ICCTX001_095	0	ASP000006	ICCTX001	matched_random_locus	AAC	A	A	C	1	42
NEG_ICCTX001_096	0	ASP000006	ICCTX001	matched_random_locus	GTG	G	T	G	1	42
NEG_ICCTX001_097	0	ASP000006	ICCTX001	matched_random_locus	AGA	A	G	A	0	42
NEG_ICCTX001_098	0	ASP000006	ICCTX001	matched_random_locus	GCT	G	C	T	1	42
NEG_ICCTX001_099	0	ASP000006	ICCTX001	matched_random_locus	CTG	C	T	G	0	42
NEG_ICCTX001_100	0	ASP000006	ICCTX001	matched_random_locus	GCG	G	C	G	1	42
POS_ICCTX002	1	ASP000006	ICCTX002	observed_target	TTC	T	T	C	1	42
NEG_ICCTX002_001	0	ASP000006	ICCTX002	matched_random_locus	TTA	T	T	A	0	42
NEG_ICCTX002_002	0	ASP000006	ICCTX002	matched_random_locus	ATT	A	T	T	0	42
NEG_ICCTX002_003	0	ASP000006	ICCTX002	matched_random_locus	TGC	T	G	C	0	42
NEG_ICCTX002_004	0	ASP000006	ICCTX002	matched_random_locus	ACT	A	C	T	0	42
NEG_ICCTX002_005	0	ASP000006	ICCTX002	matched_random_locus	GGT	G	G	T	0	42
NEG_ICCTX002_006	0	ASP000006	ICCTX002	matched_random_locus	TTT	T	T	T	0	42
NEG_ICCTX002_007	0	ASP000006	ICCTX002	matched_random_locus	CTG	C	T	G	1	42
NEG_ICCTX002_008	0	ASP000006	ICCTX002	matched_random_locus	CTT	C	T	T	1	42
NEG_ICCTX002_009	0	ASP000006	ICCTX002	matched_random_locus	GGG	G	G	G	0	42
NEG_ICCTX002_010	0	ASP000006	ICCTX002	matched_random_locus	CCC	C	C	C	0	42
NEG_ICCTX002_011	0	ASP000006	ICCTX002	matched_random_locus	TCA	T	C	A	0	42
NEG_ICCTX002_012	0	ASP000006	ICCTX002	matched_random_locus	TTG	T	T	G	1	42
NEG_ICCTX002_013	0	ASP000006	ICCTX002	matched_random_locus	GGA	G	G	A	0	42
NEG_ICCTX002_014	0	ASP000006	ICCTX002	matched_random_locus	TGC	T	G	C	1	42
NEG_ICCTX002_015	0	ASP000006	ICCTX002	matched_random_locus	GCA	G	C	A	0	42
NEG_ICCTX002_016	0	ASP000006	ICCTX002	matched_random_locus	GAG	G	A	G	0	42
NEG_ICCTX002_017	0	ASP000006	ICCTX002	matched_random_locus	TAC	T	A	C	0	42
NEG_ICCTX002_018	0	ASP000006	ICCTX002	matched_random_locus	GCT	G	C	T	1	42
NEG_ICCTX002_019	0	ASP000006	ICCTX002	matched_random_locus	CTT	C	T	T	0	42
NEG_ICCTX002_020	0	ASP000006	ICCTX002	matched_random_locus	GGA	G	G	A	0	42
NEG_ICCTX002_021	0	ASP000006	ICCTX002	matched_random_locus	GCT	G	C	T	0	42
NEG_ICCTX002_022	0	ASP000006	ICCTX002	matched_random_locus	TCC	T	C	C	0	42
NEG_ICCTX002_023	0	ASP000006	ICCTX002	matched_random_locus	TCC	T	C	C	0	42
NEG_ICCTX002_024	0	ASP000006	ICCTX002	matched_random_locus	AGC	A	G	C	0	42
NEG_ICCTX002_025	0	ASP000006	ICCTX002	matched_random_locus	TCT	T	C	T	0	42
NEG_ICCTX002_026	0	ASP000006	ICCTX002	matched_random_locus	CAC	C	A	C	0	42
NEG_ICCTX002_027	0	ASP000006	ICCTX002	matched_random_locus	CTC	C	T	C	0	42
NEG_ICCTX002_028	0	ASP000006	ICCTX002	matched_random_locus	GTG	G	T	G	0	42
NEG_ICCTX002_029	0	ASP000006	ICCTX002	matched_random_locus	TCA	T	C	A	0	42
NEG_ICCTX002_030	0	ASP000006	ICCTX002	matched_random_locus	TAT	T	A	T	0	42
NEG_ICCTX002_031	0	ASP000006	ICCTX002	matched_random_locus	CGA	C	G	A	0	42
NEG_ICCTX002_032	0	ASP000006	ICCTX002	matched_random_locus	TTA	T	T	A	0	42
NEG_ICCTX002_033	0	ASP000006	ICCTX002	matched_random_locus	ACG	A	C	G	0	42
NEG_ICCTX002_034	0	ASP000006	ICCTX002	matched_random_locus	GCT	G	C	T	0	42
NEG_ICCTX002_035	0	ASP000006	ICCTX002	matched_random_locus	AGC	A	G	C	0	42
NEG_ICCTX002_036	0	ASP000006	ICCTX002	matched_random_locus	ACT	A	C	T	0	42
NEG_ICCTX002_037	0	ASP000006	ICCTX002	matched_random_locus	TTG	T	T	G	0	42
NEG_ICCTX002_038	0	ASP000006	ICCTX002	matched_random_locus	CAA	C	A	A	0	42
NEG_ICCTX002_039	0	ASP000006	ICCTX002	matched_random_locus	TCT	T	C	T	0	42
NEG_ICCTX002_040	0	ASP000006	ICCTX002	matched_random_locus	CAA	C	A	A	0	42
NEG_ICCTX002_041	0	ASP000006	ICCTX002	matched_random_locus	TAT	T	A	T	0	42
NEG_ICCTX002_042	0	ASP000006	ICCTX002	matched_random_locus	TCC	T	C	C	0	42
NEG_ICCTX002_043	0	ASP000006	ICCTX002	matched_random_locus	AGC	A	G	C	0	42
NEG_ICCTX002_044	0	ASP000006	ICCTX002	matched_random_locus	TTT	T	T	T	0	42
NEG_ICCTX002_045	0	ASP000006	ICCTX002	matched_random_locus	TCG	T	C	G	0	42
NEG_ICCTX002_046	0	ASP000006	ICCTX002	matched_random_locus	TTC	T	T	C	0	42
NEG_ICCTX002_047	0	ASP000006	ICCTX002	matched_random_locus	CTC	C	T	C	0	42
NEG_ICCTX002_048	0	ASP000006	ICCTX002	matched_random_locus	TTC	T	T	C	0	42
NEG_ICCTX002_049	0	ASP000006	ICCTX002	matched_random_locus	TTG	T	T	G	0	42
NEG_ICCTX002_050	0	ASP000006	ICCTX002	matched_random_locus	CAA	C	A	A	1	42
NEG_ICCTX002_051	0	ASP000006	ICCTX002	matched_random_locus	TTA	T	T	A	0	42
NEG_ICCTX002_052	0	ASP000006	ICCTX002	matched_random_locus	GAC	G	A	C	0	42
NEG_ICCTX002_053	0	ASP000006	ICCTX002	matched_random_locus	ATA	A	T	A	0	42
NEG_ICCTX002_054	0	ASP000006	ICCTX002	matched_random_locus	ATT	A	T	T	0	42
NEG_ICCTX002_055	0	ASP000006	ICCTX002	matched_random_locus	GGT	G	G	T	0	42
NEG_ICCTX002_056	0	ASP000006	ICCTX002	matched_random_locus	TCA	T	C	A	0	42
NEG_ICCTX002_057	0	ASP000006	ICCTX002	matched_random_locus	GAT	G	A	T	1	42
NEG_ICCTX002_058	0	ASP000006	ICCTX002	matched_random_locus	TTT	T	T	T	0	42
NEG_ICCTX002_059	0	ASP000006	ICCTX002	matched_random_locus	AAT	A	A	T	0	42
NEG_ICCTX002_060	0	ASP000006	ICCTX002	matched_random_locus	ATC	A	T	C	0	42
NEG_ICCTX002_061	0	ASP000006	ICCTX002	matched_random_locus	GAT	G	A	T	0	42
NEG_ICCTX002_062	0	ASP000006	ICCTX002	matched_random_locus	GAT	G	A	T	0	42
NEG_ICCTX002_063	0	ASP000006	ICCTX002	matched_random_locus	AAA	A	A	A	0	42
NEG_ICCTX002_064	0	ASP000006	ICCTX002	matched_random_locus	TGA	T	G	A	0	42
NEG_ICCTX002_065	0	ASP000006	ICCTX002	matched_random_locus	GAA	G	A	A	0	42
NEG_ICCTX002_066	0	ASP000006	ICCTX002	matched_random_locus	CTG	C	T	G	0	42
NEG_ICCTX002_067	0	ASP000006	ICCTX002	matched_random_locus	ATG	A	T	G	0	42
NEG_ICCTX002_068	0	ASP000006	ICCTX002	matched_random_locus	CGT	C	G	T	0	42
NEG_ICCTX002_069	0	ASP000006	ICCTX002	matched_random_locus	AGT	A	G	T	0	42
NEG_ICCTX002_070	0	ASP000006	ICCTX002	matched_random_locus	AGT	A	G	T	0	42
NEG_ICCTX002_071	0	ASP000006	ICCTX002	matched_random_locus	TAT	T	A	T	0	42
NEG_ICCTX002_072	0	ASP000006	ICCTX002	matched_random_locus	AGC	A	G	C	0	42
NEG_ICCTX002_073	0	ASP000006	ICCTX002	matched_random_locus	CCA	C	C	A	0	42
NEG_ICCTX002_074	0	ASP000006	ICCTX002	matched_random_locus	CAG	C	A	G	0	42
NEG_ICCTX002_075	0	ASP000006	ICCTX002	matched_random_locus	CCG	C	C	G	0	42
NEG_ICCTX002_076	0	ASP000006	ICCTX002	matched_random_locus	CCA	C	C	A	0	42
NEG_ICCTX002_077	0	ASP000006	ICCTX002	matched_random_locus	TAG	T	A	G	0	42
NEG_ICCTX002_078	0	ASP000006	ICCTX002	matched_random_locus	CTG	C	T	G	0	42
NEG_ICCTX002_079	0	ASP000006	ICCTX002	matched_random_locus	TAA	T	A	A	1	42
NEG_ICCTX002_080	0	ASP000006	ICCTX002	matched_random_locus	TAA	T	A	A	0	42
NEG_ICCTX002_081	0	ASP000006	ICCTX002	matched_random_locus	TGA	T	G	A	0	42
NEG_ICCTX002_082	0	ASP000006	ICCTX002	matched_random_locus	TGA	T	G	A	0	42
NEG_ICCTX002_083	0	ASP000006	ICCTX002	matched_random_locus	CAT	C	A	T	0	42
NEG_ICCTX002_084	0	ASP000006	ICCTX002	matched_random_locus	GTA	G	T	A	0	42
NEG_ICCTX002_085	0	ASP000006	ICCTX002	matched_random_locus	CCT	C	C	T	1	42
NEG_ICCTX002_086	0	ASP000006	ICCTX002	matched_random_locus	TTT	T	T	T	0	42
NEG_ICCTX002_087	0	ASP000006	ICCTX002	matched_random_locus	GTT	G	T	T	0	42
NEG_ICCTX002_088	0	ASP000006	ICCTX002	matched_random_locus	ATC	A	T	C	0	42
NEG_ICCTX002_089	0	ASP000006	ICCTX002	matched_random_locus	GTC	G	T	C	0	42
NEG_ICCTX002_090	0	ASP000006	ICCTX002	matched_random_locus	GCT	G	C	T	0	42
NEG_ICCTX002_091	0	ASP000006	ICCTX002	matched_random_locus	CCC	C	C	C	1	42
NEG_ICCTX002_092	0	ASP000006	ICCTX002	matched_random_locus	TGC	T	G	C	1	42
NEG_ICCTX002_093	0	ASP000006	ICCTX002	matched_random_locus	GGC	G	G	C	0	42
NEG_ICCTX002_094	0	ASP000006	ICCTX002	matched_random_locus	TTG	T	T	G	0	42
NEG_ICCTX002_095	0	ASP000006	ICCTX002	matched_random_locus	GAG	G	A	G	0	42
NEG_ICCTX002_096	0	ASP000006	ICCTX002	matched_random_locus	AAA	A	A	A	0	42
NEG_ICCTX002_097	0	ASP000006	ICCTX002	matched_random_locus	TTT	T	T	T	0	42
NEG_ICCTX002_098	0	ASP000006	ICCTX002	matched_random_locus	AGA	A	G	A	0	42
NEG_ICCTX002_099	0	ASP000006	ICCTX002	matched_random_locus	ACA	A	C	A	1	42
NEG_ICCTX002_100	0	ASP000006	ICCTX002	matched_random_locus	ATC	A	T	C	0	42
POS_ICCTX003	1	ASP000006	ICCTX003	observed_target	TTC	T	T	C	0	42
NEG_ICCTX003_001	0	ASP000006	ICCTX003	matched_random_locus	ATG	A	T	G	0	42
NEG_ICCTX003_002	0	ASP000006	ICCTX003	matched_random_locus	AAG	A	A	G	0	42
NEG_ICCTX003_003	0	ASP000006	ICCTX003	matched_random_locus	AAC	A	A	C	0	42
NEG_ICCTX003_004	0	ASP000006	ICCTX003	matched_random_locus	CAT	C	A	T	0	42
NEG_ICCTX003_005	0	ASP000006	ICCTX003	matched_random_locus	CTT	C	T	T	0	42
NEG_ICCTX003_006	0	ASP000006	ICCTX003	matched_random_locus	ATT	A	T	T	0	42
NEG_ICCTX003_007	0	ASP000006	ICCTX003	matched_random_locus	GTA	G	T	A	0	42
NEG_ICCTX003_008	0	ASP000006	ICCTX003	matched_random_locus	TGG	T	G	G	0	42
NEG_ICCTX003_009	0	ASP000006	ICCTX003	matched_random_locus	AAC	A	A	C	0	42
NEG_ICCTX003_010	0	ASP000006	ICCTX003	matched_random_locus	CAC	C	A	C	1	42
NEG_ICCTX003_011	0	ASP000006	ICCTX003	matched_random_locus	ACG	A	C	G	0	42
NEG_ICCTX003_012	0	ASP000006	ICCTX003	matched_random_locus	ACA	A	C	A	0	42
NEG_ICCTX003_013	0	ASP000006	ICCTX003	matched_random_locus	TCG	T	C	G	1	42
NEG_ICCTX003_014	0	ASP000006	ICCTX003	matched_random_locus	CTG	C	T	G	1	42
NEG_ICCTX003_015	0	ASP000006	ICCTX003	matched_random_locus	ATT	A	T	T	0	42
NEG_ICCTX003_016	0	ASP000006	ICCTX003	matched_random_locus	TTT	T	T	T	0	42
NEG_ICCTX003_017	0	ASP000006	ICCTX003	matched_random_locus	ATA	A	T	A	0	42
NEG_ICCTX003_018	0	ASP000006	ICCTX003	matched_random_locus	TGG	T	G	G	0	42
NEG_ICCTX003_019	0	ASP000006	ICCTX003	matched_random_locus	TCA	T	C	A	0	42
NEG_ICCTX003_020	0	ASP000006	ICCTX003	matched_random_locus	TTT	T	T	T	0	42
NEG_ICCTX003_021	0	ASP000006	ICCTX003	matched_random_locus	GAA	G	A	A	1	42
NEG_ICCTX003_022	0	ASP000006	ICCTX003	matched_random_locus	CAG	C	A	G	0	42
NEG_ICCTX003_023	0	ASP000006	ICCTX003	matched_random_locus	AGG	A	G	G	0	42
NEG_ICCTX003_024	0	ASP000006	ICCTX003	matched_random_locus	TGT	T	G	T	0	42
NEG_ICCTX003_025	0	ASP000006	ICCTX003	matched_random_locus	GAG	G	A	G	0	42
NEG_ICCTX003_026	0	ASP000006	ICCTX003	matched_random_locus	CAG	C	A	G	0	42
NEG_ICCTX003_027	0	ASP000006	ICCTX003	matched_random_locus	GAT	G	A	T	0	42
NEG_ICCTX003_028	0	ASP000006	ICCTX003	matched_random_locus	ACC	A	C	C	0	42
NEG_ICCTX003_029	0	ASP000006	ICCTX003	matched_random_locus	AAT	A	A	T	1	42
NEG_ICCTX003_030	0	ASP000006	ICCTX003	matched_random_locus	TAG	T	A	G	0	42
NEG_ICCTX003_031	0	ASP000006	ICCTX003	matched_random_locus	ATC	A	T	C	0	42
NEG_ICCTX003_032	0	ASP000006	ICCTX003	matched_random_locus	ATT	A	T	T	0	42
NEG_ICCTX003_033	0	ASP000006	ICCTX003	matched_random_locus	TTG	T	T	G	0	42
NEG_ICCTX003_034	0	ASP000006	ICCTX003	matched_random_locus	CGA	C	G	A	0	42
NEG_ICCTX003_035	0	ASP000006	ICCTX003	matched_random_locus	CAA	C	A	A	0	42
NEG_ICCTX003_036	0	ASP000006	ICCTX003	matched_random_locus	AGG	A	G	G	0	42
NEG_ICCTX003_037	0	ASP000006	ICCTX003	matched_random_locus	TTA	T	T	A	0	42
NEG_ICCTX003_038	0	ASP000006	ICCTX003	matched_random_locus	CTG	C	T	G	0	42
NEG_ICCTX003_039	0	ASP000006	ICCTX003	matched_random_locus	CTA	C	T	A	1	42
NEG_ICCTX003_040	0	ASP000006	ICCTX003	matched_random_locus	GCA	G	C	A	0	42
NEG_ICCTX003_041	0	ASP000006	ICCTX003	matched_random_locus	TTG	T	T	G	0	42
NEG_ICCTX003_042	0	ASP000006	ICCTX003	matched_random_locus	AAT	A	A	T	1	42
NEG_ICCTX003_043	0	ASP000006	ICCTX003	matched_random_locus	GAG	G	A	G	1	42
NEG_ICCTX003_044	0	ASP000006	ICCTX003	matched_random_locus	TGG	T	G	G	0	42
NEG_ICCTX003_045	0	ASP000006	ICCTX003	matched_random_locus	GCT	G	C	T	0	42
NEG_ICCTX003_046	0	ASP000006	ICCTX003	matched_random_locus	AAG	A	A	G	0	42
NEG_ICCTX003_047	0	ASP000006	ICCTX003	matched_random_locus	TCA	T	C	A	0	42
NEG_ICCTX003_048	0	ASP000006	ICCTX003	matched_random_locus	TCG	T	C	G	0	42
NEG_ICCTX003_049	0	ASP000006	ICCTX003	matched_random_locus	AAA	A	A	A	0	42
NEG_ICCTX003_050	0	ASP000006	ICCTX003	matched_random_locus	AAT	A	A	T	0	42
NEG_ICCTX003_051	0	ASP000006	ICCTX003	matched_random_locus	CCA	C	C	A	0	42
NEG_ICCTX003_052	0	ASP000006	ICCTX003	matched_random_locus	CAC	C	A	C	0	42
NEG_ICCTX003_053	0	ASP000006	ICCTX003	matched_random_locus	CCC	C	C	C	0	42
NEG_ICCTX003_054	0	ASP000006	ICCTX003	matched_random_locus	CTG	C	T	G	0	42
NEG_ICCTX003_055	0	ASP000006	ICCTX003	matched_random_locus	AGC	A	G	C	0	42
NEG_ICCTX003_056	0	ASP000006	ICCTX003	matched_random_locus	TTC	T	T	C	0	42
NEG_ICCTX003_057	0	ASP000006	ICCTX003	matched_random_locus	CAT	C	A	T	0	42
NEG_ICCTX003_058	0	ASP000006	ICCTX003	matched_random_locus	GTA	G	T	A	0	42
NEG_ICCTX003_059	0	ASP000006	ICCTX003	matched_random_locus	TAA	T	A	A	0	42
NEG_ICCTX003_060	0	ASP000006	ICCTX003	matched_random_locus	GAG	G	A	G	1	42
NEG_ICCTX003_061	0	ASP000006	ICCTX003	matched_random_locus	GGA	G	G	A	0	42
NEG_ICCTX003_062	0	ASP000006	ICCTX003	matched_random_locus	TGG	T	G	G	0	42
NEG_ICCTX003_063	0	ASP000006	ICCTX003	matched_random_locus	GAG	G	A	G	0	42
NEG_ICCTX003_064	0	ASP000006	ICCTX003	matched_random_locus	TTA	T	T	A	0	42
NEG_ICCTX003_065	0	ASP000006	ICCTX003	matched_random_locus	ATG	A	T	G	0	42
NEG_ICCTX003_066	0	ASP000006	ICCTX003	matched_random_locus	TGC	T	G	C	0	42
NEG_ICCTX003_067	0	ASP000006	ICCTX003	matched_random_locus	TTT	T	T	T	0	42
NEG_ICCTX003_068	0	ASP000006	ICCTX003	matched_random_locus	TTG	T	T	G	0	42
NEG_ICCTX003_069	0	ASP000006	ICCTX003	matched_random_locus	CAT	C	A	T	0	42
NEG_ICCTX003_070	0	ASP000006	ICCTX003	matched_random_locus	CAA	C	A	A	1	42
NEG_ICCTX003_071	0	ASP000006	ICCTX003	matched_random_locus	AGA	A	G	A	1	42
NEG_ICCTX003_072	0	ASP000006	ICCTX003	matched_random_locus	ACG	A	C	G	0	42
NEG_ICCTX003_073	0	ASP000006	ICCTX003	matched_random_locus	ATC	A	T	C	0	42
NEG_ICCTX003_074	0	ASP000006	ICCTX003	matched_random_locus	TGA	T	G	A	0	42
NEG_ICCTX003_075	0	ASP000006	ICCTX003	matched_random_locus	TAT	T	A	T	0	42
NEG_ICCTX003_076	0	ASP000006	ICCTX003	matched_random_locus	TAC	T	A	C	0	42
NEG_ICCTX003_077	0	ASP000006	ICCTX003	matched_random_locus	GAT	G	A	T	0	42
NEG_ICCTX003_078	0	ASP000006	ICCTX003	matched_random_locus	ACT	A	C	T	1	42
NEG_ICCTX003_079	0	ASP000006	ICCTX003	matched_random_locus	GAT	G	A	T	1	42
NEG_ICCTX003_080	0	ASP000006	ICCTX003	matched_random_locus	TTC	T	T	C	0	42
NEG_ICCTX003_081	0	ASP000006	ICCTX003	matched_random_locus	CGG	C	G	G	0	42
NEG_ICCTX003_082	0	ASP000006	ICCTX003	matched_random_locus	AAA	A	A	A	0	42
NEG_ICCTX003_083	0	ASP000006	ICCTX003	matched_random_locus	ACA	A	C	A	0	42
NEG_ICCTX003_084	0	ASP000006	ICCTX003	matched_random_locus	GTC	G	T	C	0	42
NEG_ICCTX003_085	0	ASP000006	ICCTX003	matched_random_locus	TTT	T	T	T	1	42
NEG_ICCTX003_086	0	ASP000006	ICCTX003	matched_random_locus	ACA	A	C	A	0	42
NEG_ICCTX003_087	0	ASP000006	ICCTX003	matched_random_locus	TTG	T	T	G	0	42
NEG_ICCTX003_088	0	ASP000006	ICCTX003	matched_random_locus	TGA	T	G	A	0	42
NEG_ICCTX003_089	0	ASP000006	ICCTX003	matched_random_locus	AAC	A	A	C	0	42
NEG_ICCTX003_090	0	ASP000006	ICCTX003	matched_random_locus	CAA	C	A	A	1	42
NEG_ICCTX003_091	0	ASP000006	ICCTX003	matched_random_locus	CCT	C	C	T	0	42
NEG_ICCTX003_092	0	ASP000006	ICCTX003	matched_random_locus	TCG	T	C	G	1	42
NEG_ICCTX003_093	0	ASP000006	ICCTX003	matched_random_locus	GCC	G	C	C	0	42
NEG_ICCTX003_094	0	ASP000006	ICCTX003	matched_random_locus	ATA	A	T	A	0	42
NEG_ICCTX003_095	0	ASP000006	ICCTX003	matched_random_locus	TGG	T	G	G	0	42
NEG_ICCTX003_096	0	ASP000006	ICCTX003	matched_random_locus	AAT	A	A	T	0	42
NEG_ICCTX003_097	0	ASP000006	ICCTX003	matched_random_locus	CAT	C	A	T	0	42
NEG_ICCTX003_098	0	ASP000006	ICCTX003	matched_random_locus	GGT	G	G	T	0	42
NEG_ICCTX003_099	0	ASP000006	ICCTX003	matched_random_locus	TAA	T	A	A	0	42
NEG_ICCTX003_100	0	ASP000006	ICCTX003	matched_random_locus	GCT	G	C	T	0	42
POS_ICCTX004	1	ASP000006	ICCTX004	observed_target	TTC	T	T	C	1	42
NEG_ICCTX004_001	0	ASP000006	ICCTX004	matched_random_locus	GTA	G	T	A	0	42
NEG_ICCTX004_002	0	ASP000006	ICCTX004	matched_random_locus	CTG	C	T	G	0	42
NEG_ICCTX004_003	0	ASP000006	ICCTX004	matched_random_locus	ATG	A	T	G	0	42
NEG_ICCTX004_004	0	ASP000006	ICCTX004	matched_random_locus	GGG	G	G	G	0	42
NEG_ICCTX004_005	0	ASP000006	ICCTX004	matched_random_locus	ATC	A	T	C	0	42
NEG_ICCTX004_006	0	ASP000006	ICCTX004	matched_random_locus	AAA	A	A	A	0	42
NEG_ICCTX004_007	0	ASP000006	ICCTX004	matched_random_locus	ACC	A	C	C	0	42
NEG_ICCTX004_008	0	ASP000006	ICCTX004	matched_random_locus	AAT	A	A	T	0	42
NEG_ICCTX004_009	0	ASP000006	ICCTX004	matched_random_locus	TTT	T	T	T	0	42
NEG_ICCTX004_010	0	ASP000006	ICCTX004	matched_random_locus	TGT	T	G	T	0	42
NEG_ICCTX004_011	0	ASP000006	ICCTX004	matched_random_locus	TCG	T	C	G	0	42
NEG_ICCTX004_012	0	ASP000006	ICCTX004	matched_random_locus	CGG	C	G	G	0	42
NEG_ICCTX004_013	0	ASP000006	ICCTX004	matched_random_locus	ATT	A	T	T	0	42
NEG_ICCTX004_014	0	ASP000006	ICCTX004	matched_random_locus	AAT	A	A	T	0	42
NEG_ICCTX004_015	0	ASP000006	ICCTX004	matched_random_locus	AAA	A	A	A	0	42
NEG_ICCTX004_016	0	ASP000006	ICCTX004	matched_random_locus	ATC	A	T	C	0	42
NEG_ICCTX004_017	0	ASP000006	ICCTX004	matched_random_locus	TCG	T	C	G	0	42
NEG_ICCTX004_018	0	ASP000006	ICCTX004	matched_random_locus	AGC	A	G	C	0	42
NEG_ICCTX004_019	0	ASP000006	ICCTX004	matched_random_locus	GAA	G	A	A	1	42
NEG_ICCTX004_020	0	ASP000006	ICCTX004	matched_random_locus	TCT	T	C	T	1	42
NEG_ICCTX004_021	0	ASP000006	ICCTX004	matched_random_locus	TGC	T	G	C	0	42
NEG_ICCTX004_022	0	ASP000006	ICCTX004	matched_random_locus	CCC	C	C	C	0	42
NEG_ICCTX004_023	0	ASP000006	ICCTX004	matched_random_locus	CGC	C	G	C	0	42
NEG_ICCTX004_024	0	ASP000006	ICCTX004	matched_random_locus	CGC	C	G	C	0	42
NEG_ICCTX004_025	0	ASP000006	ICCTX004	matched_random_locus	GAC	G	A	C	0	42
NEG_ICCTX004_026	0	ASP000006	ICCTX004	matched_random_locus	GCA	G	C	A	1	42
NEG_ICCTX004_027	0	ASP000006	ICCTX004	matched_random_locus	AAA	A	A	A	0	42
NEG_ICCTX004_028	0	ASP000006	ICCTX004	matched_random_locus	GCC	G	C	C	1	42
NEG_ICCTX004_029	0	ASP000006	ICCTX004	matched_random_locus	CAG	C	A	G	1	42
NEG_ICCTX004_030	0	ASP000006	ICCTX004	matched_random_locus	GAA	G	A	A	0	42
NEG_ICCTX004_031	0	ASP000006	ICCTX004	matched_random_locus	GTA	G	T	A	0	42
NEG_ICCTX004_032	0	ASP000006	ICCTX004	matched_random_locus	AAA	A	A	A	0	42
NEG_ICCTX004_033	0	ASP000006	ICCTX004	matched_random_locus	TAT	T	A	T	0	42
NEG_ICCTX004_034	0	ASP000006	ICCTX004	matched_random_locus	CCT	C	C	T	0	42
NEG_ICCTX004_035	0	ASP000006	ICCTX004	matched_random_locus	GTC	G	T	C	0	42
NEG_ICCTX004_036	0	ASP000006	ICCTX004	matched_random_locus	GCT	G	C	T	0	42
NEG_ICCTX004_037	0	ASP000006	ICCTX004	matched_random_locus	GGC	G	G	C	0	42
NEG_ICCTX004_038	0	ASP000006	ICCTX004	matched_random_locus	TTG	T	T	G	1	42
NEG_ICCTX004_039	0	ASP000006	ICCTX004	matched_random_locus	CCC	C	C	C	0	42
NEG_ICCTX004_040	0	ASP000006	ICCTX004	matched_random_locus	CTT	C	T	T	0	42
NEG_ICCTX004_041	0	ASP000006	ICCTX004	matched_random_locus	TAT	T	A	T	0	42
NEG_ICCTX004_042	0	ASP000006	ICCTX004	matched_random_locus	GAT	G	A	T	0	42
NEG_ICCTX004_043	0	ASP000006	ICCTX004	matched_random_locus	ACC	A	C	C	0	42
NEG_ICCTX004_044	0	ASP000006	ICCTX004	matched_random_locus	CTT	C	T	T	0	42
NEG_ICCTX004_045	0	ASP000006	ICCTX004	matched_random_locus	AAT	A	A	T	0	42
NEG_ICCTX004_046	0	ASP000006	ICCTX004	matched_random_locus	TGG	T	G	G	0	42
NEG_ICCTX004_047	0	ASP000006	ICCTX004	matched_random_locus	TTG	T	T	G	0	42
NEG_ICCTX004_048	0	ASP000006	ICCTX004	matched_random_locus	CGG	C	G	G	0	42
NEG_ICCTX004_049	0	ASP000006	ICCTX004	matched_random_locus	CTG	C	T	G	0	42
NEG_ICCTX004_050	0	ASP000006	ICCTX004	matched_random_locus	AAT	A	A	T	0	42
NEG_ICCTX004_051	0	ASP000006	ICCTX004	matched_random_locus	CAG	C	A	G	0	42
NEG_ICCTX004_052	0	ASP000006	ICCTX004	matched_random_locus	CAA	C	A	A	0	42
NEG_ICCTX004_053	0	ASP000006	ICCTX004	matched_random_locus	CTT	C	T	T	1	42
NEG_ICCTX004_054	0	ASP000006	ICCTX004	matched_random_locus	TCC	T	C	C	0	42
NEG_ICCTX004_055	0	ASP000006	ICCTX004	matched_random_locus	TAG	T	A	G	0	42
NEG_ICCTX004_056	0	ASP000006	ICCTX004	matched_random_locus	GCG	G	C	G	0	42
NEG_ICCTX004_057	0	ASP000006	ICCTX004	matched_random_locus	TTT	T	T	T	1	42
NEG_ICCTX004_058	0	ASP000006	ICCTX004	matched_random_locus	CCA	C	C	A	1	42
NEG_ICCTX004_059	0	ASP000006	ICCTX004	matched_random_locus	TCT	T	C	T	0	42
NEG_ICCTX004_060	0	ASP000006	ICCTX004	matched_random_locus	GTA	G	T	A	0	42
NEG_ICCTX004_061	0	ASP000006	ICCTX004	matched_random_locus	GGA	G	G	A	0	42
NEG_ICCTX004_062	0	ASP000006	ICCTX004	matched_random_locus	ATA	A	T	A	0	42
NEG_ICCTX004_063	0	ASP000006	ICCTX004	matched_random_locus	TTG	T	T	G	1	42
NEG_ICCTX004_064	0	ASP000006	ICCTX004	matched_random_locus	ATA	A	T	A	1	42
NEG_ICCTX004_065	0	ASP000006	ICCTX004	matched_random_locus	TGG	T	G	G	0	42
NEG_ICCTX004_066	0	ASP000006	ICCTX004	matched_random_locus	CCT	C	C	T	0	42
NEG_ICCTX004_067	0	ASP000006	ICCTX004	matched_random_locus	GTT	G	T	T	0	42
NEG_ICCTX004_068	0	ASP000006	ICCTX004	matched_random_locus	AGC	A	G	C	0	42
NEG_ICCTX004_069	0	ASP000006	ICCTX004	matched_random_locus	TGA	T	G	A	0	42
NEG_ICCTX004_070	0	ASP000006	ICCTX004	matched_random_locus	TCG	T	C	G	0	42
NEG_ICCTX004_071	0	ASP000006	ICCTX004	matched_random_locus	CTT	C	T	T	0	42
NEG_ICCTX004_072	0	ASP000006	ICCTX004	matched_random_locus	AAG	A	A	G	0	42
NEG_ICCTX004_073	0	ASP000006	ICCTX004	matched_random_locus	GTA	G	T	A	0	42
NEG_ICCTX004_074	0	ASP000006	ICCTX004	matched_random_locus	ATC	A	T	C	0	42
NEG_ICCTX004_075	0	ASP000006	ICCTX004	matched_random_locus	ATT	A	T	T	0	42
NEG_ICCTX004_076	0	ASP000006	ICCTX004	matched_random_locus	ATT	A	T	T	0	42
NEG_ICCTX004_077	0	ASP000006	ICCTX004	matched_random_locus	GGG	G	G	G	0	42
NEG_ICCTX004_078	0	ASP000006	ICCTX004	matched_random_locus	TGG	T	G	G	0	42
NEG_ICCTX004_079	0	ASP000006	ICCTX004	matched_random_locus	TAC	T	A	C	1	42
NEG_ICCTX004_080	0	ASP000006	ICCTX004	matched_random_locus	AGA	A	G	A	0	42
NEG_ICCTX004_081	0	ASP000006	ICCTX004	matched_random_locus	CAA	C	A	A	1	42
NEG_ICCTX004_082	0	ASP000006	ICCTX004	matched_random_locus	GGT	G	G	T	1	42
NEG_ICCTX004_083	0	ASP000006	ICCTX004	matched_random_locus	GGC	G	G	C	0	42
NEG_ICCTX004_084	0	ASP000006	ICCTX004	matched_random_locus	CCA	C	C	A	0	42
NEG_ICCTX004_085	0	ASP000006	ICCTX004	matched_random_locus	CGG	C	G	G	0	42
NEG_ICCTX004_086	0	ASP000006	ICCTX004	matched_random_locus	CTG	C	T	G	0	42
NEG_ICCTX004_087	0	ASP000006	ICCTX004	matched_random_locus	TCA	T	C	A	0	42
NEG_ICCTX004_088	0	ASP000006	ICCTX004	matched_random_locus	GTT	G	T	T	1	42
NEG_ICCTX004_089	0	ASP000006	ICCTX004	matched_random_locus	GGC	G	G	C	0	42
NEG_ICCTX004_090	0	ASP000006	ICCTX004	matched_random_locus	TCA	T	C	A	0	42
NEG_ICCTX004_091	0	ASP000006	ICCTX004	matched_random_locus	CCA	C	C	A	0	42
NEG_ICCTX004_092	0	ASP000006	ICCTX004	matched_random_locus	TTG	T	T	G	0	42
NEG_ICCTX004_093	0	ASP000006	ICCTX004	matched_random_locus	GTA	G	T	A	0	42
NEG_ICCTX004_094	0	ASP000006	ICCTX004	matched_random_locus	GCT	G	C	T	1	42
NEG_ICCTX004_095	0	ASP000006	ICCTX004	matched_random_locus	CCG	C	C	G	1	42
NEG_ICCTX004_096	0	ASP000006	ICCTX004	matched_random_locus	GGT	G	G	T	1	42
NEG_ICCTX004_097	0	ASP000006	ICCTX004	matched_random_locus	CAG	C	A	G	0	42
NEG_ICCTX004_098	0	ASP000006	ICCTX004	matched_random_locus	AGT	A	G	T	0	42
NEG_ICCTX004_099	0	ASP000006	ICCTX004	matched_random_locus	GGG	G	G	G	0	42
NEG_ICCTX004_100	0	ASP000006	ICCTX004	matched_random_locus	CCT	C	C	T	0	42
POS_ICCTX005	1	ASP000068	ICCTX005	observed_target	TTC	T	T	C	1	42
NEG_ICCTX005_001	0	ASP000068	ICCTX005	matched_random_locus	ACA	A	C	A	0	42
NEG_ICCTX005_002	0	ASP000068	ICCTX005	matched_random_locus	TAA	T	A	A	1	42
NEG_ICCTX005_003	0	ASP000068	ICCTX005	matched_random_locus	CTT	C	T	T	1	42
NEG_ICCTX005_004	0	ASP000068	ICCTX005	matched_random_locus	ACG	A	C	G	0	42
NEG_ICCTX005_005	0	ASP000068	ICCTX005	matched_random_locus	GGT	G	G	T	0	42
NEG_ICCTX005_006	0	ASP000068	ICCTX005	matched_random_locus	TGG	T	G	G	0	42
NEG_ICCTX005_007	0	ASP000068	ICCTX005	matched_random_locus	AAT	A	A	T	0	42
NEG_ICCTX005_008	0	ASP000068	ICCTX005	matched_random_locus	TCT	T	C	T	0	42
NEG_ICCTX005_009	0	ASP000068	ICCTX005	matched_random_locus	AGC	A	G	C	1	42
NEG_ICCTX005_010	0	ASP000068	ICCTX005	matched_random_locus	CAG	C	A	G	0	42
NEG_ICCTX005_011	0	ASP000068	ICCTX005	matched_random_locus	CTT	C	T	T	0	42
NEG_ICCTX005_012	0	ASP000068	ICCTX005	matched_random_locus	ATA	A	T	A	0	42
NEG_ICCTX005_013	0	ASP000068	ICCTX005	matched_random_locus	TGT	T	G	T	0	42
NEG_ICCTX005_014	0	ASP000068	ICCTX005	matched_random_locus	TTG	T	T	G	1	42
NEG_ICCTX005_015	0	ASP000068	ICCTX005	matched_random_locus	ACG	A	C	G	0	42
NEG_ICCTX005_016	0	ASP000068	ICCTX005	matched_random_locus	TAG	T	A	G	0	42
NEG_ICCTX005_017	0	ASP000068	ICCTX005	matched_random_locus	GAG	G	A	G	0	42
NEG_ICCTX005_018	0	ASP000068	ICCTX005	matched_random_locus	CCG	C	C	G	0	42
NEG_ICCTX005_019	0	ASP000068	ICCTX005	matched_random_locus	AAA	A	A	A	1	42
NEG_ICCTX005_020	0	ASP000068	ICCTX005	matched_random_locus	TGC	T	G	C	0	42
NEG_ICCTX005_021	0	ASP000068	ICCTX005	matched_random_locus	ACC	A	C	C	0	42
NEG_ICCTX005_022	0	ASP000068	ICCTX005	matched_random_locus	TTA	T	T	A	0	42
NEG_ICCTX005_023	0	ASP000068	ICCTX005	matched_random_locus	CAG	C	A	G	0	42
NEG_ICCTX005_024	0	ASP000068	ICCTX005	matched_random_locus	ATA	A	T	A	0	42
NEG_ICCTX005_025	0	ASP000068	ICCTX005	matched_random_locus	ATA	A	T	A	0	42
NEG_ICCTX005_026	0	ASP000068	ICCTX005	matched_random_locus	CAA	C	A	A	0	42
NEG_ICCTX005_027	0	ASP000068	ICCTX005	matched_random_locus	GAT	G	A	T	0	42
NEG_ICCTX005_028	0	ASP000068	ICCTX005	matched_random_locus	TGT	T	G	T	0	42
NEG_ICCTX005_029	0	ASP000068	ICCTX005	matched_random_locus	GAA	G	A	A	0	42
NEG_ICCTX005_030	0	ASP000068	ICCTX005	matched_random_locus	TCC	T	C	C	0	42
NEG_ICCTX005_031	0	ASP000068	ICCTX005	matched_random_locus	CAG	C	A	G	0	42
NEG_ICCTX005_032	0	ASP000068	ICCTX005	matched_random_locus	TGC	T	G	C	1	42
NEG_ICCTX005_033	0	ASP000068	ICCTX005	matched_random_locus	TTA	T	T	A	1	42
NEG_ICCTX005_034	0	ASP000068	ICCTX005	matched_random_locus	CCA	C	C	A	0	42
NEG_ICCTX005_035	0	ASP000068	ICCTX005	matched_random_locus	AAG	A	A	G	0	42
NEG_ICCTX005_036	0	ASP000068	ICCTX005	matched_random_locus	AGC	A	G	C	0	42
NEG_ICCTX005_037	0	ASP000068	ICCTX005	matched_random_locus	AAA	A	A	A	1	42
NEG_ICCTX005_038	0	ASP000068	ICCTX005	matched_random_locus	GTA	G	T	A	0	42
NEG_ICCTX005_039	0	ASP000068	ICCTX005	matched_random_locus	TTG	T	T	G	0	42
NEG_ICCTX005_040	0	ASP000068	ICCTX005	matched_random_locus	TGT	T	G	T	0	42
NEG_ICCTX005_041	0	ASP000068	ICCTX005	matched_random_locus	TTG	T	T	G	0	42
NEG_ICCTX005_042	0	ASP000068	ICCTX005	matched_random_locus	TGT	T	G	T	0	42
NEG_ICCTX005_043	0	ASP000068	ICCTX005	matched_random_locus	ATT	A	T	T	0	42
NEG_ICCTX005_044	0	ASP000068	ICCTX005	matched_random_locus	CGG	C	G	G	0	42
NEG_ICCTX005_045	0	ASP000068	ICCTX005	matched_random_locus	CAC	C	A	C	0	42
NEG_ICCTX005_046	0	ASP000068	ICCTX005	matched_random_locus	GAA	G	A	A	0	42
NEG_ICCTX005_047	0	ASP000068	ICCTX005	matched_random_locus	AGC	A	G	C	0	42
NEG_ICCTX005_048	0	ASP000068	ICCTX005	matched_random_locus	ATC	A	T	C	0	42
NEG_ICCTX005_049	0	ASP000068	ICCTX005	matched_random_locus	AGC	A	G	C	0	42
NEG_ICCTX005_050	0	ASP000068	ICCTX005	matched_random_locus	TGT	T	G	T	1	42
NEG_ICCTX005_051	0	ASP000068	ICCTX005	matched_random_locus	GTC	G	T	C	0	42
NEG_ICCTX005_052	0	ASP000068	ICCTX005	matched_random_locus	TTG	T	T	G	0	42
NEG_ICCTX005_053	0	ASP000068	ICCTX005	matched_random_locus	AAC	A	A	C	0	42
NEG_ICCTX005_054	0	ASP000068	ICCTX005	matched_random_locus	TAC	T	A	C	0	42
NEG_ICCTX005_055	0	ASP000068	ICCTX005	matched_random_locus	TAG	T	A	G	0	42
NEG_ICCTX005_056	0	ASP000068	ICCTX005	matched_random_locus	GCA	G	C	A	0	42
NEG_ICCTX005_057	0	ASP000068	ICCTX005	matched_random_locus	GGG	G	G	G	0	42
NEG_ICCTX005_058	0	ASP000068	ICCTX005	matched_random_locus	TGA	T	G	A	0	42
NEG_ICCTX005_059	0	ASP000068	ICCTX005	matched_random_locus	AAA	A	A	A	0	42
NEG_ICCTX005_060	0	ASP000068	ICCTX005	matched_random_locus	TGG	T	G	G	0	42
NEG_ICCTX005_061	0	ASP000068	ICCTX005	matched_random_locus	CTT	C	T	T	0	42
NEG_ICCTX005_062	0	ASP000068	ICCTX005	matched_random_locus	AAT	A	A	T	0	42
NEG_ICCTX005_063	0	ASP000068	ICCTX005	matched_random_locus	TTG	T	T	G	0	42
NEG_ICCTX005_064	0	ASP000068	ICCTX005	matched_random_locus	CGG	C	G	G	0	42
NEG_ICCTX005_065	0	ASP000068	ICCTX005	matched_random_locus	ATC	A	T	C	0	42
NEG_ICCTX005_066	0	ASP000068	ICCTX005	matched_random_locus	TAT	T	A	T	0	42
NEG_ICCTX005_067	0	ASP000068	ICCTX005	matched_random_locus	TTC	T	T	C	0	42
NEG_ICCTX005_068	0	ASP000068	ICCTX005	matched_random_locus	AAT	A	A	T	0	42
NEG_ICCTX005_069	0	ASP000068	ICCTX005	matched_random_locus	TTT	T	T	T	0	42
NEG_ICCTX005_070	0	ASP000068	ICCTX005	matched_random_locus	CGA	C	G	A	0	42
NEG_ICCTX005_071	0	ASP000068	ICCTX005	matched_random_locus	AAA	A	A	A	0	42
NEG_ICCTX005_072	0	ASP000068	ICCTX005	matched_random_locus	TAT	T	A	T	0	42
NEG_ICCTX005_073	0	ASP000068	ICCTX005	matched_random_locus	GAC	G	A	C	0	42
NEG_ICCTX005_074	0	ASP000068	ICCTX005	matched_random_locus	TAC	T	A	C	0	42
NEG_ICCTX005_075	0	ASP000068	ICCTX005	matched_random_locus	TAT	T	A	T	0	42
NEG_ICCTX005_076	0	ASP000068	ICCTX005	matched_random_locus	GGC	G	G	C	1	42
NEG_ICCTX005_077	0	ASP000068	ICCTX005	matched_random_locus	CGG	C	G	G	0	42
NEG_ICCTX005_078	0	ASP000068	ICCTX005	matched_random_locus	TTA	T	T	A	1	42
NEG_ICCTX005_079	0	ASP000068	ICCTX005	matched_random_locus	GAC	G	A	C	0	42
NEG_ICCTX005_080	0	ASP000068	ICCTX005	matched_random_locus	AAT	A	A	T	0	42
NEG_ICCTX005_081	0	ASP000068	ICCTX005	matched_random_locus	TAT	T	A	T	1	42
NEG_ICCTX005_082	0	ASP000068	ICCTX005	matched_random_locus	TAA	T	A	A	0	42
NEG_ICCTX005_083	0	ASP000068	ICCTX005	matched_random_locus	ACG	A	C	G	0	42
NEG_ICCTX005_084	0	ASP000068	ICCTX005	matched_random_locus	TGA	T	G	A	0	42
NEG_ICCTX005_085	0	ASP000068	ICCTX005	matched_random_locus	CCG	C	C	G	0	42
NEG_ICCTX005_086	0	ASP000068	ICCTX005	matched_random_locus	TCA	T	C	A	0	42
NEG_ICCTX005_087	0	ASP000068	ICCTX005	matched_random_locus	CGA	C	G	A	1	42
NEG_ICCTX005_088	0	ASP000068	ICCTX005	matched_random_locus	GAT	G	A	T	0	42
NEG_ICCTX005_089	0	ASP000068	ICCTX005	matched_random_locus	CCA	C	C	A	0	42
NEG_ICCTX005_090	0	ASP000068	ICCTX005	matched_random_locus	GCA	G	C	A	0	42
NEG_ICCTX005_091	0	ASP000068	ICCTX005	matched_random_locus	ATT	A	T	T	0	42
NEG_ICCTX005_092	0	ASP000068	ICCTX005	matched_random_locus	AAG	A	A	G	0	42
NEG_ICCTX005_093	0	ASP000068	ICCTX005	matched_random_locus	ACA	A	C	A	0	42
NEG_ICCTX005_094	0	ASP000068	ICCTX005	matched_random_locus	ATT	A	T	T	0	42
NEG_ICCTX005_095	0	ASP000068	ICCTX005	matched_random_locus	GCG	G	C	G	0	42
NEG_ICCTX005_096	0	ASP000068	ICCTX005	matched_random_locus	TTC	T	T	C	0	42
NEG_ICCTX005_097	0	ASP000068	ICCTX005	matched_random_locus	AGC	A	G	C	0	42
NEG_ICCTX005_098	0	ASP000068	ICCTX005	matched_random_locus	TTA	T	T	A	0	42
NEG_ICCTX005_099	0	ASP000068	ICCTX005	matched_random_locus	ACT	A	C	T	1	42
NEG_ICCTX005_100	0	ASP000068	ICCTX005	matched_random_locus	AAG	A	A	G	0	42
POS_ICCTX006	1	ASP000068	ICCTX006	observed_target	TTC	T	T	C	1	42
NEG_ICCTX006_001	0	ASP000068	ICCTX006	matched_random_locus	CAT	C	A	T	0	42
NEG_ICCTX006_002	0	ASP000068	ICCTX006	matched_random_locus	AAC	A	A	C	0	42
NEG_ICCTX006_003	0	ASP000068	ICCTX006	matched_random_locus	AAG	A	A	G	0	42
NEG_ICCTX006_004	0	ASP000068	ICCTX006	matched_random_locus	CGC	C	G	C	0	42
NEG_ICCTX006_005	0	ASP000068	ICCTX006	matched_random_locus	TAA	T	A	A	0	42
NEG_ICCTX006_006	0	ASP000068	ICCTX006	matched_random_locus	TTA	T	T	A	0	42
NEG_ICCTX006_007	0	ASP000068	ICCTX006	matched_random_locus	GAA	G	A	A	1	42
NEG_ICCTX006_008	0	ASP000068	ICCTX006	matched_random_locus	TGG	T	G	G	0	42
NEG_ICCTX006_009	0	ASP000068	ICCTX006	matched_random_locus	GTT	G	T	T	0	42
NEG_ICCTX006_010	0	ASP000068	ICCTX006	matched_random_locus	GCA	G	C	A	0	42
NEG_ICCTX006_011	0	ASP000068	ICCTX006	matched_random_locus	GGG	G	G	G	0	42
NEG_ICCTX006_012	0	ASP000068	ICCTX006	matched_random_locus	CCG	C	C	G	0	42
NEG_ICCTX006_013	0	ASP000068	ICCTX006	matched_random_locus	ATG	A	T	G	1	42
NEG_ICCTX006_014	0	ASP000068	ICCTX006	matched_random_locus	GCT	G	C	T	0	42
NEG_ICCTX006_015	0	ASP000068	ICCTX006	matched_random_locus	CTT	C	T	T	0	42
NEG_ICCTX006_016	0	ASP000068	ICCTX006	matched_random_locus	CAA	C	A	A	0	42
NEG_ICCTX006_017	0	ASP000068	ICCTX006	matched_random_locus	GGA	G	G	A	0	42
NEG_ICCTX006_018	0	ASP000068	ICCTX006	matched_random_locus	TGC	T	G	C	0	42
NEG_ICCTX006_019	0	ASP000068	ICCTX006	matched_random_locus	AGT	A	G	T	0	42
NEG_ICCTX006_020	0	ASP000068	ICCTX006	matched_random_locus	ACT	A	C	T	0	42
NEG_ICCTX006_021	0	ASP000068	ICCTX006	matched_random_locus	AAG	A	A	G	0	42
NEG_ICCTX006_022	0	ASP000068	ICCTX006	matched_random_locus	GCC	G	C	C	0	42
NEG_ICCTX006_023	0	ASP000068	ICCTX006	matched_random_locus	TGA	T	G	A	0	42
NEG_ICCTX006_024	0	ASP000068	ICCTX006	matched_random_locus	CAG	C	A	G	0	42
NEG_ICCTX006_025	0	ASP000068	ICCTX006	matched_random_locus	TCA	T	C	A	0	42
NEG_ICCTX006_026	0	ASP000068	ICCTX006	matched_random_locus	TTG	T	T	G	0	42
NEG_ICCTX006_027	0	ASP000068	ICCTX006	matched_random_locus	ATT	A	T	T	1	42
NEG_ICCTX006_028	0	ASP000068	ICCTX006	matched_random_locus	TGG	T	G	G	0	42
NEG_ICCTX006_029	0	ASP000068	ICCTX006	matched_random_locus	GTA	G	T	A	0	42
NEG_ICCTX006_030	0	ASP000068	ICCTX006	matched_random_locus	CAC	C	A	C	1	42
NEG_ICCTX006_031	0	ASP000068	ICCTX006	matched_random_locus	CTC	C	T	C	0	42
NEG_ICCTX006_032	0	ASP000068	ICCTX006	matched_random_locus	GGT	G	G	T	0	42
NEG_ICCTX006_033	0	ASP000068	ICCTX006	matched_random_locus	CTC	C	T	C	0	42
NEG_ICCTX006_034	0	ASP000068	ICCTX006	matched_random_locus	CAG	C	A	G	0	42
NEG_ICCTX006_035	0	ASP000068	ICCTX006	matched_random_locus	TTT	T	T	T	1	42
NEG_ICCTX006_036	0	ASP000068	ICCTX006	matched_random_locus	TTC	T	T	C	0	42
NEG_ICCTX006_037	0	ASP000068	ICCTX006	matched_random_locus	CAC	C	A	C	0	42
NEG_ICCTX006_038	0	ASP000068	ICCTX006	matched_random_locus	GCA	G	C	A	1	42
NEG_ICCTX006_039	0	ASP000068	ICCTX006	matched_random_locus	GCC	G	C	C	0	42
NEG_ICCTX006_040	0	ASP000068	ICCTX006	matched_random_locus	TTT	T	T	T	1	42
NEG_ICCTX006_041	0	ASP000068	ICCTX006	matched_random_locus	AGG	A	G	G	0	42
NEG_ICCTX006_042	0	ASP000068	ICCTX006	matched_random_locus	TAG	T	A	G	0	42
NEG_ICCTX006_043	0	ASP000068	ICCTX006	matched_random_locus	GGC	G	G	C	0	42
NEG_ICCTX006_044	0	ASP000068	ICCTX006	matched_random_locus	GAG	G	A	G	0	42
NEG_ICCTX006_045	0	ASP000068	ICCTX006	matched_random_locus	CGG	C	G	G	0	42
NEG_ICCTX006_046	0	ASP000068	ICCTX006	matched_random_locus	ATC	A	T	C	0	42
NEG_ICCTX006_047	0	ASP000068	ICCTX006	matched_random_locus	TAT	T	A	T	1	42
NEG_ICCTX006_048	0	ASP000068	ICCTX006	matched_random_locus	ACA	A	C	A	0	42
NEG_ICCTX006_049	0	ASP000068	ICCTX006	matched_random_locus	ATA	A	T	A	0	42
NEG_ICCTX006_050	0	ASP000068	ICCTX006	matched_random_locus	TTT	T	T	T	0	42
NEG_ICCTX006_051	0	ASP000068	ICCTX006	matched_random_locus	ACC	A	C	C	0	42
NEG_ICCTX006_052	0	ASP000068	ICCTX006	matched_random_locus	GTA	G	T	A	0	42
NEG_ICCTX006_053	0	ASP000068	ICCTX006	matched_random_locus	AAC	A	A	C	0	42
NEG_ICCTX006_054	0	ASP000068	ICCTX006	matched_random_locus	CAT	C	A	T	1	42
NEG_ICCTX006_055	0	ASP000068	ICCTX006	matched_random_locus	ACA	A	C	A	0	42
NEG_ICCTX006_056	0	ASP000068	ICCTX006	matched_random_locus	TCG	T	C	G	0	42
NEG_ICCTX006_057	0	ASP000068	ICCTX006	matched_random_locus	CCT	C	C	T	0	42
NEG_ICCTX006_058	0	ASP000068	ICCTX006	matched_random_locus	GAC	G	A	C	0	42
NEG_ICCTX006_059	0	ASP000068	ICCTX006	matched_random_locus	ACA	A	C	A	0	42
NEG_ICCTX006_060	0	ASP000068	ICCTX006	matched_random_locus	GGA	G	G	A	0	42
NEG_ICCTX006_061	0	ASP000068	ICCTX006	matched_random_locus	TCG	T	C	G	0	42
NEG_ICCTX006_062	0	ASP000068	ICCTX006	matched_random_locus	ATT	A	T	T	0	42
NEG_ICCTX006_063	0	ASP000068	ICCTX006	matched_random_locus	ATC	A	T	C	0	42
NEG_ICCTX006_064	0	ASP000068	ICCTX006	matched_random_locus	CAA	C	A	A	0	42
NEG_ICCTX006_065	0	ASP000068	ICCTX006	matched_random_locus	CCG	C	C	G	1	42
NEG_ICCTX006_066	0	ASP000068	ICCTX006	matched_random_locus	TTA	T	T	A	0	42
NEG_ICCTX006_067	0	ASP000068	ICCTX006	matched_random_locus	GGG	G	G	G	0	42
NEG_ICCTX006_068	0	ASP000068	ICCTX006	matched_random_locus	TCT	T	C	T	0	42
NEG_ICCTX006_069	0	ASP000068	ICCTX006	matched_random_locus	GAA	G	A	A	0	42
NEG_ICCTX006_070	0	ASP000068	ICCTX006	matched_random_locus	CAT	C	A	T	1	42
NEG_ICCTX006_071	0	ASP000068	ICCTX006	matched_random_locus	CGA	C	G	A	0	42
NEG_ICCTX006_072	0	ASP000068	ICCTX006	matched_random_locus	GCA	G	C	A	1	42
NEG_ICCTX006_073	0	ASP000068	ICCTX006	matched_random_locus	CAC	C	A	C	0	42
NEG_ICCTX006_074	0	ASP000068	ICCTX006	matched_random_locus	TCT	T	C	T	0	42
NEG_ICCTX006_075	0	ASP000068	ICCTX006	matched_random_locus	TAA	T	A	A	0	42
NEG_ICCTX006_076	0	ASP000068	ICCTX006	matched_random_locus	AAT	A	A	T	0	42
NEG_ICCTX006_077	0	ASP000068	ICCTX006	matched_random_locus	GCT	G	C	T	0	42
NEG_ICCTX006_078	0	ASP000068	ICCTX006	matched_random_locus	ATT	A	T	T	0	42
NEG_ICCTX006_079	0	ASP000068	ICCTX006	matched_random_locus	GAT	G	A	T	0	42
NEG_ICCTX006_080	0	ASP000068	ICCTX006	matched_random_locus	CGG	C	G	G	0	42
NEG_ICCTX006_081	0	ASP000068	ICCTX006	matched_random_locus	TCT	T	C	T	0	42
NEG_ICCTX006_082	0	ASP000068	ICCTX006	matched_random_locus	AGC	A	G	C	0	42
NEG_ICCTX006_083	0	ASP000068	ICCTX006	matched_random_locus	AGG	A	G	G	0	42
NEG_ICCTX006_084	0	ASP000068	ICCTX006	matched_random_locus	AGG	A	G	G	0	42
NEG_ICCTX006_085	0	ASP000068	ICCTX006	matched_random_locus	TTC	T	T	C	0	42
NEG_ICCTX006_086	0	ASP000068	ICCTX006	matched_random_locus	TCA	T	C	A	0	42
NEG_ICCTX006_087	0	ASP000068	ICCTX006	matched_random_locus	GTC	G	T	C	1	42
NEG_ICCTX006_088	0	ASP000068	ICCTX006	matched_random_locus	TAC	T	A	C	0	42
NEG_ICCTX006_089	0	ASP000068	ICCTX006	matched_random_locus	ATA	A	T	A	0	42
NEG_ICCTX006_090	0	ASP000068	ICCTX006	matched_random_locus	TAC	T	A	C	0	42
NEG_ICCTX006_091	0	ASP000068	ICCTX006	matched_random_locus	TAT	T	A	T	0	42
NEG_ICCTX006_092	0	ASP000068	ICCTX006	matched_random_locus	CAG	C	A	G	1	42
NEG_ICCTX006_093	0	ASP000068	ICCTX006	matched_random_locus	GCT	G	C	T	0	42
NEG_ICCTX006_094	0	ASP000068	ICCTX006	matched_random_locus	GAC	G	A	C	0	42
NEG_ICCTX006_095	0	ASP000068	ICCTX006	matched_random_locus	ACG	A	C	G	0	42
NEG_ICCTX006_096	0	ASP000068	ICCTX006	matched_random_locus	GTG	G	T	G	1	42
NEG_ICCTX006_097	0	ASP000068	ICCTX006	matched_random_locus	AAA	A	A	A	0	42
NEG_ICCTX006_098	0	ASP000068	ICCTX006	matched_random_locus	GCA	G	C	A	0	42
NEG_ICCTX006_099	0	ASP000068	ICCTX006	matched_random_locus	TCC	T	C	C	0	42
NEG_ICCTX006_100	0	ASP000068	ICCTX006	matched_random_locus	TCC	T	C	C	0	42
POS_ICCTX007	1	ASP000074	ICCTX007	observed_target	TTC	T	T	C	1	42
NEG_ICCTX007_001	0	ASP000074	ICCTX007	matched_random_locus	CTT	C	T	T	1	42
NEG_ICCTX007_002	0	ASP000074	ICCTX007	matched_random_locus	CTC	C	T	C	0	42
NEG_ICCTX007_003	0	ASP000074	ICCTX007	matched_random_locus	CTT	C	T	T	0	42
NEG_ICCTX007_004	0	ASP000074	ICCTX007	matched_random_locus	TGA	T	G	A	0	42
NEG_ICCTX007_005	0	ASP000074	ICCTX007	matched_random_locus	CCA	C	C	A	0	42
NEG_ICCTX007_006	0	ASP000074	ICCTX007	matched_random_locus	AGT	A	G	T	0	42
NEG_ICCTX007_007	0	ASP000074	ICCTX007	matched_random_locus	ATT	A	T	T	1	42
NEG_ICCTX007_008	0	ASP000074	ICCTX007	matched_random_locus	GTA	G	T	A	0	42
NEG_ICCTX007_009	0	ASP000074	ICCTX007	matched_random_locus	GAC	G	A	C	0	42
NEG_ICCTX007_010	0	ASP000074	ICCTX007	matched_random_locus	GTT	G	T	T	1	42
NEG_ICCTX007_011	0	ASP000074	ICCTX007	matched_random_locus	CTA	C	T	A	0	42
NEG_ICCTX007_012	0	ASP000074	ICCTX007	matched_random_locus	GCT	G	C	T	1	42
NEG_ICCTX007_013	0	ASP000074	ICCTX007	matched_random_locus	GAT	G	A	T	0	42
NEG_ICCTX007_014	0	ASP000074	ICCTX007	matched_random_locus	CTA	C	T	A	0	42
NEG_ICCTX007_015	0	ASP000074	ICCTX007	matched_random_locus	CAA	C	A	A	0	42
NEG_ICCTX007_016	0	ASP000074	ICCTX007	matched_random_locus	GTA	G	T	A	0	42
NEG_ICCTX007_017	0	ASP000074	ICCTX007	matched_random_locus	ACC	A	C	C	0	42
NEG_ICCTX007_018	0	ASP000074	ICCTX007	matched_random_locus	TTG	T	T	G	1	42
NEG_ICCTX007_019	0	ASP000074	ICCTX007	matched_random_locus	GCC	G	C	C	0	42
NEG_ICCTX007_020	0	ASP000074	ICCTX007	matched_random_locus	GCT	G	C	T	0	42
NEG_ICCTX007_021	0	ASP000074	ICCTX007	matched_random_locus	TAG	T	A	G	1	42
NEG_ICCTX007_022	0	ASP000074	ICCTX007	matched_random_locus	TTC	T	T	C	0	42
NEG_ICCTX007_023	0	ASP000074	ICCTX007	matched_random_locus	TGA	T	G	A	0	42
NEG_ICCTX007_024	0	ASP000074	ICCTX007	matched_random_locus	AAT	A	A	T	1	42
NEG_ICCTX007_025	0	ASP000074	ICCTX007	matched_random_locus	GGT	G	G	T	1	42
NEG_ICCTX007_026	0	ASP000074	ICCTX007	matched_random_locus	AGC	A	G	C	0	42
NEG_ICCTX007_027	0	ASP000074	ICCTX007	matched_random_locus	GGC	G	G	C	0	42
NEG_ICCTX007_028	0	ASP000074	ICCTX007	matched_random_locus	TGT	T	G	T	0	42
NEG_ICCTX007_029	0	ASP000074	ICCTX007	matched_random_locus	CAA	C	A	A	0	42
NEG_ICCTX007_030	0	ASP000074	ICCTX007	matched_random_locus	ATC	A	T	C	0	42
NEG_ICCTX007_031	0	ASP000074	ICCTX007	matched_random_locus	CTG	C	T	G	0	42
NEG_ICCTX007_032	0	ASP000074	ICCTX007	matched_random_locus	CTT	C	T	T	0	42
NEG_ICCTX007_033	0	ASP000074	ICCTX007	matched_random_locus	CCT	C	C	T	0	42
NEG_ICCTX007_034	0	ASP000074	ICCTX007	matched_random_locus	GCT	G	C	T	0	42
NEG_ICCTX007_035	0	ASP000074	ICCTX007	matched_random_locus	GAG	G	A	G	0	42
NEG_ICCTX007_036	0	ASP000074	ICCTX007	matched_random_locus	GAT	G	A	T	0	42
NEG_ICCTX007_037	0	ASP000074	ICCTX007	matched_random_locus	CCG	C	C	G	0	42
NEG_ICCTX007_038	0	ASP000074	ICCTX007	matched_random_locus	GCT	G	C	T	0	42
NEG_ICCTX007_039	0	ASP000074	ICCTX007	matched_random_locus	TTG	T	T	G	0	42
NEG_ICCTX007_040	0	ASP000074	ICCTX007	matched_random_locus	TAC	T	A	C	0	42
NEG_ICCTX007_041	0	ASP000074	ICCTX007	matched_random_locus	TGC	T	G	C	0	42
NEG_ICCTX007_042	0	ASP000074	ICCTX007	matched_random_locus	TTA	T	T	A	0	42
NEG_ICCTX007_043	0	ASP000074	ICCTX007	matched_random_locus	GCT	G	C	T	0	42
NEG_ICCTX007_044	0	ASP000074	ICCTX007	matched_random_locus	CAG	C	A	G	0	42
NEG_ICCTX007_045	0	ASP000074	ICCTX007	matched_random_locus	AAT	A	A	T	0	42
NEG_ICCTX007_046	0	ASP000074	ICCTX007	matched_random_locus	TGC	T	G	C	1	42
NEG_ICCTX007_047	0	ASP000074	ICCTX007	matched_random_locus	GAT	G	A	T	0	42
NEG_ICCTX007_048	0	ASP000074	ICCTX007	matched_random_locus	TGA	T	G	A	0	42
NEG_ICCTX007_049	0	ASP000074	ICCTX007	matched_random_locus	TAA	T	A	A	1	42
NEG_ICCTX007_050	0	ASP000074	ICCTX007	matched_random_locus	TCG	T	C	G	0	42
NEG_ICCTX007_051	0	ASP000074	ICCTX007	matched_random_locus	CAA	C	A	A	0	42
NEG_ICCTX007_052	0	ASP000074	ICCTX007	matched_random_locus	GTA	G	T	A	0	42
NEG_ICCTX007_053	0	ASP000074	ICCTX007	matched_random_locus	GAC	G	A	C	0	42
NEG_ICCTX007_054	0	ASP000074	ICCTX007	matched_random_locus	GGT	G	G	T	1	42
NEG_ICCTX007_055	0	ASP000074	ICCTX007	matched_random_locus	TTT	T	T	T	0	42
NEG_ICCTX007_056	0	ASP000074	ICCTX007	matched_random_locus	TAT	T	A	T	0	42
NEG_ICCTX007_057	0	ASP000074	ICCTX007	matched_random_locus	AAC	A	A	C	0	42
NEG_ICCTX007_058	0	ASP000074	ICCTX007	matched_random_locus	ATG	A	T	G	0	42
NEG_ICCTX007_059	0	ASP000074	ICCTX007	matched_random_locus	TAC	T	A	C	0	42
NEG_ICCTX007_060	0	ASP000074	ICCTX007	matched_random_locus	GCA	G	C	A	0	42
NEG_ICCTX007_061	0	ASP000074	ICCTX007	matched_random_locus	ACG	A	C	G	1	42
NEG_ICCTX007_062	0	ASP000074	ICCTX007	matched_random_locus	CGG	C	G	G	0	42
NEG_ICCTX007_063	0	ASP000074	ICCTX007	matched_random_locus	CCT	C	C	T	0	42
NEG_ICCTX007_064	0	ASP000074	ICCTX007	matched_random_locus	TTC	T	T	C	0	42
NEG_ICCTX007_065	0	ASP000074	ICCTX007	matched_random_locus	AAT	A	A	T	0	42
NEG_ICCTX007_066	0	ASP000074	ICCTX007	matched_random_locus	ATT	A	T	T	0	42
NEG_ICCTX007_067	0	ASP000074	ICCTX007	matched_random_locus	GAC	G	A	C	0	42
NEG_ICCTX007_068	0	ASP000074	ICCTX007	matched_random_locus	CGC	C	G	C	0	42
NEG_ICCTX007_069	0	ASP000074	ICCTX007	matched_random_locus	CAT	C	A	T	0	42
NEG_ICCTX007_070	0	ASP000074	ICCTX007	matched_random_locus	CTG	C	T	G	1	42
NEG_ICCTX007_071	0	ASP000074	ICCTX007	matched_random_locus	AAT	A	A	T	0	42
NEG_ICCTX007_072	0	ASP000074	ICCTX007	matched_random_locus	TTG	T	T	G	0	42
NEG_ICCTX007_073	0	ASP000074	ICCTX007	matched_random_locus	AAA	A	A	A	0	42
NEG_ICCTX007_074	0	ASP000074	ICCTX007	matched_random_locus	GAA	G	A	A	0	42
NEG_ICCTX007_075	0	ASP000074	ICCTX007	matched_random_locus	CAG	C	A	G	0	42
NEG_ICCTX007_076	0	ASP000074	ICCTX007	matched_random_locus	TCT	T	C	T	0	42
NEG_ICCTX007_077	0	ASP000074	ICCTX007	matched_random_locus	GTG	G	T	G	1	42
NEG_ICCTX007_078	0	ASP000074	ICCTX007	matched_random_locus	GCA	G	C	A	1	42
NEG_ICCTX007_079	0	ASP000074	ICCTX007	matched_random_locus	TGA	T	G	A	0	42
NEG_ICCTX007_080	0	ASP000074	ICCTX007	matched_random_locus	TCA	T	C	A	1	42
NEG_ICCTX007_081	0	ASP000074	ICCTX007	matched_random_locus	ATC	A	T	C	0	42
NEG_ICCTX007_082	0	ASP000074	ICCTX007	matched_random_locus	CCC	C	C	C	0	42
NEG_ICCTX007_083	0	ASP000074	ICCTX007	matched_random_locus	GTC	G	T	C	0	42
NEG_ICCTX007_084	0	ASP000074	ICCTX007	matched_random_locus	AGT	A	G	T	0	42
NEG_ICCTX007_085	0	ASP000074	ICCTX007	matched_random_locus	TCC	T	C	C	0	42
NEG_ICCTX007_086	0	ASP000074	ICCTX007	matched_random_locus	CGA	C	G	A	0	42
NEG_ICCTX007_087	0	ASP000074	ICCTX007	matched_random_locus	AAT	A	A	T	1	42
NEG_ICCTX007_088	0	ASP000074	ICCTX007	matched_random_locus	AAT	A	A	T	0	42
NEG_ICCTX007_089	0	ASP000074	ICCTX007	matched_random_locus	GCT	G	C	T	0	42
NEG_ICCTX007_090	0	ASP000074	ICCTX007	matched_random_locus	CTT	C	T	T	0	42
NEG_ICCTX007_091	0	ASP000074	ICCTX007	matched_random_locus	GCT	G	C	T	0	42
NEG_ICCTX007_092	0	ASP000074	ICCTX007	matched_random_locus	TCA	T	C	A	0	42
NEG_ICCTX007_093	0	ASP000074	ICCTX007	matched_random_locus	TAT	T	A	T	1	42
NEG_ICCTX007_094	0	ASP000074	ICCTX007	matched_random_locus	TTT	T	T	T	0	42
NEG_ICCTX007_095	0	ASP000074	ICCTX007	matched_random_locus	TCC	T	C	C	0	42
NEG_ICCTX007_096	0	ASP000074	ICCTX007	matched_random_locus	TAA	T	A	A	0	42
NEG_ICCTX007_097	0	ASP000074	ICCTX007	matched_random_locus	CTT	C	T	T	0	42
NEG_ICCTX007_098	0	ASP000074	ICCTX007	matched_random_locus	GGG	G	G	G	0	42
NEG_ICCTX007_099	0	ASP000074	ICCTX007	matched_random_locus	AAT	A	A	T	0	42
NEG_ICCTX007_100	0	ASP000074	ICCTX007	matched_random_locus	GAG	G	A	G	0	42
POS_ICCTX008	1	ASP000086	ICCTX008	observed_target	TTC	T	T	C	1	42
NEG_ICCTX008_001	0	ASP000086	ICCTX008	matched_random_locus	TAT	T	A	T	0	42
NEG_ICCTX008_002	0	ASP000086	ICCTX008	matched_random_locus	TTA	T	T	A	0	42
NEG_ICCTX008_003	0	ASP000086	ICCTX008	matched_random_locus	AGA	A	G	A	0	42
NEG_ICCTX008_004	0	ASP000086	ICCTX008	matched_random_locus	CTG	C	T	G	0	42
NEG_ICCTX008_005	0	ASP000086	ICCTX008	matched_random_locus	CGC	C	G	C	0	42
NEG_ICCTX008_006	0	ASP000086	ICCTX008	matched_random_locus	GAA	G	A	A	0	42
NEG_ICCTX008_007	0	ASP000086	ICCTX008	matched_random_locus	CCG	C	C	G	0	42
NEG_ICCTX008_008	0	ASP000086	ICCTX008	matched_random_locus	TAT	T	A	T	0	42
NEG_ICCTX008_009	0	ASP000086	ICCTX008	matched_random_locus	TCT	T	C	T	0	42
NEG_ICCTX008_010	0	ASP000086	ICCTX008	matched_random_locus	TAA	T	A	A	1	42
NEG_ICCTX008_011	0	ASP000086	ICCTX008	matched_random_locus	GTC	G	T	C	0	42
NEG_ICCTX008_012	0	ASP000086	ICCTX008	matched_random_locus	GGA	G	G	A	0	42
NEG_ICCTX008_013	0	ASP000086	ICCTX008	matched_random_locus	GCT	G	C	T	1	42
NEG_ICCTX008_014	0	ASP000086	ICCTX008	matched_random_locus	CCC	C	C	C	0	42
NEG_ICCTX008_015	0	ASP000086	ICCTX008	matched_random_locus	AAG	A	A	G	0	42
NEG_ICCTX008_016	0	ASP000086	ICCTX008	matched_random_locus	TTG	T	T	G	1	42
NEG_ICCTX008_017	0	ASP000086	ICCTX008	matched_random_locus	GGT	G	G	T	0	42
NEG_ICCTX008_018	0	ASP000086	ICCTX008	matched_random_locus	ATC	A	T	C	1	42
NEG_ICCTX008_019	0	ASP000086	ICCTX008	matched_random_locus	GCG	G	C	G	0	42
NEG_ICCTX008_020	0	ASP000086	ICCTX008	matched_random_locus	TGA	T	G	A	0	42
NEG_ICCTX008_021	0	ASP000086	ICCTX008	matched_random_locus	ATT	A	T	T	0	42
NEG_ICCTX008_022	0	ASP000086	ICCTX008	matched_random_locus	GCA	G	C	A	1	42
NEG_ICCTX008_023	0	ASP000086	ICCTX008	matched_random_locus	ACA	A	C	A	0	42
NEG_ICCTX008_024	0	ASP000086	ICCTX008	matched_random_locus	ACC	A	C	C	0	42
NEG_ICCTX008_025	0	ASP000086	ICCTX008	matched_random_locus	AGC	A	G	C	1	42
NEG_ICCTX008_026	0	ASP000086	ICCTX008	matched_random_locus	TCG	T	C	G	0	42
NEG_ICCTX008_027	0	ASP000086	ICCTX008	matched_random_locus	AGA	A	G	A	0	42
NEG_ICCTX008_028	0	ASP000086	ICCTX008	matched_random_locus	AAA	A	A	A	0	42
NEG_ICCTX008_029	0	ASP000086	ICCTX008	matched_random_locus	CTG	C	T	G	0	42
NEG_ICCTX008_030	0	ASP000086	ICCTX008	matched_random_locus	TTG	T	T	G	0	42
NEG_ICCTX008_031	0	ASP000086	ICCTX008	matched_random_locus	ATC	A	T	C	0	42
NEG_ICCTX008_032	0	ASP000086	ICCTX008	matched_random_locus	GTG	G	T	G	0	42
NEG_ICCTX008_033	0	ASP000086	ICCTX008	matched_random_locus	AAT	A	A	T	0	42
NEG_ICCTX008_034	0	ASP000086	ICCTX008	matched_random_locus	TAT	T	A	T	0	42
NEG_ICCTX008_035	0	ASP000086	ICCTX008	matched_random_locus	TTC	T	T	C	0	42
NEG_ICCTX008_036	0	ASP000086	ICCTX008	matched_random_locus	TCG	T	C	G	0	42
NEG_ICCTX008_037	0	ASP000086	ICCTX008	matched_random_locus	CCG	C	C	G	1	42
NEG_ICCTX008_038	0	ASP000086	ICCTX008	matched_random_locus	TAA	T	A	A	0	42
NEG_ICCTX008_039	0	ASP000086	ICCTX008	matched_random_locus	CAA	C	A	A	0	42
NEG_ICCTX008_040	0	ASP000086	ICCTX008	matched_random_locus	ACA	A	C	A	0	42
NEG_ICCTX008_041	0	ASP000086	ICCTX008	matched_random_locus	CGC	C	G	C	0	42
NEG_ICCTX008_042	0	ASP000086	ICCTX008	matched_random_locus	GCG	G	C	G	0	42
NEG_ICCTX008_043	0	ASP000086	ICCTX008	matched_random_locus	CCA	C	C	A	0	42
NEG_ICCTX008_044	0	ASP000086	ICCTX008	matched_random_locus	CCG	C	C	G	0	42
NEG_ICCTX008_045	0	ASP000086	ICCTX008	matched_random_locus	AAG	A	A	G	0	42
NEG_ICCTX008_046	0	ASP000086	ICCTX008	matched_random_locus	AAT	A	A	T	0	42
NEG_ICCTX008_047	0	ASP000086	ICCTX008	matched_random_locus	AGA	A	G	A	0	42
NEG_ICCTX008_048	0	ASP000086	ICCTX008	matched_random_locus	TCA	T	C	A	0	42
NEG_ICCTX008_049	0	ASP000086	ICCTX008	matched_random_locus	CGG	C	G	G	0	42
NEG_ICCTX008_050	0	ASP000086	ICCTX008	matched_random_locus	CAC	C	A	C	0	42
NEG_ICCTX008_051	0	ASP000086	ICCTX008	matched_random_locus	AGT	A	G	T	0	42
NEG_ICCTX008_052	0	ASP000086	ICCTX008	matched_random_locus	GAA	G	A	A	0	42
NEG_ICCTX008_053	0	ASP000086	ICCTX008	matched_random_locus	ATG	A	T	G	0	42
NEG_ICCTX008_054	0	ASP000086	ICCTX008	matched_random_locus	GTT	G	T	T	0	42
NEG_ICCTX008_055	0	ASP000086	ICCTX008	matched_random_locus	AGG	A	G	G	0	42
NEG_ICCTX008_056	0	ASP000086	ICCTX008	matched_random_locus	ATT	A	T	T	0	42
NEG_ICCTX008_057	0	ASP000086	ICCTX008	matched_random_locus	ATC	A	T	C	1	42
NEG_ICCTX008_058	0	ASP000086	ICCTX008	matched_random_locus	ATA	A	T	A	0	42
NEG_ICCTX008_059	0	ASP000086	ICCTX008	matched_random_locus	TGC	T	G	C	0	42
NEG_ICCTX008_060	0	ASP000086	ICCTX008	matched_random_locus	GGA	G	G	A	1	42
NEG_ICCTX008_061	0	ASP000086	ICCTX008	matched_random_locus	TGC	T	G	C	0	42
NEG_ICCTX008_062	0	ASP000086	ICCTX008	matched_random_locus	GCT	G	C	T	0	42
NEG_ICCTX008_063	0	ASP000086	ICCTX008	matched_random_locus	TCC	T	C	C	0	42
NEG_ICCTX008_064	0	ASP000086	ICCTX008	matched_random_locus	TGC	T	G	C	1	42
NEG_ICCTX008_065	0	ASP000086	ICCTX008	matched_random_locus	ACC	A	C	C	0	42
NEG_ICCTX008_066	0	ASP000086	ICCTX008	matched_random_locus	ATC	A	T	C	0	42
NEG_ICCTX008_067	0	ASP000086	ICCTX008	matched_random_locus	GGG	G	G	G	0	42
NEG_ICCTX008_068	0	ASP000086	ICCTX008	matched_random_locus	CTT	C	T	T	0	42
NEG_ICCTX008_069	0	ASP000086	ICCTX008	matched_random_locus	CGC	C	G	C	0	42
NEG_ICCTX008_070	0	ASP000086	ICCTX008	matched_random_locus	GTC	G	T	C	0	42
NEG_ICCTX008_071	0	ASP000086	ICCTX008	matched_random_locus	AAA	A	A	A	1	42
NEG_ICCTX008_072	0	ASP000086	ICCTX008	matched_random_locus	TAA	T	A	A	0	42
NEG_ICCTX008_073	0	ASP000086	ICCTX008	matched_random_locus	GCG	G	C	G	0	42
NEG_ICCTX008_074	0	ASP000086	ICCTX008	matched_random_locus	CCG	C	C	G	1	42
NEG_ICCTX008_075	0	ASP000086	ICCTX008	matched_random_locus	CTC	C	T	C	0	42
NEG_ICCTX008_076	0	ASP000086	ICCTX008	matched_random_locus	CAA	C	A	A	0	42
NEG_ICCTX008_077	0	ASP000086	ICCTX008	matched_random_locus	CGG	C	G	G	1	42
NEG_ICCTX008_078	0	ASP000086	ICCTX008	matched_random_locus	TTG	T	T	G	0	42
NEG_ICCTX008_079	0	ASP000086	ICCTX008	matched_random_locus	GAA	G	A	A	0	42
NEG_ICCTX008_080	0	ASP000086	ICCTX008	matched_random_locus	ATC	A	T	C	0	42
NEG_ICCTX008_081	0	ASP000086	ICCTX008	matched_random_locus	AGC	A	G	C	0	42
NEG_ICCTX008_082	0	ASP000086	ICCTX008	matched_random_locus	CTG	C	T	G	0	42
NEG_ICCTX008_083	0	ASP000086	ICCTX008	matched_random_locus	AGA	A	G	A	0	42
NEG_ICCTX008_084	0	ASP000086	ICCTX008	matched_random_locus	CAA	C	A	A	0	42
NEG_ICCTX008_085	0	ASP000086	ICCTX008	matched_random_locus	TCC	T	C	C	0	42
NEG_ICCTX008_086	0	ASP000086	ICCTX008	matched_random_locus	GTT	G	T	T	0	42
NEG_ICCTX008_087	0	ASP000086	ICCTX008	matched_random_locus	CCA	C	C	A	0	42
NEG_ICCTX008_088	0	ASP000086	ICCTX008	matched_random_locus	GCA	G	C	A	0	42
NEG_ICCTX008_089	0	ASP000086	ICCTX008	matched_random_locus	AGG	A	G	G	0	42
NEG_ICCTX008_090	0	ASP000086	ICCTX008	matched_random_locus	TTG	T	T	G	0	42
NEG_ICCTX008_091	0	ASP000086	ICCTX008	matched_random_locus	TTA	T	T	A	0	42
NEG_ICCTX008_092	0	ASP000086	ICCTX008	matched_random_locus	AAT	A	A	T	0	42
NEG_ICCTX008_093	0	ASP000086	ICCTX008	matched_random_locus	GCT	G	C	T	0	42
NEG_ICCTX008_094	0	ASP000086	ICCTX008	matched_random_locus	TCA	T	C	A	0	42
NEG_ICCTX008_095	0	ASP000086	ICCTX008	matched_random_locus	CAC	C	A	C	1	42
NEG_ICCTX008_096	0	ASP000086	ICCTX008	matched_random_locus	TGA	T	G	A	0	42
NEG_ICCTX008_097	0	ASP000086	ICCTX008	matched_random_locus	TCC	T	C	C	0	42
NEG_ICCTX008_098	0	ASP000086	ICCTX008	matched_random_locus	GAA	G	A	A	0	42
NEG_ICCTX008_099	0	ASP000086	ICCTX008	matched_random_locus	GCG	G	C	G	0	42
NEG_ICCTX008_100	0	ASP000086	ICCTX008	matched_random_locus	CTT	C	T	T	0	42
POS_ICCTX009	1	ASP000086	ICCTX009	observed_target	TTC	T	T	C	1	42
NEG_ICCTX009_001	0	ASP000086	ICCTX009	matched_random_locus	TGG	T	G	G	1	42
NEG_ICCTX009_002	0	ASP000086	ICCTX009	matched_random_locus	TTG	T	T	G	1	42
NEG_ICCTX009_003	0	ASP000086	ICCTX009	matched_random_locus	ACA	A	C	A	1	42
NEG_ICCTX009_004	0	ASP000086	ICCTX009	matched_random_locus	TTC	T	T	C	1	42
NEG_ICCTX009_005	0	ASP000086	ICCTX009	matched_random_locus	ACT	A	C	T	1	42
NEG_ICCTX009_006	0	ASP000086	ICCTX009	matched_random_locus	CTT	C	T	T	1	42
NEG_ICCTX009_007	0	ASP000086	ICCTX009	matched_random_locus	CTT	C	T	T	1	42
NEG_ICCTX009_008	0	ASP000086	ICCTX009	matched_random_locus	CCT	C	C	T	1	42
NEG_ICCTX009_009	0	ASP000086	ICCTX009	matched_random_locus	TGG	T	G	G	0	42
NEG_ICCTX009_010	0	ASP000086	ICCTX009	matched_random_locus	TAA	T	A	A	0	42
NEG_ICCTX009_011	0	ASP000086	ICCTX009	matched_random_locus	TAT	T	A	T	1	42
NEG_ICCTX009_012	0	ASP000086	ICCTX009	matched_random_locus	GGA	G	G	A	0	42
NEG_ICCTX009_013	0	ASP000086	ICCTX009	matched_random_locus	CGT	C	G	T	0	42
NEG_ICCTX009_014	0	ASP000086	ICCTX009	matched_random_locus	AGG	A	G	G	0	42
NEG_ICCTX009_015	0	ASP000086	ICCTX009	matched_random_locus	AAT	A	A	T	0	42
NEG_ICCTX009_016	0	ASP000086	ICCTX009	matched_random_locus	GCG	G	C	G	0	42
NEG_ICCTX009_017	0	ASP000086	ICCTX009	matched_random_locus	AGA	A	G	A	0	42
NEG_ICCTX009_018	0	ASP000086	ICCTX009	matched_random_locus	TGT	T	G	T	1	42
NEG_ICCTX009_019	0	ASP000086	ICCTX009	matched_random_locus	AAT	A	A	T	1	42
NEG_ICCTX009_020	0	ASP000086	ICCTX009	matched_random_locus	CTT	C	T	T	1	42
NEG_ICCTX009_021	0	ASP000086	ICCTX009	matched_random_locus	TGG	T	G	G	1	42
NEG_ICCTX009_022	0	ASP000086	ICCTX009	matched_random_locus	TCG	T	C	G	0	42
NEG_ICCTX009_023	0	ASP000086	ICCTX009	matched_random_locus	TTC	T	T	C	0	42
NEG_ICCTX009_024	0	ASP000086	ICCTX009	matched_random_locus	CGT	C	G	T	0	42
NEG_ICCTX009_025	0	ASP000086	ICCTX009	matched_random_locus	CTT	C	T	T	1	42
NEG_ICCTX009_026	0	ASP000086	ICCTX009	matched_random_locus	ATT	A	T	T	1	42
NEG_ICCTX009_027	0	ASP000086	ICCTX009	matched_random_locus	TGG	T	G	G	0	42
NEG_ICCTX009_028	0	ASP000086	ICCTX009	matched_random_locus	TCT	T	C	T	0	42
NEG_ICCTX009_029	0	ASP000086	ICCTX009	matched_random_locus	TTT	T	T	T	0	42
NEG_ICCTX009_030	0	ASP000086	ICCTX009	matched_random_locus	GAG	G	A	G	1	42
NEG_ICCTX009_031	0	ASP000086	ICCTX009	matched_random_locus	GTA	G	T	A	1	42
NEG_ICCTX009_032	0	ASP000086	ICCTX009	matched_random_locus	AAT	A	A	T	1	42
NEG_ICCTX009_033	0	ASP000086	ICCTX009	matched_random_locus	TAA	T	A	A	0	42
NEG_ICCTX009_034	0	ASP000086	ICCTX009	matched_random_locus	GAG	G	A	G	1	42
NEG_ICCTX009_035	0	ASP000086	ICCTX009	matched_random_locus	AAA	A	A	A	1	42
NEG_ICCTX009_036	0	ASP000086	ICCTX009	matched_random_locus	GTC	G	T	C	0	42
NEG_ICCTX009_037	0	ASP000086	ICCTX009	matched_random_locus	ACA	A	C	A	1	42
NEG_ICCTX009_038	0	ASP000086	ICCTX009	matched_random_locus	CTC	C	T	C	0	42
NEG_ICCTX009_039	0	ASP000086	ICCTX009	matched_random_locus	TTA	T	T	A	1	42
NEG_ICCTX009_040	0	ASP000086	ICCTX009	matched_random_locus	AAA	A	A	A	1	42
NEG_ICCTX009_041	0	ASP000086	ICCTX009	matched_random_locus	GGA	G	G	A	0	42
NEG_ICCTX009_042	0	ASP000086	ICCTX009	matched_random_locus	TGC	T	G	C	1	42
NEG_ICCTX009_043	0	ASP000086	ICCTX009	matched_random_locus	ATG	A	T	G	1	42
NEG_ICCTX009_044	0	ASP000086	ICCTX009	matched_random_locus	GGC	G	G	C	0	42
NEG_ICCTX009_045	0	ASP000086	ICCTX009	matched_random_locus	CGT	C	G	T	1	42
NEG_ICCTX009_046	0	ASP000086	ICCTX009	matched_random_locus	CCA	C	C	A	1	42
NEG_ICCTX009_047	0	ASP000086	ICCTX009	matched_random_locus	CCT	C	C	T	0	42
NEG_ICCTX009_048	0	ASP000086	ICCTX009	matched_random_locus	ATT	A	T	T	1	42
NEG_ICCTX009_049	0	ASP000086	ICCTX009	matched_random_locus	CCT	C	C	T	0	42
NEG_ICCTX009_050	0	ASP000086	ICCTX009	matched_random_locus	TGG	T	G	G	1	42
NEG_ICCTX009_051	0	ASP000086	ICCTX009	matched_random_locus	ATA	A	T	A	0	42
NEG_ICCTX009_052	0	ASP000086	ICCTX009	matched_random_locus	GTG	G	T	G	1	42
NEG_ICCTX009_053	0	ASP000086	ICCTX009	matched_random_locus	GGT	G	G	T	1	42
NEG_ICCTX009_054	0	ASP000086	ICCTX009	matched_random_locus	GCG	G	C	G	1	42
NEG_ICCTX009_055	0	ASP000086	ICCTX009	matched_random_locus	CGC	C	G	C	0	42
NEG_ICCTX009_056	0	ASP000086	ICCTX009	matched_random_locus	TTT	T	T	T	1	42
NEG_ICCTX009_057	0	ASP000086	ICCTX009	matched_random_locus	CTT	C	T	T	1	42
NEG_ICCTX009_058	0	ASP000086	ICCTX009	matched_random_locus	CAC	C	A	C	1	42
NEG_ICCTX009_059	0	ASP000086	ICCTX009	matched_random_locus	TTG	T	T	G	0	42
NEG_ICCTX009_060	0	ASP000086	ICCTX009	matched_random_locus	GTG	G	T	G	0	42
NEG_ICCTX009_061	0	ASP000086	ICCTX009	matched_random_locus	GAT	G	A	T	1	42
NEG_ICCTX009_062	0	ASP000086	ICCTX009	matched_random_locus	CAC	C	A	C	1	42
NEG_ICCTX009_063	0	ASP000086	ICCTX009	matched_random_locus	TAT	T	A	T	0	42
NEG_ICCTX009_064	0	ASP000086	ICCTX009	matched_random_locus	ATA	A	T	A	1	42
NEG_ICCTX009_065	0	ASP000086	ICCTX009	matched_random_locus	AAT	A	A	T	1	42
NEG_ICCTX009_066	0	ASP000086	ICCTX009	matched_random_locus	TTT	T	T	T	0	42
NEG_ICCTX009_067	0	ASP000086	ICCTX009	matched_random_locus	ACG	A	C	G	1	42
NEG_ICCTX009_068	0	ASP000086	ICCTX009	matched_random_locus	GTA	G	T	A	0	42
NEG_ICCTX009_069	0	ASP000086	ICCTX009	matched_random_locus	TGA	T	G	A	1	42
NEG_ICCTX009_070	0	ASP000086	ICCTX009	matched_random_locus	GAT	G	A	T	1	42
NEG_ICCTX009_071	0	ASP000086	ICCTX009	matched_random_locus	ATT	A	T	T	1	42
NEG_ICCTX009_072	0	ASP000086	ICCTX009	matched_random_locus	ACC	A	C	C	0	42
NEG_ICCTX009_073	0	ASP000086	ICCTX009	matched_random_locus	GCT	G	C	T	1	42
NEG_ICCTX009_074	0	ASP000086	ICCTX009	matched_random_locus	GGT	G	G	T	1	42
NEG_ICCTX009_075	0	ASP000086	ICCTX009	matched_random_locus	ATG	A	T	G	0	42
NEG_ICCTX009_076	0	ASP000086	ICCTX009	matched_random_locus	CGT	C	G	T	1	42
NEG_ICCTX009_077	0	ASP000086	ICCTX009	matched_random_locus	TGG	T	G	G	1	42
NEG_ICCTX009_078	0	ASP000086	ICCTX009	matched_random_locus	TTA	T	T	A	1	42
NEG_ICCTX009_079	0	ASP000086	ICCTX009	matched_random_locus	ACT	A	C	T	1	42
NEG_ICCTX009_080	0	ASP000086	ICCTX009	matched_random_locus	CGT	C	G	T	0	42
NEG_ICCTX009_081	0	ASP000086	ICCTX009	matched_random_locus	GAT	G	A	T	0	42
NEG_ICCTX009_082	0	ASP000086	ICCTX009	matched_random_locus	GGG	G	G	G	0	42
NEG_ICCTX009_083	0	ASP000086	ICCTX009	matched_random_locus	GTT	G	T	T	1	42
NEG_ICCTX009_084	0	ASP000086	ICCTX009	matched_random_locus	TAA	T	A	A	1	42
NEG_ICCTX009_085	0	ASP000086	ICCTX009	matched_random_locus	TGA	T	G	A	1	42
NEG_ICCTX009_086	0	ASP000086	ICCTX009	matched_random_locus	CTG	C	T	G	0	42
NEG_ICCTX009_087	0	ASP000086	ICCTX009	matched_random_locus	GCT	G	C	T	1	42
NEG_ICCTX009_088	0	ASP000086	ICCTX009	matched_random_locus	ACG	A	C	G	1	42
NEG_ICCTX009_089	0	ASP000086	ICCTX009	matched_random_locus	TAA	T	A	A	1	42
NEG_ICCTX009_090	0	ASP000086	ICCTX009	matched_random_locus	ACG	A	C	G	1	42
NEG_ICCTX009_091	0	ASP000086	ICCTX009	matched_random_locus	TCA	T	C	A	1	42
NEG_ICCTX009_092	0	ASP000086	ICCTX009	matched_random_locus	TAT	T	A	T	0	42
NEG_ICCTX009_093	0	ASP000086	ICCTX009	matched_random_locus	ATT	A	T	T	0	42
NEG_ICCTX009_094	0	ASP000086	ICCTX009	matched_random_locus	TTA	T	T	A	1	42
NEG_ICCTX009_095	0	ASP000086	ICCTX009	matched_random_locus	AAC	A	A	C	1	42
NEG_ICCTX009_096	0	ASP000086	ICCTX009	matched_random_locus	TGG	T	G	G	1	42
NEG_ICCTX009_097	0	ASP000086	ICCTX009	matched_random_locus	GAT	G	A	T	1	42
NEG_ICCTX009_098	0	ASP000086	ICCTX009	matched_random_locus	CTA	C	T	A	1	42
NEG_ICCTX009_099	0	ASP000086	ICCTX009	matched_random_locus	TAC	T	A	C	0	42
NEG_ICCTX009_100	0	ASP000086	ICCTX009	matched_random_locus	ACA	A	C	A	0	42
POS_ICCTX010	1	ASP000190	ICCTX010	observed_target	TTC	T	T	C	1	42
NEG_ICCTX010_001	0	ASP000190	ICCTX010	matched_random_locus	AAT	A	A	T	1	42
NEG_ICCTX010_002	0	ASP000190	ICCTX010	matched_random_locus	GTC	G	T	C	1	42
NEG_ICCTX010_003	0	ASP000190	ICCTX010	matched_random_locus	TAA	T	A	A	1	42
NEG_ICCTX010_004	0	ASP000190	ICCTX010	matched_random_locus	GCG	G	C	G	1	42
NEG_ICCTX010_005	0	ASP000190	ICCTX010	matched_random_locus	ACG	A	C	G	1	42
NEG_ICCTX010_006	0	ASP000190	ICCTX010	matched_random_locus	AGA	A	G	A	1	42
NEG_ICCTX010_007	0	ASP000190	ICCTX010	matched_random_locus	CCG	C	C	G	1	42
NEG_ICCTX010_008	0	ASP000190	ICCTX010	matched_random_locus	CCA	C	C	A	1	42
NEG_ICCTX010_009	0	ASP000190	ICCTX010	matched_random_locus	GCG	G	C	G	1	42
NEG_ICCTX010_010	0	ASP000190	ICCTX010	matched_random_locus	AGC	A	G	C	1	42
NEG_ICCTX010_011	0	ASP000190	ICCTX010	matched_random_locus	CGT	C	G	T	1	42
NEG_ICCTX010_012	0	ASP000190	ICCTX010	matched_random_locus	AGC	A	G	C	1	42
NEG_ICCTX010_013	0	ASP000190	ICCTX010	matched_random_locus	ATT	A	T	T	1	42
NEG_ICCTX010_014	0	ASP000190	ICCTX010	matched_random_locus	GAT	G	A	T	1	42
NEG_ICCTX010_015	0	ASP000190	ICCTX010	matched_random_locus	TCA	T	C	A	1	42
NEG_ICCTX010_016	0	ASP000190	ICCTX010	matched_random_locus	CCT	C	C	T	1	42
NEG_ICCTX010_017	0	ASP000190	ICCTX010	matched_random_locus	ATA	A	T	A	1	42
NEG_ICCTX010_018	0	ASP000190	ICCTX010	matched_random_locus	CCA	C	C	A	1	42
NEG_ICCTX010_019	0	ASP000190	ICCTX010	matched_random_locus	GGT	G	G	T	1	42
NEG_ICCTX010_020	0	ASP000190	ICCTX010	matched_random_locus	CGT	C	G	T	1	42
NEG_ICCTX010_021	0	ASP000190	ICCTX010	matched_random_locus	GGG	G	G	G	1	42
NEG_ICCTX010_022	0	ASP000190	ICCTX010	matched_random_locus	GGA	G	G	A	1	42
NEG_ICCTX010_023	0	ASP000190	ICCTX010	matched_random_locus	TAT	T	A	T	1	42
NEG_ICCTX010_024	0	ASP000190	ICCTX010	matched_random_locus	GAC	G	A	C	1	42
NEG_ICCTX010_025	0	ASP000190	ICCTX010	matched_random_locus	GTA	G	T	A	1	42
NEG_ICCTX010_026	0	ASP000190	ICCTX010	matched_random_locus	CAC	C	A	C	1	42
NEG_ICCTX010_027	0	ASP000190	ICCTX010	matched_random_locus	AGG	A	G	G	1	42
NEG_ICCTX010_028	0	ASP000190	ICCTX010	matched_random_locus	TAC	T	A	C	1	42
NEG_ICCTX010_029	0	ASP000190	ICCTX010	matched_random_locus	TAA	T	A	A	1	42
NEG_ICCTX010_030	0	ASP000190	ICCTX010	matched_random_locus	GAG	G	A	G	1	42
NEG_ICCTX010_031	0	ASP000190	ICCTX010	matched_random_locus	CTT	C	T	T	1	42
NEG_ICCTX010_032	0	ASP000190	ICCTX010	matched_random_locus	GGG	G	G	G	1	42
NEG_ICCTX010_033	0	ASP000190	ICCTX010	matched_random_locus	TCT	T	C	T	1	42
NEG_ICCTX010_034	0	ASP000190	ICCTX010	matched_random_locus	CTA	C	T	A	1	42
NEG_ICCTX010_035	0	ASP000190	ICCTX010	matched_random_locus	GAA	G	A	A	1	42
NEG_ICCTX010_036	0	ASP000190	ICCTX010	matched_random_locus	ACT	A	C	T	1	42
NEG_ICCTX010_037	0	ASP000190	ICCTX010	matched_random_locus	CTT	C	T	T	1	42
NEG_ICCTX010_038	0	ASP000190	ICCTX010	matched_random_locus	GCC	G	C	C	1	42
NEG_ICCTX010_039	0	ASP000190	ICCTX010	matched_random_locus	TGG	T	G	G	1	42
NEG_ICCTX010_040	0	ASP000190	ICCTX010	matched_random_locus	GGC	G	G	C	1	42
NEG_ICCTX010_041	0	ASP000190	ICCTX010	matched_random_locus	ATG	A	T	G	1	42
NEG_ICCTX010_042	0	ASP000190	ICCTX010	matched_random_locus	TCT	T	C	T	1	42
NEG_ICCTX010_043	0	ASP000190	ICCTX010	matched_random_locus	TTG	T	T	G	1	42
NEG_ICCTX010_044	0	ASP000190	ICCTX010	matched_random_locus	CTT	C	T	T	1	42
NEG_ICCTX010_045	0	ASP000190	ICCTX010	matched_random_locus	AAT	A	A	T	1	42
NEG_ICCTX010_046	0	ASP000190	ICCTX010	matched_random_locus	TAT	T	A	T	1	42
NEG_ICCTX010_047	0	ASP000190	ICCTX010	matched_random_locus	CGA	C	G	A	1	42
NEG_ICCTX010_048	0	ASP000190	ICCTX010	matched_random_locus	TTT	T	T	T	1	42
NEG_ICCTX010_049	0	ASP000190	ICCTX010	matched_random_locus	AAG	A	A	G	1	42
NEG_ICCTX010_050	0	ASP000190	ICCTX010	matched_random_locus	AAC	A	A	C	1	42
NEG_ICCTX010_051	0	ASP000190	ICCTX010	matched_random_locus	ACA	A	C	A	1	42
NEG_ICCTX010_052	0	ASP000190	ICCTX010	matched_random_locus	ATT	A	T	T	1	42
NEG_ICCTX010_053	0	ASP000190	ICCTX010	matched_random_locus	AAT	A	A	T	1	42
NEG_ICCTX010_054	0	ASP000190	ICCTX010	matched_random_locus	ACC	A	C	C	1	42
NEG_ICCTX010_055	0	ASP000190	ICCTX010	matched_random_locus	GTA	G	T	A	1	42
NEG_ICCTX010_056	0	ASP000190	ICCTX010	matched_random_locus	AAA	A	A	A	1	42
NEG_ICCTX010_057	0	ASP000190	ICCTX010	matched_random_locus	CAT	C	A	T	1	42
NEG_ICCTX010_058	0	ASP000190	ICCTX010	matched_random_locus	TTT	T	T	T	1	42
NEG_ICCTX010_059	0	ASP000190	ICCTX010	matched_random_locus	ACC	A	C	C	1	42
NEG_ICCTX010_060	0	ASP000190	ICCTX010	matched_random_locus	GCT	G	C	T	1	42
NEG_ICCTX010_061	0	ASP000190	ICCTX010	matched_random_locus	AAA	A	A	A	1	42
NEG_ICCTX010_062	0	ASP000190	ICCTX010	matched_random_locus	CCA	C	C	A	1	42
NEG_ICCTX010_063	0	ASP000190	ICCTX010	matched_random_locus	CCG	C	C	G	1	42
NEG_ICCTX010_064	0	ASP000190	ICCTX010	matched_random_locus	TTG	T	T	G	1	42
NEG_ICCTX010_065	0	ASP000190	ICCTX010	matched_random_locus	GGG	G	G	G	1	42
NEG_ICCTX010_066	0	ASP000190	ICCTX010	matched_random_locus	CGG	C	G	G	1	42
NEG_ICCTX010_067	0	ASP000190	ICCTX010	matched_random_locus	AAA	A	A	A	1	42
NEG_ICCTX010_068	0	ASP000190	ICCTX010	matched_random_locus	GGC	G	G	C	1	42
NEG_ICCTX010_069	0	ASP000190	ICCTX010	matched_random_locus	ATG	A	T	G	1	42
NEG_ICCTX010_070	0	ASP000190	ICCTX010	matched_random_locus	AGA	A	G	A	1	42
NEG_ICCTX010_071	0	ASP000190	ICCTX010	matched_random_locus	TAA	T	A	A	1	42
NEG_ICCTX010_072	0	ASP000190	ICCTX010	matched_random_locus	CCG	C	C	G	1	42
NEG_ICCTX010_073	0	ASP000190	ICCTX010	matched_random_locus	TTC	T	T	C	1	42
NEG_ICCTX010_074	0	ASP000190	ICCTX010	matched_random_locus	CGA	C	G	A	1	42
NEG_ICCTX010_075	0	ASP000190	ICCTX010	matched_random_locus	ATT	A	T	T	1	42
NEG_ICCTX010_076	0	ASP000190	ICCTX010	matched_random_locus	TTG	T	T	G	1	42
NEG_ICCTX010_077	0	ASP000190	ICCTX010	matched_random_locus	CAT	C	A	T	1	42
NEG_ICCTX010_078	0	ASP000190	ICCTX010	matched_random_locus	TTC	T	T	C	1	42
NEG_ICCTX010_079	0	ASP000190	ICCTX010	matched_random_locus	AAG	A	A	G	1	42
NEG_ICCTX010_080	0	ASP000190	ICCTX010	matched_random_locus	TCT	T	C	T	1	42
NEG_ICCTX010_081	0	ASP000190	ICCTX010	matched_random_locus	AAA	A	A	A	1	42
NEG_ICCTX010_082	0	ASP000190	ICCTX010	matched_random_locus	ACC	A	C	C	1	42
NEG_ICCTX010_083	0	ASP000190	ICCTX010	matched_random_locus	AAC	A	A	C	1	42
NEG_ICCTX010_084	0	ASP000190	ICCTX010	matched_random_locus	GGG	G	G	G	1	42
NEG_ICCTX010_085	0	ASP000190	ICCTX010	matched_random_locus	TGC	T	G	C	1	42
NEG_ICCTX010_086	0	ASP000190	ICCTX010	matched_random_locus	CCG	C	C	G	1	42
NEG_ICCTX010_087	0	ASP000190	ICCTX010	matched_random_locus	TGA	T	G	A	1	42
NEG_ICCTX010_088	0	ASP000190	ICCTX010	matched_random_locus	TGA	T	G	A	1	42
NEG_ICCTX010_089	0	ASP000190	ICCTX010	matched_random_locus	TAT	T	A	T	1	42
NEG_ICCTX010_090	0	ASP000190	ICCTX010	matched_random_locus	TTT	T	T	T	1	42
NEG_ICCTX010_091	0	ASP000190	ICCTX010	matched_random_locus	TAT	T	A	T	1	42
NEG_ICCTX010_092	0	ASP000190	ICCTX010	matched_random_locus	TGG	T	G	G	1	42
NEG_ICCTX010_093	0	ASP000190	ICCTX010	matched_random_locus	GCC	G	C	C	1	42
NEG_ICCTX010_094	0	ASP000190	ICCTX010	matched_random_locus	GGG	G	G	G	1	42
NEG_ICCTX010_095	0	ASP000190	ICCTX010	matched_random_locus	ACG	A	C	G	1	42
NEG_ICCTX010_096	0	ASP000190	ICCTX010	matched_random_locus	CGG	C	G	G	1	42
NEG_ICCTX010_097	0	ASP000190	ICCTX010	matched_random_locus	ATT	A	T	T	1	42
NEG_ICCTX010_098	0	ASP000190	ICCTX010	matched_random_locus	ACG	A	C	G	1	42
NEG_ICCTX010_099	0	ASP000190	ICCTX010	matched_random_locus	AGG	A	G	G	1	42
NEG_ICCTX010_100	0	ASP000190	ICCTX010	matched_random_locus	CAA	C	A	A	1	42
POS_ICCTX011	1	ASP000212	ICCTX011	observed_target	TTC	T	T	C	1	42
NEG_ICCTX011_001	0	ASP000212	ICCTX011	matched_random_locus	ATT	A	T	T	0	42
NEG_ICCTX011_002	0	ASP000212	ICCTX011	matched_random_locus	GGA	G	G	A	0	42
NEG_ICCTX011_003	0	ASP000212	ICCTX011	matched_random_locus	TCT	T	C	T	1	42
NEG_ICCTX011_004	0	ASP000212	ICCTX011	matched_random_locus	CAT	C	A	T	0	42
NEG_ICCTX011_005	0	ASP000212	ICCTX011	matched_random_locus	TAA	T	A	A	0	42
NEG_ICCTX011_006	0	ASP000212	ICCTX011	matched_random_locus	CGA	C	G	A	0	42
NEG_ICCTX011_007	0	ASP000212	ICCTX011	matched_random_locus	GTT	G	T	T	1	42
NEG_ICCTX011_008	0	ASP000212	ICCTX011	matched_random_locus	ATC	A	T	C	0	42
NEG_ICCTX011_009	0	ASP000212	ICCTX011	matched_random_locus	ATG	A	T	G	1	42
NEG_ICCTX011_010	0	ASP000212	ICCTX011	matched_random_locus	CAA	C	A	A	0	42
NEG_ICCTX011_011	0	ASP000212	ICCTX011	matched_random_locus	ATT	A	T	T	0	42
NEG_ICCTX011_012	0	ASP000212	ICCTX011	matched_random_locus	TTA	T	T	A	0	42
NEG_ICCTX011_013	0	ASP000212	ICCTX011	matched_random_locus	GCT	G	C	T	0	42
NEG_ICCTX011_014	0	ASP000212	ICCTX011	matched_random_locus	TGC	T	G	C	0	42
NEG_ICCTX011_015	0	ASP000212	ICCTX011	matched_random_locus	TCC	T	C	C	0	42
NEG_ICCTX011_016	0	ASP000212	ICCTX011	matched_random_locus	GGA	G	G	A	1	42
NEG_ICCTX011_017	0	ASP000212	ICCTX011	matched_random_locus	TTT	T	T	T	0	42
NEG_ICCTX011_018	0	ASP000212	ICCTX011	matched_random_locus	ATT	A	T	T	0	42
NEG_ICCTX011_019	0	ASP000212	ICCTX011	matched_random_locus	CAT	C	A	T	0	42
NEG_ICCTX011_020	0	ASP000212	ICCTX011	matched_random_locus	CTT	C	T	T	1	42
NEG_ICCTX011_021	0	ASP000212	ICCTX011	matched_random_locus	CCA	C	C	A	0	42
NEG_ICCTX011_022	0	ASP000212	ICCTX011	matched_random_locus	AAC	A	A	C	0	42
NEG_ICCTX011_023	0	ASP000212	ICCTX011	matched_random_locus	AAA	A	A	A	0	42
NEG_ICCTX011_024	0	ASP000212	ICCTX011	matched_random_locus	CAG	C	A	G	0	42
NEG_ICCTX011_025	0	ASP000212	ICCTX011	matched_random_locus	CGA	C	G	A	0	42
NEG_ICCTX011_026	0	ASP000212	ICCTX011	matched_random_locus	TTA	T	T	A	0	42
NEG_ICCTX011_027	0	ASP000212	ICCTX011	matched_random_locus	GAT	G	A	T	0	42
NEG_ICCTX011_028	0	ASP000212	ICCTX011	matched_random_locus	CTT	C	T	T	0	42
NEG_ICCTX011_029	0	ASP000212	ICCTX011	matched_random_locus	CCA	C	C	A	1	42
NEG_ICCTX011_030	0	ASP000212	ICCTX011	matched_random_locus	AGA	A	G	A	1	42
NEG_ICCTX011_031	0	ASP000212	ICCTX011	matched_random_locus	GCA	G	C	A	0	42
NEG_ICCTX011_032	0	ASP000212	ICCTX011	matched_random_locus	TTG	T	T	G	0	42
NEG_ICCTX011_033	0	ASP000212	ICCTX011	matched_random_locus	CGA	C	G	A	1	42
NEG_ICCTX011_034	0	ASP000212	ICCTX011	matched_random_locus	TCA	T	C	A	1	42
NEG_ICCTX011_035	0	ASP000212	ICCTX011	matched_random_locus	TAG	T	A	G	0	42
NEG_ICCTX011_036	0	ASP000212	ICCTX011	matched_random_locus	GCT	G	C	T	0	42
NEG_ICCTX011_037	0	ASP000212	ICCTX011	matched_random_locus	GGT	G	G	T	0	42
NEG_ICCTX011_038	0	ASP000212	ICCTX011	matched_random_locus	ACA	A	C	A	0	42
NEG_ICCTX011_039	0	ASP000212	ICCTX011	matched_random_locus	ATA	A	T	A	0	42
NEG_ICCTX011_040	0	ASP000212	ICCTX011	matched_random_locus	TAA	T	A	A	0	42
NEG_ICCTX011_041	0	ASP000212	ICCTX011	matched_random_locus	AAA	A	A	A	0	42
NEG_ICCTX011_042	0	ASP000212	ICCTX011	matched_random_locus	AAG	A	A	G	0	42
NEG_ICCTX011_043	0	ASP000212	ICCTX011	matched_random_locus	GAA	G	A	A	0	42
NEG_ICCTX011_044	0	ASP000212	ICCTX011	matched_random_locus	TTG	T	T	G	0	42
NEG_ICCTX011_045	0	ASP000212	ICCTX011	matched_random_locus	CGA	C	G	A	0	42
NEG_ICCTX011_046	0	ASP000212	ICCTX011	matched_random_locus	TTT	T	T	T	0	42
NEG_ICCTX011_047	0	ASP000212	ICCTX011	matched_random_locus	AAA	A	A	A	1	42
NEG_ICCTX011_048	0	ASP000212	ICCTX011	matched_random_locus	TAG	T	A	G	0	42
NEG_ICCTX011_049	0	ASP000212	ICCTX011	matched_random_locus	GAG	G	A	G	0	42
NEG_ICCTX011_050	0	ASP000212	ICCTX011	matched_random_locus	TTT	T	T	T	0	42
NEG_ICCTX011_051	0	ASP000212	ICCTX011	matched_random_locus	TTT	T	T	T	0	42
NEG_ICCTX011_052	0	ASP000212	ICCTX011	matched_random_locus	AAT	A	A	T	0	42
NEG_ICCTX011_053	0	ASP000212	ICCTX011	matched_random_locus	CCA	C	C	A	1	42
NEG_ICCTX011_054	0	ASP000212	ICCTX011	matched_random_locus	TAT	T	A	T	0	42
NEG_ICCTX011_055	0	ASP000212	ICCTX011	matched_random_locus	GCC	G	C	C	1	42
NEG_ICCTX011_056	0	ASP000212	ICCTX011	matched_random_locus	CGA	C	G	A	1	42
NEG_ICCTX011_057	0	ASP000212	ICCTX011	matched_random_locus	GAG	G	A	G	0	42
NEG_ICCTX011_058	0	ASP000212	ICCTX011	matched_random_locus	GAG	G	A	G	1	42
NEG_ICCTX011_059	0	ASP000212	ICCTX011	matched_random_locus	TTG	T	T	G	1	42
NEG_ICCTX011_060	0	ASP000212	ICCTX011	matched_random_locus	TAA	T	A	A	1	42
NEG_ICCTX011_061	0	ASP000212	ICCTX011	matched_random_locus	AAC	A	A	C	0	42
NEG_ICCTX011_062	0	ASP000212	ICCTX011	matched_random_locus	CTT	C	T	T	0	42
NEG_ICCTX011_063	0	ASP000212	ICCTX011	matched_random_locus	GTC	G	T	C	0	42
NEG_ICCTX011_064	0	ASP000212	ICCTX011	matched_random_locus	GCT	G	C	T	0	42
NEG_ICCTX011_065	0	ASP000212	ICCTX011	matched_random_locus	CTT	C	T	T	0	42
NEG_ICCTX011_066	0	ASP000212	ICCTX011	matched_random_locus	AGC	A	G	C	0	42
NEG_ICCTX011_067	0	ASP000212	ICCTX011	matched_random_locus	CCG	C	C	G	0	42
NEG_ICCTX011_068	0	ASP000212	ICCTX011	matched_random_locus	TCC	T	C	C	0	42
NEG_ICCTX011_069	0	ASP000212	ICCTX011	matched_random_locus	TTC	T	T	C	1	42
NEG_ICCTX011_070	0	ASP000212	ICCTX011	matched_random_locus	AAT	A	A	T	0	42
NEG_ICCTX011_071	0	ASP000212	ICCTX011	matched_random_locus	TCT	T	C	T	0	42
NEG_ICCTX011_072	0	ASP000212	ICCTX011	matched_random_locus	TCG	T	C	G	0	42
NEG_ICCTX011_073	0	ASP000212	ICCTX011	matched_random_locus	TCC	T	C	C	0	42
NEG_ICCTX011_074	0	ASP000212	ICCTX011	matched_random_locus	CTC	C	T	C	0	42
NEG_ICCTX011_075	0	ASP000212	ICCTX011	matched_random_locus	TAG	T	A	G	0	42
NEG_ICCTX011_076	0	ASP000212	ICCTX011	matched_random_locus	AGA	A	G	A	0	42
NEG_ICCTX011_077	0	ASP000212	ICCTX011	matched_random_locus	CCA	C	C	A	0	42
NEG_ICCTX011_078	0	ASP000212	ICCTX011	matched_random_locus	GCG	G	C	G	0	42
NEG_ICCTX011_079	0	ASP000212	ICCTX011	matched_random_locus	TGA	T	G	A	0	42
NEG_ICCTX011_080	0	ASP000212	ICCTX011	matched_random_locus	ATA	A	T	A	0	42
NEG_ICCTX011_081	0	ASP000212	ICCTX011	matched_random_locus	CAG	C	A	G	0	42
NEG_ICCTX011_082	0	ASP000212	ICCTX011	matched_random_locus	TGC	T	G	C	0	42
NEG_ICCTX011_083	0	ASP000212	ICCTX011	matched_random_locus	CCG	C	C	G	0	42
NEG_ICCTX011_084	0	ASP000212	ICCTX011	matched_random_locus	CCC	C	C	C	0	42
NEG_ICCTX011_085	0	ASP000212	ICCTX011	matched_random_locus	TTG	T	T	G	0	42
NEG_ICCTX011_086	0	ASP000212	ICCTX011	matched_random_locus	TGA	T	G	A	0	42
NEG_ICCTX011_087	0	ASP000212	ICCTX011	matched_random_locus	CTT	C	T	T	0	42
NEG_ICCTX011_088	0	ASP000212	ICCTX011	matched_random_locus	ATC	A	T	C	0	42
NEG_ICCTX011_089	0	ASP000212	ICCTX011	matched_random_locus	ATA	A	T	A	0	42
NEG_ICCTX011_090	0	ASP000212	ICCTX011	matched_random_locus	ACG	A	C	G	0	42
NEG_ICCTX011_091	0	ASP000212	ICCTX011	matched_random_locus	TAA	T	A	A	0	42
NEG_ICCTX011_092	0	ASP000212	ICCTX011	matched_random_locus	GCG	G	C	G	0	42
NEG_ICCTX011_093	0	ASP000212	ICCTX011	matched_random_locus	CCC	C	C	C	0	42
NEG_ICCTX011_094	0	ASP000212	ICCTX011	matched_random_locus	CAA	C	A	A	0	42
NEG_ICCTX011_095	0	ASP000212	ICCTX011	matched_random_locus	GCA	G	C	A	0	42
NEG_ICCTX011_096	0	ASP000212	ICCTX011	matched_random_locus	ACC	A	C	C	1	42
NEG_ICCTX011_097	0	ASP000212	ICCTX011	matched_random_locus	GTC	G	T	C	0	42
NEG_ICCTX011_098	0	ASP000212	ICCTX011	matched_random_locus	TTT	T	T	T	1	42
NEG_ICCTX011_099	0	ASP000212	ICCTX011	matched_random_locus	ATG	A	T	G	0	42
NEG_ICCTX011_100	0	ASP000212	ICCTX011	matched_random_locus	ATT	A	T	T	0	42
POS_ICCTX012	1	ASP000234	ICCTX012	observed_target	TTC	T	T	C	1	42
NEG_ICCTX012_001	0	ASP000234	ICCTX012	matched_random_locus	CAT	C	A	T	0	42
NEG_ICCTX012_002	0	ASP000234	ICCTX012	matched_random_locus	TCC	T	C	C	0	42
NEG_ICCTX012_003	0	ASP000234	ICCTX012	matched_random_locus	GCC	G	C	C	0	42
NEG_ICCTX012_004	0	ASP000234	ICCTX012	matched_random_locus	GTA	G	T	A	0	42
NEG_ICCTX012_005	0	ASP000234	ICCTX012	matched_random_locus	ATC	A	T	C	0	42
NEG_ICCTX012_006	0	ASP000234	ICCTX012	matched_random_locus	TTG	T	T	G	0	42
NEG_ICCTX012_007	0	ASP000234	ICCTX012	matched_random_locus	CAG	C	A	G	0	42
NEG_ICCTX012_008	0	ASP000234	ICCTX012	matched_random_locus	AGC	A	G	C	0	42
NEG_ICCTX012_009	0	ASP000234	ICCTX012	matched_random_locus	GTA	G	T	A	0	42
NEG_ICCTX012_010	0	ASP000234	ICCTX012	matched_random_locus	CAG	C	A	G	0	42
NEG_ICCTX012_011	0	ASP000234	ICCTX012	matched_random_locus	TAT	T	A	T	1	42
NEG_ICCTX012_012	0	ASP000234	ICCTX012	matched_random_locus	ACC	A	C	C	1	42
NEG_ICCTX012_013	0	ASP000234	ICCTX012	matched_random_locus	ACG	A	C	G	0	42
NEG_ICCTX012_014	0	ASP000234	ICCTX012	matched_random_locus	TTA	T	T	A	0	42
NEG_ICCTX012_015	0	ASP000234	ICCTX012	matched_random_locus	AAT	A	A	T	0	42
NEG_ICCTX012_016	0	ASP000234	ICCTX012	matched_random_locus	CTA	C	T	A	1	42
NEG_ICCTX012_017	0	ASP000234	ICCTX012	matched_random_locus	TCT	T	C	T	0	42
NEG_ICCTX012_018	0	ASP000234	ICCTX012	matched_random_locus	ATC	A	T	C	1	42
NEG_ICCTX012_019	0	ASP000234	ICCTX012	matched_random_locus	CTC	C	T	C	0	42
NEG_ICCTX012_020	0	ASP000234	ICCTX012	matched_random_locus	GGC	G	G	C	0	42
NEG_ICCTX012_021	0	ASP000234	ICCTX012	matched_random_locus	ACT	A	C	T	0	42
NEG_ICCTX012_022	0	ASP000234	ICCTX012	matched_random_locus	GTT	G	T	T	0	42
NEG_ICCTX012_023	0	ASP000234	ICCTX012	matched_random_locus	CAC	C	A	C	0	42
NEG_ICCTX012_024	0	ASP000234	ICCTX012	matched_random_locus	TGA	T	G	A	0	42
NEG_ICCTX012_025	0	ASP000234	ICCTX012	matched_random_locus	GGC	G	G	C	1	42
NEG_ICCTX012_026	0	ASP000234	ICCTX012	matched_random_locus	ACC	A	C	C	0	42
NEG_ICCTX012_027	0	ASP000234	ICCTX012	matched_random_locus	GAA	G	A	A	1	42
NEG_ICCTX012_028	0	ASP000234	ICCTX012	matched_random_locus	GTT	G	T	T	0	42
NEG_ICCTX012_029	0	ASP000234	ICCTX012	matched_random_locus	AGG	A	G	G	1	42
NEG_ICCTX012_030	0	ASP000234	ICCTX012	matched_random_locus	GAT	G	A	T	0	42
NEG_ICCTX012_031	0	ASP000234	ICCTX012	matched_random_locus	TGG	T	G	G	0	42
NEG_ICCTX012_032	0	ASP000234	ICCTX012	matched_random_locus	AGT	A	G	T	0	42
NEG_ICCTX012_033	0	ASP000234	ICCTX012	matched_random_locus	AAT	A	A	T	0	42
NEG_ICCTX012_034	0	ASP000234	ICCTX012	matched_random_locus	CTG	C	T	G	0	42
NEG_ICCTX012_035	0	ASP000234	ICCTX012	matched_random_locus	ACA	A	C	A	0	42
NEG_ICCTX012_036	0	ASP000234	ICCTX012	matched_random_locus	TCC	T	C	C	0	42
NEG_ICCTX012_037	0	ASP000234	ICCTX012	matched_random_locus	GAC	G	A	C	0	42
NEG_ICCTX012_038	0	ASP000234	ICCTX012	matched_random_locus	ACG	A	C	G	1	42
NEG_ICCTX012_039	0	ASP000234	ICCTX012	matched_random_locus	TAC	T	A	C	0	42
NEG_ICCTX012_040	0	ASP000234	ICCTX012	matched_random_locus	ACT	A	C	T	0	42
NEG_ICCTX012_041	0	ASP000234	ICCTX012	matched_random_locus	CAA	C	A	A	0	42
NEG_ICCTX012_042	0	ASP000234	ICCTX012	matched_random_locus	TAC	T	A	C	0	42
NEG_ICCTX012_043	0	ASP000234	ICCTX012	matched_random_locus	AAA	A	A	A	0	42
NEG_ICCTX012_044	0	ASP000234	ICCTX012	matched_random_locus	AGC	A	G	C	0	42
NEG_ICCTX012_045	0	ASP000234	ICCTX012	matched_random_locus	ATG	A	T	G	0	42
NEG_ICCTX012_046	0	ASP000234	ICCTX012	matched_random_locus	CCT	C	C	T	0	42
NEG_ICCTX012_047	0	ASP000234	ICCTX012	matched_random_locus	AGC	A	G	C	0	42
NEG_ICCTX012_048	0	ASP000234	ICCTX012	matched_random_locus	CCG	C	C	G	0	42
NEG_ICCTX012_049	0	ASP000234	ICCTX012	matched_random_locus	GAG	G	A	G	0	42
NEG_ICCTX012_050	0	ASP000234	ICCTX012	matched_random_locus	CGG	C	G	G	0	42
NEG_ICCTX012_051	0	ASP000234	ICCTX012	matched_random_locus	GGA	G	G	A	0	42
NEG_ICCTX012_052	0	ASP000234	ICCTX012	matched_random_locus	AGC	A	G	C	0	42
NEG_ICCTX012_053	0	ASP000234	ICCTX012	matched_random_locus	GGC	G	G	C	1	42
NEG_ICCTX012_054	0	ASP000234	ICCTX012	matched_random_locus	GTA	G	T	A	0	42
NEG_ICCTX012_055	0	ASP000234	ICCTX012	matched_random_locus	CCA	C	C	A	0	42
NEG_ICCTX012_056	0	ASP000234	ICCTX012	matched_random_locus	CCA	C	C	A	0	42
NEG_ICCTX012_057	0	ASP000234	ICCTX012	matched_random_locus	ATG	A	T	G	1	42
NEG_ICCTX012_058	0	ASP000234	ICCTX012	matched_random_locus	CCG	C	C	G	1	42
NEG_ICCTX012_059	0	ASP000234	ICCTX012	matched_random_locus	GGA	G	G	A	1	42
NEG_ICCTX012_060	0	ASP000234	ICCTX012	matched_random_locus	GGT	G	G	T	0	42
NEG_ICCTX012_061	0	ASP000234	ICCTX012	matched_random_locus	TCC	T	C	C	0	42
NEG_ICCTX012_062	0	ASP000234	ICCTX012	matched_random_locus	GCT	G	C	T	0	42
NEG_ICCTX012_063	0	ASP000234	ICCTX012	matched_random_locus	TGA	T	G	A	0	42
NEG_ICCTX012_064	0	ASP000234	ICCTX012	matched_random_locus	AAT	A	A	T	0	42
NEG_ICCTX012_065	0	ASP000234	ICCTX012	matched_random_locus	CAC	C	A	C	1	42
NEG_ICCTX012_066	0	ASP000234	ICCTX012	matched_random_locus	TGT	T	G	T	0	42
NEG_ICCTX012_067	0	ASP000234	ICCTX012	matched_random_locus	GGA	G	G	A	0	42
NEG_ICCTX012_068	0	ASP000234	ICCTX012	matched_random_locus	AAT	A	A	T	1	42
NEG_ICCTX012_069	0	ASP000234	ICCTX012	matched_random_locus	GTC	G	T	C	0	42
NEG_ICCTX012_070	0	ASP000234	ICCTX012	matched_random_locus	GCC	G	C	C	0	42
NEG_ICCTX012_071	0	ASP000234	ICCTX012	matched_random_locus	AAG	A	A	G	1	42
NEG_ICCTX012_072	0	ASP000234	ICCTX012	matched_random_locus	TCG	T	C	G	0	42
NEG_ICCTX012_073	0	ASP000234	ICCTX012	matched_random_locus	GCA	G	C	A	0	42
NEG_ICCTX012_074	0	ASP000234	ICCTX012	matched_random_locus	ATA	A	T	A	1	42
NEG_ICCTX012_075	0	ASP000234	ICCTX012	matched_random_locus	AAC	A	A	C	0	42
NEG_ICCTX012_076	0	ASP000234	ICCTX012	matched_random_locus	GCC	G	C	C	0	42
NEG_ICCTX012_077	0	ASP000234	ICCTX012	matched_random_locus	AAA	A	A	A	0	42
NEG_ICCTX012_078	0	ASP000234	ICCTX012	matched_random_locus	CAT	C	A	T	1	42
NEG_ICCTX012_079	0	ASP000234	ICCTX012	matched_random_locus	TGA	T	G	A	1	42
NEG_ICCTX012_080	0	ASP000234	ICCTX012	matched_random_locus	TTC	T	T	C	1	42
NEG_ICCTX012_081	0	ASP000234	ICCTX012	matched_random_locus	AAA	A	A	A	0	42
NEG_ICCTX012_082	0	ASP000234	ICCTX012	matched_random_locus	CTA	C	T	A	1	42
NEG_ICCTX012_083	0	ASP000234	ICCTX012	matched_random_locus	TCG	T	C	G	0	42
NEG_ICCTX012_084	0	ASP000234	ICCTX012	matched_random_locus	TTT	T	T	T	1	42
NEG_ICCTX012_085	0	ASP000234	ICCTX012	matched_random_locus	TTA	T	T	A	1	42
NEG_ICCTX012_086	0	ASP000234	ICCTX012	matched_random_locus	AGG	A	G	G	0	42
NEG_ICCTX012_087	0	ASP000234	ICCTX012	matched_random_locus	CTT	C	T	T	0	42
NEG_ICCTX012_088	0	ASP000234	ICCTX012	matched_random_locus	AGA	A	G	A	0	42
NEG_ICCTX012_089	0	ASP000234	ICCTX012	matched_random_locus	AGC	A	G	C	0	42
NEG_ICCTX012_090	0	ASP000234	ICCTX012	matched_random_locus	ATT	A	T	T	0	42
NEG_ICCTX012_091	0	ASP000234	ICCTX012	matched_random_locus	TAA	T	A	A	0	42
NEG_ICCTX012_092	0	ASP000234	ICCTX012	matched_random_locus	CAA	C	A	A	1	42
NEG_ICCTX012_093	0	ASP000234	ICCTX012	matched_random_locus	TCA	T	C	A	1	42
NEG_ICCTX012_094	0	ASP000234	ICCTX012	matched_random_locus	AAT	A	A	T	0	42
NEG_ICCTX012_095	0	ASP000234	ICCTX012	matched_random_locus	TGC	T	G	C	1	42
NEG_ICCTX012_096	0	ASP000234	ICCTX012	matched_random_locus	CTA	C	T	A	0	42
NEG_ICCTX012_097	0	ASP000234	ICCTX012	matched_random_locus	GGG	G	G	G	0	42
NEG_ICCTX012_098	0	ASP000234	ICCTX012	matched_random_locus	TGT	T	G	T	1	42
NEG_ICCTX012_099	0	ASP000234	ICCTX012	matched_random_locus	TCG	T	C	G	0	42
NEG_ICCTX012_100	0	ASP000234	ICCTX012	matched_random_locus	TTT	T	T	T	0	42
POS_ICCTX013	1	ASP000235	ICCTX013	observed_target	TTC	T	T	C	1	42
NEG_ICCTX013_001	0	ASP000235	ICCTX013	matched_random_locus	TTG	T	T	G	0	42
NEG_ICCTX013_002	0	ASP000235	ICCTX013	matched_random_locus	AAC	A	A	C	0	42
NEG_ICCTX013_003	0	ASP000235	ICCTX013	matched_random_locus	TTC	T	T	C	0	42
NEG_ICCTX013_004	0	ASP000235	ICCTX013	matched_random_locus	GAA	G	A	A	0	42
NEG_ICCTX013_005	0	ASP000235	ICCTX013	matched_random_locus	GCT	G	C	T	0	42
NEG_ICCTX013_006	0	ASP000235	ICCTX013	matched_random_locus	GAA	G	A	A	0	42
NEG_ICCTX013_007	0	ASP000235	ICCTX013	matched_random_locus	TTC	T	T	C	0	42
NEG_ICCTX013_008	0	ASP000235	ICCTX013	matched_random_locus	GCT	G	C	T	1	42
NEG_ICCTX013_009	0	ASP000235	ICCTX013	matched_random_locus	GTT	G	T	T	0	42
NEG_ICCTX013_010	0	ASP000235	ICCTX013	matched_random_locus	ATA	A	T	A	0	42
NEG_ICCTX013_011	0	ASP000235	ICCTX013	matched_random_locus	GGT	G	G	T	0	42
NEG_ICCTX013_012	0	ASP000235	ICCTX013	matched_random_locus	TAA	T	A	A	0	42
NEG_ICCTX013_013	0	ASP000235	ICCTX013	matched_random_locus	ATC	A	T	C	0	42
NEG_ICCTX013_014	0	ASP000235	ICCTX013	matched_random_locus	ATT	A	T	T	0	42
NEG_ICCTX013_015	0	ASP000235	ICCTX013	matched_random_locus	CAG	C	A	G	0	42
NEG_ICCTX013_016	0	ASP000235	ICCTX013	matched_random_locus	TCG	T	C	G	0	42
NEG_ICCTX013_017	0	ASP000235	ICCTX013	matched_random_locus	TAG	T	A	G	0	42
NEG_ICCTX013_018	0	ASP000235	ICCTX013	matched_random_locus	CAG	C	A	G	0	42
NEG_ICCTX013_019	0	ASP000235	ICCTX013	matched_random_locus	CTC	C	T	C	0	42
NEG_ICCTX013_020	0	ASP000235	ICCTX013	matched_random_locus	TAA	T	A	A	0	42
NEG_ICCTX013_021	0	ASP000235	ICCTX013	matched_random_locus	AGA	A	G	A	0	42
NEG_ICCTX013_022	0	ASP000235	ICCTX013	matched_random_locus	TCA	T	C	A	0	42
NEG_ICCTX013_023	0	ASP000235	ICCTX013	matched_random_locus	TAA	T	A	A	1	42
NEG_ICCTX013_024	0	ASP000235	ICCTX013	matched_random_locus	TAT	T	A	T	0	42
NEG_ICCTX013_025	0	ASP000235	ICCTX013	matched_random_locus	TAT	T	A	T	0	42
NEG_ICCTX013_026	0	ASP000235	ICCTX013	matched_random_locus	TGC	T	G	C	0	42
NEG_ICCTX013_027	0	ASP000235	ICCTX013	matched_random_locus	AAA	A	A	A	1	42
NEG_ICCTX013_028	0	ASP000235	ICCTX013	matched_random_locus	ATT	A	T	T	0	42
NEG_ICCTX013_029	0	ASP000235	ICCTX013	matched_random_locus	AAA	A	A	A	1	42
NEG_ICCTX013_030	0	ASP000235	ICCTX013	matched_random_locus	TAC	T	A	C	0	42
NEG_ICCTX013_031	0	ASP000235	ICCTX013	matched_random_locus	CCT	C	C	T	0	42
NEG_ICCTX013_032	0	ASP000235	ICCTX013	matched_random_locus	CGG	C	G	G	0	42
NEG_ICCTX013_033	0	ASP000235	ICCTX013	matched_random_locus	CAC	C	A	C	0	42
NEG_ICCTX013_034	0	ASP000235	ICCTX013	matched_random_locus	AAA	A	A	A	0	42
NEG_ICCTX013_035	0	ASP000235	ICCTX013	matched_random_locus	TTC	T	T	C	0	42
NEG_ICCTX013_036	0	ASP000235	ICCTX013	matched_random_locus	GGC	G	G	C	0	42
NEG_ICCTX013_037	0	ASP000235	ICCTX013	matched_random_locus	GAA	G	A	A	0	42
NEG_ICCTX013_038	0	ASP000235	ICCTX013	matched_random_locus	ATT	A	T	T	0	42
NEG_ICCTX013_039	0	ASP000235	ICCTX013	matched_random_locus	GGT	G	G	T	0	42
NEG_ICCTX013_040	0	ASP000235	ICCTX013	matched_random_locus	GCA	G	C	A	1	42
NEG_ICCTX013_041	0	ASP000235	ICCTX013	matched_random_locus	CCA	C	C	A	0	42
NEG_ICCTX013_042	0	ASP000235	ICCTX013	matched_random_locus	GTT	G	T	T	0	42
NEG_ICCTX013_043	0	ASP000235	ICCTX013	matched_random_locus	ATG	A	T	G	0	42
NEG_ICCTX013_044	0	ASP000235	ICCTX013	matched_random_locus	CGT	C	G	T	0	42
NEG_ICCTX013_045	0	ASP000235	ICCTX013	matched_random_locus	TTT	T	T	T	0	42
NEG_ICCTX013_046	0	ASP000235	ICCTX013	matched_random_locus	TGT	T	G	T	0	42
NEG_ICCTX013_047	0	ASP000235	ICCTX013	matched_random_locus	AGC	A	G	C	0	42
NEG_ICCTX013_048	0	ASP000235	ICCTX013	matched_random_locus	CTG	C	T	G	0	42
NEG_ICCTX013_049	0	ASP000235	ICCTX013	matched_random_locus	CAT	C	A	T	0	42
NEG_ICCTX013_050	0	ASP000235	ICCTX013	matched_random_locus	ACG	A	C	G	0	42
NEG_ICCTX013_051	0	ASP000235	ICCTX013	matched_random_locus	CAT	C	A	T	0	42
NEG_ICCTX013_052	0	ASP000235	ICCTX013	matched_random_locus	TAT	T	A	T	0	42
NEG_ICCTX013_053	0	ASP000235	ICCTX013	matched_random_locus	CTC	C	T	C	0	42
NEG_ICCTX013_054	0	ASP000235	ICCTX013	matched_random_locus	CTC	C	T	C	0	42
NEG_ICCTX013_055	0	ASP000235	ICCTX013	matched_random_locus	GAG	G	A	G	0	42
NEG_ICCTX013_056	0	ASP000235	ICCTX013	matched_random_locus	TAT	T	A	T	1	42
NEG_ICCTX013_057	0	ASP000235	ICCTX013	matched_random_locus	ACT	A	C	T	0	42
NEG_ICCTX013_058	0	ASP000235	ICCTX013	matched_random_locus	AAT	A	A	T	0	42
NEG_ICCTX013_059	0	ASP000235	ICCTX013	matched_random_locus	TTA	T	T	A	0	42
NEG_ICCTX013_060	0	ASP000235	ICCTX013	matched_random_locus	GGG	G	G	G	0	42
NEG_ICCTX013_061	0	ASP000235	ICCTX013	matched_random_locus	TTT	T	T	T	1	42
NEG_ICCTX013_062	0	ASP000235	ICCTX013	matched_random_locus	ACC	A	C	C	0	42
NEG_ICCTX013_063	0	ASP000235	ICCTX013	matched_random_locus	TGA	T	G	A	0	42
NEG_ICCTX013_064	0	ASP000235	ICCTX013	matched_random_locus	CCA	C	C	A	0	42
NEG_ICCTX013_065	0	ASP000235	ICCTX013	matched_random_locus	TTC	T	T	C	0	42
NEG_ICCTX013_066	0	ASP000235	ICCTX013	matched_random_locus	CTG	C	T	G	0	42
NEG_ICCTX013_067	0	ASP000235	ICCTX013	matched_random_locus	TTG	T	T	G	0	42
NEG_ICCTX013_068	0	ASP000235	ICCTX013	matched_random_locus	TTG	T	T	G	0	42
NEG_ICCTX013_069	0	ASP000235	ICCTX013	matched_random_locus	ACA	A	C	A	0	42
NEG_ICCTX013_070	0	ASP000235	ICCTX013	matched_random_locus	CAA	C	A	A	0	42
NEG_ICCTX013_071	0	ASP000235	ICCTX013	matched_random_locus	TCT	T	C	T	0	42
NEG_ICCTX013_072	0	ASP000235	ICCTX013	matched_random_locus	CTG	C	T	G	0	42
NEG_ICCTX013_073	0	ASP000235	ICCTX013	matched_random_locus	CTC	C	T	C	0	42
NEG_ICCTX013_074	0	ASP000235	ICCTX013	matched_random_locus	GTG	G	T	G	0	42
NEG_ICCTX013_075	0	ASP000235	ICCTX013	matched_random_locus	GGG	G	G	G	0	42
NEG_ICCTX013_076	0	ASP000235	ICCTX013	matched_random_locus	GGC	G	G	C	0	42
NEG_ICCTX013_077	0	ASP000235	ICCTX013	matched_random_locus	ATC	A	T	C	0	42
NEG_ICCTX013_078	0	ASP000235	ICCTX013	matched_random_locus	TGG	T	G	G	0	42
NEG_ICCTX013_079	0	ASP000235	ICCTX013	matched_random_locus	AAT	A	A	T	0	42
NEG_ICCTX013_080	0	ASP000235	ICCTX013	matched_random_locus	ATC	A	T	C	0	42
NEG_ICCTX013_081	0	ASP000235	ICCTX013	matched_random_locus	TGC	T	G	C	0	42
NEG_ICCTX013_082	0	ASP000235	ICCTX013	matched_random_locus	GCT	G	C	T	0	42
NEG_ICCTX013_083	0	ASP000235	ICCTX013	matched_random_locus	CAC	C	A	C	0	42
NEG_ICCTX013_084	0	ASP000235	ICCTX013	matched_random_locus	AGT	A	G	T	0	42
NEG_ICCTX013_085	0	ASP000235	ICCTX013	matched_random_locus	TAT	T	A	T	0	42
NEG_ICCTX013_086	0	ASP000235	ICCTX013	matched_random_locus	AAC	A	A	C	0	42
NEG_ICCTX013_087	0	ASP000235	ICCTX013	matched_random_locus	GTG	G	T	G	0	42
NEG_ICCTX013_088	0	ASP000235	ICCTX013	matched_random_locus	TTG	T	T	G	0	42
NEG_ICCTX013_089	0	ASP000235	ICCTX013	matched_random_locus	TGA	T	G	A	0	42
NEG_ICCTX013_090	0	ASP000235	ICCTX013	matched_random_locus	ATC	A	T	C	0	42
NEG_ICCTX013_091	0	ASP000235	ICCTX013	matched_random_locus	GGG	G	G	G	0	42
NEG_ICCTX013_092	0	ASP000235	ICCTX013	matched_random_locus	GGC	G	G	C	0	42
NEG_ICCTX013_093	0	ASP000235	ICCTX013	matched_random_locus	TCA	T	C	A	0	42
NEG_ICCTX013_094	0	ASP000235	ICCTX013	matched_random_locus	CAT	C	A	T	0	42
NEG_ICCTX013_095	0	ASP000235	ICCTX013	matched_random_locus	TGG	T	G	G	0	42
NEG_ICCTX013_096	0	ASP000235	ICCTX013	matched_random_locus	TGG	T	G	G	0	42
NEG_ICCTX013_097	0	ASP000235	ICCTX013	matched_random_locus	GAA	G	A	A	0	42
NEG_ICCTX013_098	0	ASP000235	ICCTX013	matched_random_locus	AGC	A	G	C	0	42
NEG_ICCTX013_099	0	ASP000235	ICCTX013	matched_random_locus	ACG	A	C	G	1	42
NEG_ICCTX013_100	0	ASP000235	ICCTX013	matched_random_locus	CGT	C	G	T	0	42
POS_ICCTX015	1	ASP000247	ICCTX015	observed_target	TTC	T	T	C	1	42
NEG_ICCTX015_001	0	ASP000247	ICCTX015	matched_random_locus	TTC	T	T	C	1	42
NEG_ICCTX015_002	0	ASP000247	ICCTX015	matched_random_locus	CCC	C	C	C	0	42
NEG_ICCTX015_003	0	ASP000247	ICCTX015	matched_random_locus	AGA	A	G	A	0	42
NEG_ICCTX015_004	0	ASP000247	ICCTX015	matched_random_locus	ATT	A	T	T	0	42
NEG_ICCTX015_005	0	ASP000247	ICCTX015	matched_random_locus	CAA	C	A	A	1	42
NEG_ICCTX015_006	0	ASP000247	ICCTX015	matched_random_locus	TCC	T	C	C	0	42
NEG_ICCTX015_007	0	ASP000247	ICCTX015	matched_random_locus	TAG	T	A	G	1	42
NEG_ICCTX015_008	0	ASP000247	ICCTX015	matched_random_locus	AAA	A	A	A	0	42
NEG_ICCTX015_009	0	ASP000247	ICCTX015	matched_random_locus	TTT	T	T	T	0	42
NEG_ICCTX015_010	0	ASP000247	ICCTX015	matched_random_locus	GAA	G	A	A	0	42
NEG_ICCTX015_011	0	ASP000247	ICCTX015	matched_random_locus	ATA	A	T	A	0	42
NEG_ICCTX015_012	0	ASP000247	ICCTX015	matched_random_locus	CTC	C	T	C	0	42
NEG_ICCTX015_013	0	ASP000247	ICCTX015	matched_random_locus	TGT	T	G	T	1	42
NEG_ICCTX015_014	0	ASP000247	ICCTX015	matched_random_locus	TAT	T	A	T	0	42
NEG_ICCTX015_015	0	ASP000247	ICCTX015	matched_random_locus	CAC	C	A	C	0	42
NEG_ICCTX015_016	0	ASP000247	ICCTX015	matched_random_locus	ATT	A	T	T	0	42
NEG_ICCTX015_017	0	ASP000247	ICCTX015	matched_random_locus	GGC	G	G	C	0	42
NEG_ICCTX015_018	0	ASP000247	ICCTX015	matched_random_locus	CAA	C	A	A	0	42
NEG_ICCTX015_019	0	ASP000247	ICCTX015	matched_random_locus	TCT	T	C	T	1	42
NEG_ICCTX015_020	0	ASP000247	ICCTX015	matched_random_locus	GGC	G	G	C	0	42
NEG_ICCTX015_021	0	ASP000247	ICCTX015	matched_random_locus	AAA	A	A	A	0	42
NEG_ICCTX015_022	0	ASP000247	ICCTX015	matched_random_locus	AGG	A	G	G	0	42
NEG_ICCTX015_023	0	ASP000247	ICCTX015	matched_random_locus	TGC	T	G	C	0	42
NEG_ICCTX015_024	0	ASP000247	ICCTX015	matched_random_locus	AAT	A	A	T	0	42
NEG_ICCTX015_025	0	ASP000247	ICCTX015	matched_random_locus	GGA	G	G	A	0	42
NEG_ICCTX015_026	0	ASP000247	ICCTX015	matched_random_locus	GGC	G	G	C	0	42
NEG_ICCTX015_027	0	ASP000247	ICCTX015	matched_random_locus	ATG	A	T	G	0	42
NEG_ICCTX015_028	0	ASP000247	ICCTX015	matched_random_locus	GGG	G	G	G	0	42
NEG_ICCTX015_029	0	ASP000247	ICCTX015	matched_random_locus	ATT	A	T	T	1	42
NEG_ICCTX015_030	0	ASP000247	ICCTX015	matched_random_locus	GCC	G	C	C	1	42
NEG_ICCTX015_031	0	ASP000247	ICCTX015	matched_random_locus	ACT	A	C	T	0	42
NEG_ICCTX015_032	0	ASP000247	ICCTX015	matched_random_locus	AAT	A	A	T	0	42
NEG_ICCTX015_033	0	ASP000247	ICCTX015	matched_random_locus	CGG	C	G	G	0	42
NEG_ICCTX015_034	0	ASP000247	ICCTX015	matched_random_locus	TGG	T	G	G	1	42
NEG_ICCTX015_035	0	ASP000247	ICCTX015	matched_random_locus	AAG	A	A	G	0	42
NEG_ICCTX015_036	0	ASP000247	ICCTX015	matched_random_locus	TTT	T	T	T	0	42
NEG_ICCTX015_037	0	ASP000247	ICCTX015	matched_random_locus	TAC	T	A	C	1	42
NEG_ICCTX015_038	0	ASP000247	ICCTX015	matched_random_locus	GGT	G	G	T	0	42
NEG_ICCTX015_039	0	ASP000247	ICCTX015	matched_random_locus	ATT	A	T	T	0	42
NEG_ICCTX015_040	0	ASP000247	ICCTX015	matched_random_locus	TCG	T	C	G	0	42
NEG_ICCTX015_041	0	ASP000247	ICCTX015	matched_random_locus	TCG	T	C	G	0	42
NEG_ICCTX015_042	0	ASP000247	ICCTX015	matched_random_locus	TTG	T	T	G	0	42
NEG_ICCTX015_043	0	ASP000247	ICCTX015	matched_random_locus	CTA	C	T	A	0	42
NEG_ICCTX015_044	0	ASP000247	ICCTX015	matched_random_locus	TTC	T	T	C	1	42
NEG_ICCTX015_045	0	ASP000247	ICCTX015	matched_random_locus	CAT	C	A	T	0	42
NEG_ICCTX015_046	0	ASP000247	ICCTX015	matched_random_locus	TAG	T	A	G	0	42
NEG_ICCTX015_047	0	ASP000247	ICCTX015	matched_random_locus	ATG	A	T	G	0	42
NEG_ICCTX015_048	0	ASP000247	ICCTX015	matched_random_locus	GGA	G	G	A	1	42
NEG_ICCTX015_049	0	ASP000247	ICCTX015	matched_random_locus	CGG	C	G	G	0	42
NEG_ICCTX015_050	0	ASP000247	ICCTX015	matched_random_locus	AAC	A	A	C	0	42
NEG_ICCTX015_051	0	ASP000247	ICCTX015	matched_random_locus	TCT	T	C	T	0	42
NEG_ICCTX015_052	0	ASP000247	ICCTX015	matched_random_locus	CAT	C	A	T	1	42
NEG_ICCTX015_053	0	ASP000247	ICCTX015	matched_random_locus	TCA	T	C	A	0	42
NEG_ICCTX015_054	0	ASP000247	ICCTX015	matched_random_locus	TGA	T	G	A	0	42
NEG_ICCTX015_055	0	ASP000247	ICCTX015	matched_random_locus	CGG	C	G	G	0	42
NEG_ICCTX015_056	0	ASP000247	ICCTX015	matched_random_locus	GAA	G	A	A	0	42
NEG_ICCTX015_057	0	ASP000247	ICCTX015	matched_random_locus	GCC	G	C	C	0	42
NEG_ICCTX015_058	0	ASP000247	ICCTX015	matched_random_locus	AAT	A	A	T	0	42
NEG_ICCTX015_059	0	ASP000247	ICCTX015	matched_random_locus	ATT	A	T	T	0	42
NEG_ICCTX015_060	0	ASP000247	ICCTX015	matched_random_locus	ATA	A	T	A	0	42
NEG_ICCTX015_061	0	ASP000247	ICCTX015	matched_random_locus	CAA	C	A	A	0	42
NEG_ICCTX015_062	0	ASP000247	ICCTX015	matched_random_locus	GTG	G	T	G	0	42
NEG_ICCTX015_063	0	ASP000247	ICCTX015	matched_random_locus	TAT	T	A	T	0	42
NEG_ICCTX015_064	0	ASP000247	ICCTX015	matched_random_locus	GAA	G	A	A	0	42
NEG_ICCTX015_065	0	ASP000247	ICCTX015	matched_random_locus	CTT	C	T	T	0	42
NEG_ICCTX015_066	0	ASP000247	ICCTX015	matched_random_locus	TCC	T	C	C	0	42
NEG_ICCTX015_067	0	ASP000247	ICCTX015	matched_random_locus	GTA	G	T	A	0	42
NEG_ICCTX015_068	0	ASP000247	ICCTX015	matched_random_locus	CCC	C	C	C	0	42
NEG_ICCTX015_069	0	ASP000247	ICCTX015	matched_random_locus	TGA	T	G	A	0	42
NEG_ICCTX015_070	0	ASP000247	ICCTX015	matched_random_locus	GAA	G	A	A	0	42
NEG_ICCTX015_071	0	ASP000247	ICCTX015	matched_random_locus	TTA	T	T	A	0	42
NEG_ICCTX015_072	0	ASP000247	ICCTX015	matched_random_locus	ATA	A	T	A	0	42
NEG_ICCTX015_073	0	ASP000247	ICCTX015	matched_random_locus	CCA	C	C	A	0	42
NEG_ICCTX015_074	0	ASP000247	ICCTX015	matched_random_locus	AAT	A	A	T	0	42
NEG_ICCTX015_075	0	ASP000247	ICCTX015	matched_random_locus	AAT	A	A	T	0	42
NEG_ICCTX015_076	0	ASP000247	ICCTX015	matched_random_locus	CGT	C	G	T	0	42
NEG_ICCTX015_077	0	ASP000247	ICCTX015	matched_random_locus	AAA	A	A	A	0	42
NEG_ICCTX015_078	0	ASP000247	ICCTX015	matched_random_locus	CCT	C	C	T	0	42
NEG_ICCTX015_079	0	ASP000247	ICCTX015	matched_random_locus	TGG	T	G	G	0	42
NEG_ICCTX015_080	0	ASP000247	ICCTX015	matched_random_locus	AAC	A	A	C	0	42
NEG_ICCTX015_081	0	ASP000247	ICCTX015	matched_random_locus	TGC	T	G	C	0	42
NEG_ICCTX015_082	0	ASP000247	ICCTX015	matched_random_locus	GCG	G	C	G	1	42
NEG_ICCTX015_083	0	ASP000247	ICCTX015	matched_random_locus	CGT	C	G	T	0	42
NEG_ICCTX015_084	0	ASP000247	ICCTX015	matched_random_locus	ATA	A	T	A	0	42
NEG_ICCTX015_085	0	ASP000247	ICCTX015	matched_random_locus	ATG	A	T	G	0	42
NEG_ICCTX015_086	0	ASP000247	ICCTX015	matched_random_locus	GTT	G	T	T	1	42
NEG_ICCTX015_087	0	ASP000247	ICCTX015	matched_random_locus	CGA	C	G	A	0	42
NEG_ICCTX015_088	0	ASP000247	ICCTX015	matched_random_locus	TTT	T	T	T	0	42
NEG_ICCTX015_089	0	ASP000247	ICCTX015	matched_random_locus	CAG	C	A	G	0	42
NEG_ICCTX015_090	0	ASP000247	ICCTX015	matched_random_locus	GAG	G	A	G	1	42
NEG_ICCTX015_091	0	ASP000247	ICCTX015	matched_random_locus	ACA	A	C	A	0	42
NEG_ICCTX015_092	0	ASP000247	ICCTX015	matched_random_locus	ATC	A	T	C	1	42
NEG_ICCTX015_093	0	ASP000247	ICCTX015	matched_random_locus	ACG	A	C	G	0	42
NEG_ICCTX015_094	0	ASP000247	ICCTX015	matched_random_locus	AAT	A	A	T	0	42
NEG_ICCTX015_095	0	ASP000247	ICCTX015	matched_random_locus	GAG	G	A	G	0	42
NEG_ICCTX015_096	0	ASP000247	ICCTX015	matched_random_locus	TAT	T	A	T	0	42
NEG_ICCTX015_097	0	ASP000247	ICCTX015	matched_random_locus	ATG	A	T	G	0	42
NEG_ICCTX015_098	0	ASP000247	ICCTX015	matched_random_locus	GAG	G	A	G	0	42
NEG_ICCTX015_099	0	ASP000247	ICCTX015	matched_random_locus	CAT	C	A	T	0	42
NEG_ICCTX015_100	0	ASP000247	ICCTX015	matched_random_locus	AGC	A	G	C	0	42
POS_ICCTX016	1	ASP000248	ICCTX016	observed_target	TTC	T	T	C	1	42
NEG_ICCTX016_001	0	ASP000248	ICCTX016	matched_random_locus	AAC	A	A	C	0	42
NEG_ICCTX016_002	0	ASP000248	ICCTX016	matched_random_locus	GGC	G	G	C	0	42
NEG_ICCTX016_003	0	ASP000248	ICCTX016	matched_random_locus	AAA	A	A	A	0	42
NEG_ICCTX016_004	0	ASP000248	ICCTX016	matched_random_locus	TAT	T	A	T	1	42
NEG_ICCTX016_005	0	ASP000248	ICCTX016	matched_random_locus	CAT	C	A	T	0	42
NEG_ICCTX016_006	0	ASP000248	ICCTX016	matched_random_locus	AAA	A	A	A	0	42
NEG_ICCTX016_007	0	ASP000248	ICCTX016	matched_random_locus	AGC	A	G	C	0	42
NEG_ICCTX016_008	0	ASP000248	ICCTX016	matched_random_locus	AGG	A	G	G	1	42
NEG_ICCTX016_009	0	ASP000248	ICCTX016	matched_random_locus	ATT	A	T	T	0	42
NEG_ICCTX016_010	0	ASP000248	ICCTX016	matched_random_locus	GCT	G	C	T	0	42
NEG_ICCTX016_011	0	ASP000248	ICCTX016	matched_random_locus	CGA	C	G	A	0	42
NEG_ICCTX016_012	0	ASP000248	ICCTX016	matched_random_locus	CGA	C	G	A	0	42
NEG_ICCTX016_013	0	ASP000248	ICCTX016	matched_random_locus	CGG	C	G	G	0	42
NEG_ICCTX016_014	0	ASP000248	ICCTX016	matched_random_locus	GAA	G	A	A	1	42
NEG_ICCTX016_015	0	ASP000248	ICCTX016	matched_random_locus	GCA	G	C	A	1	42
NEG_ICCTX016_016	0	ASP000248	ICCTX016	matched_random_locus	CCT	C	C	T	0	42
NEG_ICCTX016_017	0	ASP000248	ICCTX016	matched_random_locus	CGA	C	G	A	0	42
NEG_ICCTX016_018	0	ASP000248	ICCTX016	matched_random_locus	GAT	G	A	T	0	42
NEG_ICCTX016_019	0	ASP000248	ICCTX016	matched_random_locus	GAT	G	A	T	1	42
NEG_ICCTX016_020	0	ASP000248	ICCTX016	matched_random_locus	TCT	T	C	T	1	42
NEG_ICCTX016_021	0	ASP000248	ICCTX016	matched_random_locus	GCG	G	C	G	0	42
NEG_ICCTX016_022	0	ASP000248	ICCTX016	matched_random_locus	GGT	G	G	T	0	42
NEG_ICCTX016_023	0	ASP000248	ICCTX016	matched_random_locus	GGT	G	G	T	0	42
NEG_ICCTX016_024	0	ASP000248	ICCTX016	matched_random_locus	AAC	A	A	C	0	42
NEG_ICCTX016_025	0	ASP000248	ICCTX016	matched_random_locus	CGA	C	G	A	0	42
NEG_ICCTX016_026	0	ASP000248	ICCTX016	matched_random_locus	GAC	G	A	C	0	42
NEG_ICCTX016_027	0	ASP000248	ICCTX016	matched_random_locus	CAG	C	A	G	1	42
NEG_ICCTX016_028	0	ASP000248	ICCTX016	matched_random_locus	TTC	T	T	C	1	42
NEG_ICCTX016_029	0	ASP000248	ICCTX016	matched_random_locus	GTT	G	T	T	0	42
NEG_ICCTX016_030	0	ASP000248	ICCTX016	matched_random_locus	TTG	T	T	G	0	42
NEG_ICCTX016_031	0	ASP000248	ICCTX016	matched_random_locus	GAA	G	A	A	0	42
NEG_ICCTX016_032	0	ASP000248	ICCTX016	matched_random_locus	ATC	A	T	C	1	42
NEG_ICCTX016_033	0	ASP000248	ICCTX016	matched_random_locus	AGG	A	G	G	0	42
NEG_ICCTX016_034	0	ASP000248	ICCTX016	matched_random_locus	TTT	T	T	T	0	42
NEG_ICCTX016_035	0	ASP000248	ICCTX016	matched_random_locus	AAG	A	A	G	0	42
NEG_ICCTX016_036	0	ASP000248	ICCTX016	matched_random_locus	CTG	C	T	G	1	42
NEG_ICCTX016_037	0	ASP000248	ICCTX016	matched_random_locus	CCG	C	C	G	0	42
NEG_ICCTX016_038	0	ASP000248	ICCTX016	matched_random_locus	CCT	C	C	T	0	42
NEG_ICCTX016_039	0	ASP000248	ICCTX016	matched_random_locus	CAT	C	A	T	0	42
NEG_ICCTX016_040	0	ASP000248	ICCTX016	matched_random_locus	GCC	G	C	C	0	42
NEG_ICCTX016_041	0	ASP000248	ICCTX016	matched_random_locus	CTC	C	T	C	0	42
NEG_ICCTX016_042	0	ASP000248	ICCTX016	matched_random_locus	ATA	A	T	A	0	42
NEG_ICCTX016_043	0	ASP000248	ICCTX016	matched_random_locus	TTA	T	T	A	0	42
NEG_ICCTX016_044	0	ASP000248	ICCTX016	matched_random_locus	TGT	T	G	T	1	42
NEG_ICCTX016_045	0	ASP000248	ICCTX016	matched_random_locus	CGT	C	G	T	0	42
NEG_ICCTX016_046	0	ASP000248	ICCTX016	matched_random_locus	GCC	G	C	C	0	42
NEG_ICCTX016_047	0	ASP000248	ICCTX016	matched_random_locus	AAA	A	A	A	0	42
NEG_ICCTX016_048	0	ASP000248	ICCTX016	matched_random_locus	ACA	A	C	A	0	42
NEG_ICCTX016_049	0	ASP000248	ICCTX016	matched_random_locus	AAA	A	A	A	0	42
NEG_ICCTX016_050	0	ASP000248	ICCTX016	matched_random_locus	CCC	C	C	C	0	42
NEG_ICCTX016_051	0	ASP000248	ICCTX016	matched_random_locus	TAT	T	A	T	1	42
NEG_ICCTX016_052	0	ASP000248	ICCTX016	matched_random_locus	ATC	A	T	C	0	42
NEG_ICCTX016_053	0	ASP000248	ICCTX016	matched_random_locus	CTG	C	T	G	0	42
NEG_ICCTX016_054	0	ASP000248	ICCTX016	matched_random_locus	AAA	A	A	A	0	42
NEG_ICCTX016_055	0	ASP000248	ICCTX016	matched_random_locus	GAA	G	A	A	0	42
NEG_ICCTX016_056	0	ASP000248	ICCTX016	matched_random_locus	CGC	C	G	C	0	42
NEG_ICCTX016_057	0	ASP000248	ICCTX016	matched_random_locus	AAA	A	A	A	0	42
NEG_ICCTX016_058	0	ASP000248	ICCTX016	matched_random_locus	CTG	C	T	G	0	42
NEG_ICCTX016_059	0	ASP000248	ICCTX016	matched_random_locus	GAA	G	A	A	0	42
NEG_ICCTX016_060	0	ASP000248	ICCTX016	matched_random_locus	TGG	T	G	G	0	42
NEG_ICCTX016_061	0	ASP000248	ICCTX016	matched_random_locus	GCA	G	C	A	0	42
NEG_ICCTX016_062	0	ASP000248	ICCTX016	matched_random_locus	ACT	A	C	T	1	42
NEG_ICCTX016_063	0	ASP000248	ICCTX016	matched_random_locus	GTC	G	T	C	0	42
NEG_ICCTX016_064	0	ASP000248	ICCTX016	matched_random_locus	TGC	T	G	C	0	42
NEG_ICCTX016_065	0	ASP000248	ICCTX016	matched_random_locus	CCA	C	C	A	0	42
NEG_ICCTX016_066	0	ASP000248	ICCTX016	matched_random_locus	CCT	C	C	T	0	42
NEG_ICCTX016_067	0	ASP000248	ICCTX016	matched_random_locus	ATC	A	T	C	0	42
NEG_ICCTX016_068	0	ASP000248	ICCTX016	matched_random_locus	GTG	G	T	G	0	42
NEG_ICCTX016_069	0	ASP000248	ICCTX016	matched_random_locus	AGA	A	G	A	0	42
NEG_ICCTX016_070	0	ASP000248	ICCTX016	matched_random_locus	AAT	A	A	T	0	42
NEG_ICCTX016_071	0	ASP000248	ICCTX016	matched_random_locus	GCC	G	C	C	0	42
NEG_ICCTX016_072	0	ASP000248	ICCTX016	matched_random_locus	TGC	T	G	C	1	42
NEG_ICCTX016_073	0	ASP000248	ICCTX016	matched_random_locus	TCA	T	C	A	0	42
NEG_ICCTX016_074	0	ASP000248	ICCTX016	matched_random_locus	CCA	C	C	A	0	42
NEG_ICCTX016_075	0	ASP000248	ICCTX016	matched_random_locus	TAC	T	A	C	0	42
NEG_ICCTX016_076	0	ASP000248	ICCTX016	matched_random_locus	ACT	A	C	T	1	42
NEG_ICCTX016_077	0	ASP000248	ICCTX016	matched_random_locus	TGT	T	G	T	0	42
NEG_ICCTX016_078	0	ASP000248	ICCTX016	matched_random_locus	ATT	A	T	T	0	42
NEG_ICCTX016_079	0	ASP000248	ICCTX016	matched_random_locus	TTA	T	T	A	1	42
NEG_ICCTX016_080	0	ASP000248	ICCTX016	matched_random_locus	CGG	C	G	G	0	42
NEG_ICCTX016_081	0	ASP000248	ICCTX016	matched_random_locus	AAT	A	A	T	0	42
NEG_ICCTX016_082	0	ASP000248	ICCTX016	matched_random_locus	GAC	G	A	C	0	42
NEG_ICCTX016_083	0	ASP000248	ICCTX016	matched_random_locus	ATA	A	T	A	0	42
NEG_ICCTX016_084	0	ASP000248	ICCTX016	matched_random_locus	GTT	G	T	T	0	42
NEG_ICCTX016_085	0	ASP000248	ICCTX016	matched_random_locus	ACG	A	C	G	0	42
NEG_ICCTX016_086	0	ASP000248	ICCTX016	matched_random_locus	AAT	A	A	T	0	42
NEG_ICCTX016_087	0	ASP000248	ICCTX016	matched_random_locus	AGT	A	G	T	0	42
NEG_ICCTX016_088	0	ASP000248	ICCTX016	matched_random_locus	CCA	C	C	A	0	42
NEG_ICCTX016_089	0	ASP000248	ICCTX016	matched_random_locus	CTG	C	T	G	0	42
NEG_ICCTX016_090	0	ASP000248	ICCTX016	matched_random_locus	TGT	T	G	T	0	42
NEG_ICCTX016_091	0	ASP000248	ICCTX016	matched_random_locus	CGG	C	G	G	0	42
NEG_ICCTX016_092	0	ASP000248	ICCTX016	matched_random_locus	TGG	T	G	G	0	42
NEG_ICCTX016_093	0	ASP000248	ICCTX016	matched_random_locus	CAG	C	A	G	0	42
NEG_ICCTX016_094	0	ASP000248	ICCTX016	matched_random_locus	TAG	T	A	G	0	42
NEG_ICCTX016_095	0	ASP000248	ICCTX016	matched_random_locus	ATA	A	T	A	0	42
NEG_ICCTX016_096	0	ASP000248	ICCTX016	matched_random_locus	TCT	T	C	T	0	42
NEG_ICCTX016_097	0	ASP000248	ICCTX016	matched_random_locus	CCC	C	C	C	0	42
NEG_ICCTX016_098	0	ASP000248	ICCTX016	matched_random_locus	CCT	C	C	T	0	42
NEG_ICCTX016_099	0	ASP000248	ICCTX016	matched_random_locus	ATG	A	T	G	0	42
NEG_ICCTX016_100	0	ASP000248	ICCTX016	matched_random_locus	GGG	G	G	G	0	42
